noteId,title,from_deck,to_deck,bucket,source
1686038120992,Climbing Stairs,Interview::LeetCode::NeetCode150::1-D DP,Interview::LeetCode::NeetCode150::13 1-D Dynamic Programming,1-D Dynamic Programming,official
1686038122344,Min Cost Climbing Stairs,Interview::LeetCode::NeetCode150::1-D DP,Interview::LeetCode::NeetCode150::13 1-D Dynamic Programming,1-D Dynamic Programming,official
1686038121248,House Robber,Interview::LeetCode::NeetCode150::1-D DP,Interview::LeetCode::NeetCode150::13 1-D Dynamic Programming,1-D Dynamic Programming,official
1686038121278,House Robber II,Interview::LeetCode::NeetCode150::1-D DP,Interview::LeetCode::NeetCode150::13 1-D Dynamic Programming,1-D Dynamic Programming,official
1686038120862,Longest Palindromic Substring,Interview::LeetCode::NeetCode150::1-D DP,Interview::LeetCode::NeetCode150::13 1-D Dynamic Programming,1-D Dynamic Programming,official
1686038122146,Palindromic Substrings,Interview::LeetCode::NeetCode150::1-D DP,Interview::LeetCode::NeetCode150::13 1-D Dynamic Programming,1-D Dynamic Programming,official
1686038121034,Decode Ways,Interview::LeetCode::NeetCode150::1-D DP,Interview::LeetCode::NeetCode150::13 1-D Dynamic Programming,1-D Dynamic Programming,official
1686038121496,Coin Change,Interview::LeetCode::NeetCode150::1-D DP,Interview::LeetCode::NeetCode150::13 1-D Dynamic Programming,1-D Dynamic Programming,official
1686038121156,Maximum Product Subarray,Interview::LeetCode::NeetCode150::1-D DP,Interview::LeetCode::NeetCode150::13 1-D Dynamic Programming,1-D Dynamic Programming,official
1686038121130,Word Break,Interview::LeetCode::NeetCode150::1-D DP,Interview::LeetCode::NeetCode150::13 1-D Dynamic Programming,1-D Dynamic Programming,official
1686038121452,Longest Increasing Subsequence,Interview::LeetCode::NeetCode150::1-D DP,Interview::LeetCode::NeetCode150::13 1-D Dynamic Programming,1-D Dynamic Programming,official
1686038121684,Partition Equal Subset Sum,Interview::LeetCode::NeetCode150::1-D DP,Interview::LeetCode::NeetCode150::13 1-D Dynamic Programming,1-D Dynamic Programming,official
1686038120976,Unique Paths,Interview::LeetCode::NeetCode150::2-D DP,Interview::LeetCode::NeetCode150::14 2-D Dynamic Programming,2-D Dynamic Programming,official
1686038123138,Longest Common Subsequence,Interview::LeetCode::NeetCode150::2-D DP,Interview::LeetCode::NeetCode150::14 2-D Dynamic Programming,2-D Dynamic Programming,official
1686038121470,Best Time to Buy and Sell Stock with Cooldown,Interview::LeetCode::NeetCode150::2-D DP,Interview::LeetCode::NeetCode150::14 2-D Dynamic Programming,2-D Dynamic Programming,official
1686038121888,Coin Change II,Interview::LeetCode::NeetCode150::2-D DP,Interview::LeetCode::NeetCode150::14 2-D Dynamic Programming,2-D Dynamic Programming,official
1686038121840,Target Sum,Interview::LeetCode::NeetCode150::2-D DP,Interview::LeetCode::NeetCode150::14 2-D Dynamic Programming,2-D Dynamic Programming,official
1686038121046,Interleaving String,Interview::LeetCode::NeetCode150::2-D DP,Interview::LeetCode::NeetCode150::14 2-D Dynamic Programming,2-D Dynamic Programming,official
1686038121510,Longest Increasing Path in a Matrix,Interview::LeetCode::NeetCode150::2-D DP,Interview::LeetCode::NeetCode150::14 2-D Dynamic Programming,2-D Dynamic Programming,official
1686038121082,Distinct Subsequences,Interview::LeetCode::NeetCode150::2-D DP,Interview::LeetCode::NeetCode150::14 2-D Dynamic Programming,2-D Dynamic Programming,official
1686038120996,Edit Distance,Interview::LeetCode::NeetCode150::2-D DP,Interview::LeetCode::NeetCode150::14 2-D Dynamic Programming,2-D Dynamic Programming,official
1686038121476,Burst Balloons,Interview::LeetCode::NeetCode150::2-D DP,Interview::LeetCode::NeetCode150::14 2-D Dynamic Programming,2-D Dynamic Programming,official
1686038120872,Regular Expression Matching,Interview::LeetCode::NeetCode150::2-D DP,Interview::LeetCode::NeetCode150::14 2-D Dynamic Programming,2-D Dynamic Programming,official
1686038121516,Reconstruct Itinerary,Interview::LeetCode::NeetCode150::Advanced Graphs,Interview::LeetCode::NeetCode150::12 Advanced Graphs,Advanced Graphs,official
1686038124020,Min Cost to Connect All Points,Interview::LeetCode::NeetCode150::Advanced Graphs,Interview::LeetCode::NeetCode150::12 Advanced Graphs,Advanced Graphs,official
1686038122338,Network Delay Time,Interview::LeetCode::NeetCode150::Advanced Graphs,Interview::LeetCode::NeetCode150::12 Advanced Graphs,Advanced Graphs,official
1686038122408,Swim in Rising Water,Interview::LeetCode::NeetCode150::Advanced Graphs,Interview::LeetCode::NeetCode150::12 Advanced Graphs,Advanced Graphs,official
1686038121390,Alien Dictionary,Interview::LeetCode::NeetCode150::Advanced Graphs,Interview::LeetCode::NeetCode150::12 Advanced Graphs,Advanced Graphs,official
1686038122426,Cheapest Flights Within K Stops,Interview::LeetCode::NeetCode150::Advanced Graphs,Interview::LeetCode::NeetCode150::12 Advanced Graphs,Advanced Graphs,official
1686038121286,Contains Duplicate,Interview::LeetCode::NeetCode150::Arrays & Hashing,Interview::LeetCode::NeetCode150::01 Arrays & Hashing,Arrays & Hashing,official
1686038121336,Valid Anagram,Interview::LeetCode::NeetCode150::Arrays & Hashing,Interview::LeetCode::NeetCode150::01 Arrays & Hashing,Arrays & Hashing,official
1686038120854,Two Sum,Interview::LeetCode::NeetCode150::Arrays & Hashing,Interview::LeetCode::NeetCode150::01 Arrays & Hashing,Arrays & Hashing,official
1686038120950,Group Anagrams,Interview::LeetCode::NeetCode150::Arrays & Hashing,Interview::LeetCode::NeetCode150::01 Arrays & Hashing,Arrays & Hashing,official
1686038121546,Top K Frequent Elements,Interview::LeetCode::NeetCode150::Arrays & Hashing,Interview::LeetCode::NeetCode150::01 Arrays & Hashing,Arrays & Hashing,official
1686038121328,Product of Array Except Self,Interview::LeetCode::NeetCode150::Arrays & Hashing,Interview::LeetCode::NeetCode150::01 Arrays & Hashing,Arrays & Hashing,official
1686038120924,Valid Sudoku,Interview::LeetCode::NeetCode150::Arrays & Hashing,Interview::LeetCode::NeetCode150::01 Arrays & Hashing,Arrays & Hashing,official
1686038121394,Encode and Decode Strings,Interview::LeetCode::NeetCode150::Arrays & Hashing,Interview::LeetCode::NeetCode150::01 Arrays & Hashing,Arrays & Hashing,official
1686038121108,Longest Consecutive Sequence,Interview::LeetCode::NeetCode150::Arrays & Hashing,Interview::LeetCode::NeetCode150::01 Arrays & Hashing,Arrays & Hashing,official
1686038121008,Subsets,Interview::LeetCode::NeetCode150::Backtracking,Interview::LeetCode::NeetCode150::09 Backtracking,Backtracking,official
1686038120930,Combination Sum,Interview::LeetCode::NeetCode150::Backtracking,Interview::LeetCode::NeetCode150::09 Backtracking,Backtracking,official
1686038120944,Permutations,Interview::LeetCode::NeetCode150::Backtracking,Interview::LeetCode::NeetCode150::09 Backtracking,Backtracking,official
1686038121032,Subsets II,Interview::LeetCode::NeetCode150::Backtracking,Interview::LeetCode::NeetCode150::09 Backtracking,Backtracking,official
1686038120932,Combination Sum II,Interview::LeetCode::NeetCode150::Backtracking,Interview::LeetCode::NeetCode150::09 Backtracking,Backtracking,official
1686038121010,Word Search,Interview::LeetCode::NeetCode150::Backtracking,Interview::LeetCode::NeetCode150::09 Backtracking,Backtracking,official
1686038121114,Palindrome Partitioning,Interview::LeetCode::NeetCode150::Backtracking,Interview::LeetCode::NeetCode150::09 Backtracking,Backtracking,official
1686038120886,Letter Combinations of a Phone Number,Interview::LeetCode::NeetCode150::Backtracking,Interview::LeetCode::NeetCode150::09 Backtracking,Backtracking,official
1686038120954,N-Queens,Interview::LeetCode::NeetCode150::Backtracking,Interview::LeetCode::NeetCode150::09 Backtracking,Backtracking,official
1686038122260,Binary Search,Interview::LeetCode::NeetCode150::Binary Search,Interview::LeetCode::NeetCode150::05 Binary Search,Binary Search,official
1686038121000,Search a 2D Matrix,Interview::LeetCode::NeetCode150::Binary Search,Interview::LeetCode::NeetCode150::05 Binary Search,Binary Search,official
1686038122602,Koko Eating Bananas,Interview::LeetCode::NeetCode150::Binary Search,Interview::LeetCode::NeetCode150::05 Binary Search,Binary Search,official
1686038121158,Find Minimum in Rotated Sorted Array,Interview::LeetCode::NeetCode150::Binary Search,Interview::LeetCode::NeetCode150::05 Binary Search,Binary Search,official
1686038120918,Search in Rotated Sorted Array,Interview::LeetCode::NeetCode150::Binary Search,Interview::LeetCode::NeetCode150::05 Binary Search,Binary Search,official
1686038122814,Time Based Key-Value Store,Interview::LeetCode::NeetCode150::Binary Search,Interview::LeetCode::NeetCode150::05 Binary Search,Binary Search,official
1686038120860,Median of Two Sorted Arrays,Interview::LeetCode::NeetCode150::Binary Search,Interview::LeetCode::NeetCode150::05 Binary Search,Binary Search,official
1686038121124,Single Number,Interview::LeetCode::NeetCode150::Bit Manipulation,Interview::LeetCode::NeetCode150::18 Bit Manipulation,Bit Manipulation,official
1686038121234,Number of 1 Bits,Interview::LeetCode::NeetCode150::Bit Manipulation,Interview::LeetCode::NeetCode150::18 Bit Manipulation,Bit Manipulation,official
1686038121528,Counting Bits,Interview::LeetCode::NeetCode150::Bit Manipulation,Interview::LeetCode::NeetCode150::18 Bit Manipulation,Bit Manipulation,official
1686038121232,Reverse Bits,Interview::LeetCode::NeetCode150::Bit Manipulation,Interview::LeetCode::NeetCode150::18 Bit Manipulation,Bit Manipulation,official
1686038121388,Missing Number,Interview::LeetCode::NeetCode150::Bit Manipulation,Interview::LeetCode::NeetCode150::18 Bit Manipulation,Bit Manipulation,official
1686038121594,Sum of Two Integers,Interview::LeetCode::NeetCode150::Bit Manipulation,Interview::LeetCode::NeetCode150::18 Bit Manipulation,Bit Manipulation,official
1686038120866,Reverse Integer,Interview::LeetCode::NeetCode150::Bit Manipulation,Interview::LeetCode::NeetCode150::18 Bit Manipulation,Bit Manipulation,official
1686038121252,Number of Islands,Interview::LeetCode::NeetCode150::Graphs,Interview::LeetCode::NeetCode150::11 Graphs,Graphs,official
1686038121118,Clone Graph,Interview::LeetCode::NeetCode150::Graphs,Interview::LeetCode::NeetCode150::11 Graphs,Graphs,official
1686038122242,Max Area of Island,Interview::LeetCode::NeetCode150::Graphs,Interview::LeetCode::NeetCode150::11 Graphs,Graphs,official
1686038121686,Pacific Atlantic Water Flow,Interview::LeetCode::NeetCode150::Graphs,Interview::LeetCode::NeetCode150::11 Graphs,Graphs,official
1686038121112,Surrounded Regions,Interview::LeetCode::NeetCode150::Graphs,Interview::LeetCode::NeetCode150::11 Graphs,Graphs,official
1686038122840,Rotting Oranges,Interview::LeetCode::NeetCode150::Graphs,Interview::LeetCode::NeetCode150::11 Graphs,Graphs,official
1686038121424,Walls and Gates,Interview::LeetCode::NeetCode150::Graphs,Interview::LeetCode::NeetCode150::11 Graphs,Graphs,official
1686038121266,Course Schedule,Interview::LeetCode::NeetCode150::Graphs,Interview::LeetCode::NeetCode150::11 Graphs,Graphs,official
1686038121272,Course Schedule II,Interview::LeetCode::NeetCode150::Graphs,Interview::LeetCode::NeetCode150::11 Graphs,Graphs,official
1686038122220,Redundant Connection,Interview::LeetCode::NeetCode150::Graphs,Interview::LeetCode::NeetCode150::11 Graphs,Graphs,official
1686038121498,Number of Connected Components in an Undirected Graph,Interview::LeetCode::NeetCode150::Graphs,Interview::LeetCode::NeetCode150::11 Graphs,Graphs,official
1686038121374,Graph Valid Tree,Interview::LeetCode::NeetCode150::Graphs,Interview::LeetCode::NeetCode150::11 Graphs,Graphs,official
1686038121106,Word Ladder,Interview::LeetCode::NeetCode150::Graphs,Interview::LeetCode::NeetCode150::11 Graphs,Graphs,official
1686038120958,Maximum Subarray,Interview::LeetCode::NeetCode150::Greedy,Interview::LeetCode::NeetCode150::15 Greedy,Greedy,official
1686038120962,Jump Game,Interview::LeetCode::NeetCode150::Greedy,Interview::LeetCode::NeetCode150::15 Greedy,Greedy,official
1686038120942,Jump Game II,Interview::LeetCode::NeetCode150::Greedy,Interview::LeetCode::NeetCode150::15 Greedy,Greedy,official
1686038121120,Gas Station,Interview::LeetCode::NeetCode150::Greedy,Interview::LeetCode::NeetCode150::15 Greedy,Greedy,official
1686038122544,Hand of Straights,Interview::LeetCode::NeetCode150::Greedy,Interview::LeetCode::NeetCode150::15 Greedy,Greedy,official
1686038124650,Merge Triplets to Form Target Triplet,Interview::LeetCode::NeetCode150::Greedy,Interview::LeetCode::NeetCode150::15 Greedy,Greedy,official
1686038122378,Partition Labels,Interview::LeetCode::NeetCode150::Greedy,Interview::LeetCode::NeetCode150::15 Greedy,Greedy,official
1686038122208,Valid Parenthesis String,Interview::LeetCode::NeetCode150::Greedy,Interview::LeetCode::NeetCode150::15 Greedy,Greedy,official
1686038122258,Kth Largest Element in a Stream,Interview::LeetCode::NeetCode150::Heap / Priority Queue,Interview::LeetCode::NeetCode150::08 Heap - Priority Queue,Heap - Priority Queue,official
1686038122944,Last Stone Weight,Interview::LeetCode::NeetCode150::Heap / Priority Queue,Interview::LeetCode::NeetCode150::08 Heap - Priority Queue,Heap - Priority Queue,official
1686038122798,K Closest Points to Origin,Interview::LeetCode::NeetCode150::Heap / Priority Queue,Interview::LeetCode::NeetCode150::08 Heap - Priority Queue,Heap - Priority Queue,official
1686038121282,Kth Largest Element in an Array,Interview::LeetCode::NeetCode150::Heap / Priority Queue,Interview::LeetCode::NeetCode150::08 Heap - Priority Queue,Heap - Priority Queue,official
1686038122094,Task Scheduler,Interview::LeetCode::NeetCode150::Heap / Priority Queue,Interview::LeetCode::NeetCode150::08 Heap - Priority Queue,Heap - Priority Queue,official
1686038121562,Design Twitter,Interview::LeetCode::NeetCode150::Heap / Priority Queue,Interview::LeetCode::NeetCode150::08 Heap - Priority Queue,Heap - Priority Queue,official
1686038121442,Find Median from Data Stream,Interview::LeetCode::NeetCode150::Heap / Priority Queue,Interview::LeetCode::NeetCode150::08 Heap - Priority Queue,Heap - Priority Queue,official
1686038120966,Insert Interval,Interview::LeetCode::NeetCode150::Intervals,Interview::LeetCode::NeetCode150::16 Intervals,Intervals,official
1686038120964,Merge Intervals,Interview::LeetCode::NeetCode150::Intervals,Interview::LeetCode::NeetCode150::16 Intervals,Intervals,official
1686038121722,Non-overlapping Intervals,Interview::LeetCode::NeetCode150::Intervals,Interview::LeetCode::NeetCode150::16 Intervals,Intervals,official
1686038121356,Meeting Rooms,Interview::LeetCode::NeetCode150::Intervals,Interview::LeetCode::NeetCode150::16 Intervals,Intervals,official
1686038121358,Meeting Rooms II,Interview::LeetCode::NeetCode150::Intervals,Interview::LeetCode::NeetCode150::16 Intervals,Intervals,official
1686038124554,Minimum Interval to Include Each Query,Interview::LeetCode::NeetCode150::Intervals,Interview::LeetCode::NeetCode150::16 Intervals,Intervals,official
1686038121264,Reverse Linked List,Interview::LeetCode::NeetCode150::Linked List,Interview::LeetCode::NeetCode150::06 Linked List,Linked List,official
1686038120894,Merge Two Sorted Lists,Interview::LeetCode::NeetCode150::Linked List,Interview::LeetCode::NeetCode150::06 Linked List,Linked List,official
1686038121138,Reorder List,Interview::LeetCode::NeetCode150::Linked List,Interview::LeetCode::NeetCode150::06 Linked List,Linked List,official
1686038120890,Remove Nth Node From End of List,Interview::LeetCode::NeetCode150::Linked List,Interview::LeetCode::NeetCode150::06 Linked List,Linked List,official
1686038121128,Copy List with Random Pointer,Interview::LeetCode::NeetCode150::Linked List,Interview::LeetCode::NeetCode150::06 Linked List,Linked List,official
1686038120856,Add Two Numbers,Interview::LeetCode::NeetCode150::Linked List,Interview::LeetCode::NeetCode150::06 Linked List,Linked List,official
1686038121134,Linked List Cycle,Interview::LeetCode::NeetCode150::Linked List,Interview::LeetCode::NeetCode150::06 Linked List,Linked List,official
1686038121426,Find the Duplicate Number,Interview::LeetCode::NeetCode150::Linked List,Interview::LeetCode::NeetCode150::06 Linked List,Linked List,official
1686038121144,LRU Cache,Interview::LeetCode::NeetCode150::Linked List,Interview::LeetCode::NeetCode150::06 Linked List,Linked List,official
1686038120898,Merge k Sorted Lists,Interview::LeetCode::NeetCode150::Linked List,Interview::LeetCode::NeetCode150::06 Linked List,Linked List,official
1686038120902,Reverse Nodes in k-Group,Interview::LeetCode::NeetCode150::Linked List,Interview::LeetCode::NeetCode150::06 Linked List,Linked List,official
1686038120948,Rotate Image,Interview::LeetCode::NeetCode150::Math & Geometry,Interview::LeetCode::NeetCode150::17 Math & Geometry,Math & Geometry,official
1686038120960,Spiral Matrix,Interview::LeetCode::NeetCode150::Math & Geometry,Interview::LeetCode::NeetCode150::17 Math & Geometry,Math & Geometry,official
1686038120998,Set Matrix Zeroes,Interview::LeetCode::NeetCode150::Math & Geometry,Interview::LeetCode::NeetCode150::17 Math & Geometry,Math & Geometry,official
1686038121256,Happy Number,Interview::LeetCode::NeetCode150::Math & Geometry,Interview::LeetCode::NeetCode150::17 Math & Geometry,Math & Geometry,official
1686038120984,Plus One,Interview::LeetCode::NeetCode150::Math & Geometry,Interview::LeetCode::NeetCode150::17 Math & Geometry,Math & Geometry,official
1686038120952,"Pow(x, n)",Interview::LeetCode::NeetCode150::Math & Geometry,Interview::LeetCode::NeetCode150::17 Math & Geometry,Math & Geometry,official
1686038120938,Multiply Strings,Interview::LeetCode::NeetCode150::Math & Geometry,Interview::LeetCode::NeetCode150::17 Math & Geometry,Math & Geometry,official
1686038124878,Detect Squares,Interview::LeetCode::NeetCode150::Math & Geometry,Interview::LeetCode::NeetCode150::17 Math & Geometry,Math & Geometry,official
1686038121094,Best Time to Buy and Sell Stock,Interview::LeetCode::NeetCode150::Sliding Window,Interview::LeetCode::NeetCode150::03 Sliding Window,Sliding Window,official
1686038120858,Longest Substring Without Repeating Characters,Interview::LeetCode::NeetCode150::Sliding Window,Interview::LeetCode::NeetCode150::03 Sliding Window,Sliding Window,official
1686038121700,Longest Repeating Character Replacement,Interview::LeetCode::NeetCode150::Sliding Window,Interview::LeetCode::NeetCode150::03 Sliding Window,Sliding Window,official
1686038121986,Permutation in String,Interview::LeetCode::NeetCode150::Sliding Window,Interview::LeetCode::NeetCode150::03 Sliding Window,Sliding Window,official
1686038121004,Minimum Window Substring,Interview::LeetCode::NeetCode150::Sliding Window,Interview::LeetCode::NeetCode150::03 Sliding Window,Sliding Window,official
1686038121330,Sliding Window Maximum,Interview::LeetCode::NeetCode150::Sliding Window,Interview::LeetCode::NeetCode150::03 Sliding Window,Sliding Window,official
1686038120892,Valid Parentheses,Interview::LeetCode::NeetCode150::Stack,Interview::LeetCode::NeetCode150::04 Stack,Stack,official
1686038121162,Min Stack,Interview::LeetCode::NeetCode150::Stack,Interview::LeetCode::NeetCode150::04 Stack,Stack,official
1686038121152,Evaluate Reverse Polish Notation,Interview::LeetCode::NeetCode150::Stack,Interview::LeetCode::NeetCode150::04 Stack,Stack,official
1686038120896,Generate Parentheses,Interview::LeetCode::NeetCode150::Stack,Interview::LeetCode::NeetCode150::04 Stack,Stack,official
1686038122330,Daily Temperatures,Interview::LeetCode::NeetCode150::Stack,Interview::LeetCode::NeetCode150::04 Stack,Stack,official
1686038122558,Car Fleet,Interview::LeetCode::NeetCode150::Stack,Interview::LeetCode::NeetCode150::04 Stack,Stack,official
1686038121020,Largest Rectangle in Histogram,Interview::LeetCode::NeetCode150::Stack,Interview::LeetCode::NeetCode150::04 Stack,Stack,official
1686038121304,Invert Binary Tree,Interview::LeetCode::NeetCode150::Trees,Interview::LeetCode::NeetCode150::07 Trees,Trees,official
1686038121060,Maximum Depth of Binary Tree,Interview::LeetCode::NeetCode150::Trees,Interview::LeetCode::NeetCode150::07 Trees,Trees,official
1686038121938,Diameter of Binary Tree,Interview::LeetCode::NeetCode150::Trees,Interview::LeetCode::NeetCode150::07 Trees,Trees,official
1686038121072,Balanced Binary Tree,Interview::LeetCode::NeetCode150::Trees,Interview::LeetCode::NeetCode150::07 Trees,Trees,official
1686038121052,Same Tree,Interview::LeetCode::NeetCode150::Trees,Interview::LeetCode::NeetCode150::07 Trees,Trees,official
1686038121996,Subtree of Another Tree,Interview::LeetCode::NeetCode150::Trees,Interview::LeetCode::NeetCode150::07 Trees,Trees,official
1686038121322,Lowest Common Ancestor of a Binary Search Tree,Interview::LeetCode::NeetCode150::Trees,Interview::LeetCode::NeetCode150::07 Trees,Trees,official
1686038121056,Binary Tree Level Order Traversal,Interview::LeetCode::NeetCode150::Trees,Interview::LeetCode::NeetCode150::07 Trees,Trees,official
1686038121250,Binary Tree Right Side View,Interview::LeetCode::NeetCode150::Trees,Interview::LeetCode::NeetCode150::07 Trees,Trees,official
1686038123748,Count Good Nodes in Binary Tree,Interview::LeetCode::NeetCode150::Trees,Interview::LeetCode::NeetCode150::07 Trees,Trees,official
1686038121048,Validate Binary Search Tree,Interview::LeetCode::NeetCode150::Trees,Interview::LeetCode::NeetCode150::07 Trees,Trees,official
1686038121312,Kth Smallest Element in a BST,Interview::LeetCode::NeetCode150::Trees,Interview::LeetCode::NeetCode150::07 Trees,Trees,official
1686038121062,Construct Binary Tree from Preorder and Inorder Traversal,Interview::LeetCode::NeetCode150::Trees,Interview::LeetCode::NeetCode150::07 Trees,Trees,official
1686038121100,Binary Tree Maximum Path Sum,Interview::LeetCode::NeetCode150::Trees,Interview::LeetCode::NeetCode150::07 Trees,Trees,official
1686038121446,Serialize and Deserialize Binary Tree,Interview::LeetCode::NeetCode150::Trees,Interview::LeetCode::NeetCode150::07 Trees,Trees,official
1686038121268,Implement Trie (Prefix Tree),Interview::LeetCode::NeetCode150::Tries,Interview::LeetCode::NeetCode150::10 Tries,Tries,official
1686038121274,Design Add and Search Words Data Structure,Interview::LeetCode::NeetCode150::Tries,Interview::LeetCode::NeetCode150::10 Tries,Tries,official
1686038121276,Word Search II,Interview::LeetCode::NeetCode150::Tries,Interview::LeetCode::NeetCode150::10 Tries,Tries,official
1686038121102,Valid Palindrome,Interview::LeetCode::NeetCode150::Two Pointers,Interview::LeetCode::NeetCode150::02 Two Pointers,Two Pointers,official
1686038121186,Two Sum II - Input Array Is Sorted,Interview::LeetCode::NeetCode150::Two Pointers,Interview::LeetCode::NeetCode150::02 Two Pointers,Two Pointers,official
1686038120882,3Sum,Interview::LeetCode::NeetCode150::Two Pointers,Interview::LeetCode::NeetCode150::02 Two Pointers,Two Pointers,official
1686038120874,Container With Most Water,Interview::LeetCode::NeetCode150::Two Pointers,Interview::LeetCode::NeetCode150::02 Two Pointers,Two Pointers,official
1686038120936,Trapping Rain Water,Interview::LeetCode::NeetCode150::Two Pointers,Interview::LeetCode::NeetCode150::02 Two Pointers,Two Pointers,official
1788998585628,"A frog hops up a flight of steps, and each hop covers either one step or two. In",Interview::NeetCode 250::1-D Dynamic Programming,Interview::NeetCode 250::13 1-D Dynamic Programming,1-D Dynamic Programming,official
1788998585629,"A hiker climbs a staircase where standing on each step costs a posted toll, and ",Interview::NeetCode 250::1-D Dynamic Programming,Interview::NeetCode 250::13 1-D Dynamic Programming,1-D Dynamic Programming,official
1788998585630,A colony of rabbits grows so that each month's newborn count equals the sum of t,Interview::NeetCode 250::1-D Dynamic Programming,Interview::NeetCode 250::13 1-D Dynamic Programming,1-D Dynamic Programming,official
1788998585631,"A cat burglar walks down a single row of houses, each stashing a known amount of",Interview::NeetCode 250::1-D Dynamic Programming,Interview::NeetCode 250::13 1-D Dynamic Programming,1-D Dynamic Programming,official
1788998585632,"A cat burglar faces houses arranged in a closed ring, each holding loot, where n",Interview::NeetCode 250::1-D Dynamic Programming,Interview::NeetCode 250::13 1-D Dynamic Programming,1-D Dynamic Programming,official
1788998585633,A jeweler has a long strand of colored beads and wants to cut out the single lon,Interview::NeetCode 250::1-D Dynamic Programming,Interview::NeetCode 250::13 1-D Dynamic Programming,1-D Dynamic Programming,official
1788998585634,A jeweler examines a strand of colored beads and wants to tally every continuous,Interview::NeetCode 250::1-D Dynamic Programming,Interview::NeetCode 250::13 1-D Dynamic Programming,1-D Dynamic Programming,official
1788998585635,"A courier receives a message written only as digits, where 1 through 26 each sta",Interview::NeetCode 250::1-D Dynamic Programming,Interview::NeetCode 250::13 1-D Dynamic Programming,1-D Dynamic Programming,official
1788998585636,A cashier has unlimited coins in a few fixed denominations and must pay out an e,Interview::NeetCode 250::1-D Dynamic Programming,Interview::NeetCode 250::13 1-D Dynamic Programming,1-D Dynamic Programming,official
1788998585637,"A gambler walks past a row of betting tables, each multiplying his stake by a po",Interview::NeetCode 250::1-D Dynamic Programming,Interview::NeetCode 250::13 1-D Dynamic Programming,1-D Dynamic Programming,official
1788998585638,"A scribe finds a long banner of letters with every space removed, and a dictiona",Interview::NeetCode 250::1-D Dynamic Programming,Interview::NeetCode 250::13 1-D Dynamic Programming,1-D Dynamic Programming,official
1788998585639,"A collector lines up figurines in the order she bought them, each with a height.",Interview::NeetCode 250::1-D Dynamic Programming,Interview::NeetCode 250::13 1-D Dynamic Programming,1-D Dynamic Programming,official
1788998585640,Two siblings inherit a pile of gold bars of various weights and want to split th,Interview::NeetCode 250::1-D Dynamic Programming,Interview::NeetCode 250::13 1-D Dynamic Programming,1-D Dynamic Programming,official
1788998585641,"A drummer wants to fill exactly N beats using notes of a few fixed durations, dr",Interview::NeetCode 250::1-D Dynamic Programming,Interview::NeetCode 250::13 1-D Dynamic Programming,1-D Dynamic Programming,official
1788998585642,A tiler must cover a strip of exactly N units using square tiles whose side leng,Interview::NeetCode 250::1-D Dynamic Programming,Interview::NeetCode 250::13 1-D Dynamic Programming,1-D Dynamic Programming,official
1788998585643,A farmer has a rope of whole length N and must cut it into at least two whole-le,Interview::NeetCode 250::1-D Dynamic Programming,Interview::NeetCode 250::13 1-D Dynamic Programming,1-D Dynamic Programming,official
1788998585644,"Two rivals take turns at a row of treasure chests, each holding a known (possibl",Interview::NeetCode 250::1-D Dynamic Programming,Interview::NeetCode 250::13 1-D Dynamic Programming,1-D Dynamic Programming,official
1788998585663,A beetle starts at the top-left corner of a rectangular garden grid and wants to,Interview::NeetCode 250::2-D Dynamic Programming,Interview::NeetCode 250::14 2-D Dynamic Programming,2-D Dynamic Programming,official
1788998585664,"A beetle crosses a rectangular garden from top-left to bottom-right, moving only",Interview::NeetCode 250::2-D Dynamic Programming,Interview::NeetCode 250::14 2-D Dynamic Programming,2-D Dynamic Programming,official
1788998585665,A traveler crosses a rectangular field of tollbooths from top-left to bottom-rig,Interview::NeetCode 250::2-D Dynamic Programming,Interview::NeetCode 250::14 2-D Dynamic Programming,2-D Dynamic Programming,official
1788998585666,Two friends each wrote down their playlist as an ordered list of songs. Keeping ,Interview::NeetCode 250::2-D Dynamic Programming,Interview::NeetCode 250::14 2-D Dynamic Programming,2-D Dynamic Programming,official
1788998585667,"A quarry worker repeatedly smashes two stones together; if unequal, the lighter ",Interview::NeetCode 250::2-D Dynamic Programming,Interview::NeetCode 250::14 2-D Dynamic Programming,2-D Dynamic Programming,official
1788998585668,A trader watches a token's daily price and may buy and later sell for profit any,Interview::NeetCode 250::2-D Dynamic Programming,Interview::NeetCode 250::14 2-D Dynamic Programming,2-D Dynamic Programming,official
1788998585669,A cashier has unlimited coins in a few fixed denominations and wants to count ho,Interview::NeetCode 250::2-D Dynamic Programming,Interview::NeetCode 250::14 2-D Dynamic Programming,2-D Dynamic Programming,official
1788998585670,A child has a row of numbered cards and must place either a plus or a minus in f,Interview::NeetCode 250::2-D Dynamic Programming,Interview::NeetCode 250::14 2-D Dynamic Programming,2-D Dynamic Programming,official
1788998585671,"Two dealers each hold their own ordered deck. A third deck is laid out, and you ",Interview::NeetCode 250::2-D Dynamic Programming,Interview::NeetCode 250::14 2-D Dynamic Programming,2-D Dynamic Programming,official
1788998585672,"Two players face a row of an even number of treasure chests, each with a known v",Interview::NeetCode 250::2-D Dynamic Programming,Interview::NeetCode 250::14 2-D Dynamic Programming,2-D Dynamic Programming,official
1788998585673,"Two players face a row of chest-piles, taking turns from the left end only. A ru",Interview::NeetCode 250::2-D Dynamic Programming,Interview::NeetCode 250::14 2-D Dynamic Programming,2-D Dynamic Programming,official
1788998585674,A hiker crosses a field of plots each marked with an elevation and may step to a,Interview::NeetCode 250::2-D Dynamic Programming,Interview::NeetCode 250::14 2-D Dynamic Programming,2-D Dynamic Programming,official
1788998585675,A proofreader has a long passage and a short target word. She wants to know: in ,Interview::NeetCode 250::2-D Dynamic Programming,Interview::NeetCode 250::14 2-D Dynamic Programming,2-D Dynamic Programming,official
1788998585676,An editor must transform one word into another using the fewest single-letter op,Interview::NeetCode 250::2-D Dynamic Programming,Interview::NeetCode 250::14 2-D Dynamic Programming,2-D Dynamic Programming,official
1788998585677,A child has a row of numbered balloons and pops them one at a time. Popping a ba,Interview::NeetCode 250::2-D Dynamic Programming,Interview::NeetCode 250::14 2-D Dynamic Programming,2-D Dynamic Programming,official
1788998585678,A gatekeeper checks names against a pattern that may include two wildcards: a si,Interview::NeetCode 250::2-D Dynamic Programming,Interview::NeetCode 250::14 2-D Dynamic Programming,2-D Dynamic Programming,official
1788998585594,"A hiker crosses a grid of cells, each with an elevation, from the top-left to th",Interview::NeetCode 250::Advanced Graphs,Interview::NeetCode 250::12 Advanced Graphs,Advanced Graphs,official
1788998585595,"A signal is sent from one relay station and travels along one-way wires, each wi",Interview::NeetCode 250::Advanced Graphs,Interview::NeetCode 250::12 Advanced Graphs,Advanced Graphs,official
1788998585596,"You hold a stack of one-way plane tickets, each naming a departure and arrival a",Interview::NeetCode 250::Advanced Graphs,Interview::NeetCode 250::12 Advanced Graphs,Advanced Graphs,official
1788998585597,Several houses sit at known map coordinates. You want to lay wire so every house,Interview::NeetCode 250::Advanced Graphs,Interview::NeetCode 250::12 Advanced Graphs,Advanced Graphs,official
1788998585598,A square pool is a grid where each cell has a wall height. Water level rises ove,Interview::NeetCode 250::Advanced Graphs,Interview::NeetCode 250::12 Advanced Graphs,Advanced Graphs,official
1788998585599,"You are handed a list of words written in an unknown language, and you are told ",Interview::NeetCode 250::Advanced Graphs,Interview::NeetCode 250::12 Advanced Graphs,Advanced Graphs,official
1788998585600,You want to travel from your home city to a destination city using one-way fligh,Interview::NeetCode 250::Advanced Graphs,Interview::NeetCode 250::12 Advanced Graphs,Advanced Graphs,official
1788998585601,A town wants to connect all its buildings with the cheapest possible set of road,Interview::NeetCode 250::Advanced Graphs,Interview::NeetCode 250::12 Advanced Graphs,Advanced Graphs,official
1788998585602,You must arrange the numbers 1..k into a k-by-k grid so each number appears exac,Interview::NeetCode 250::Advanced Graphs,Interview::NeetCode 250::12 Advanced Graphs,Advanced Graphs,official
1788998585603,A row of numbered tokens sits on a table. You may hop from one token to another ,Interview::NeetCode 250::Advanced Graphs,Interview::NeetCode 250::12 Advanced Graphs,Advanced Graphs,official
1788998585220,A street painter has a strip of numbered flags in a fixed order. A parade organi,Interview::NeetCode 250::Arrays & Hashing,Interview::NeetCode 250::01 Arrays & Hashing,Arrays & Hashing,official
1788998585222,A coat-check clerk receives a pile of claim tickets. She only needs to answer on,Interview::NeetCode 250::Arrays & Hashing,Interview::NeetCode 250::01 Arrays & Hashing,Arrays & Hashing,official
1788998585223,Two children each spell a word using lettered fridge magnets. They want to know ,Interview::NeetCode 250::Arrays & Hashing,Interview::NeetCode 250::01 Arrays & Hashing,Arrays & Hashing,official
1788998585224,A cashier has a row of unsorted price tags and a target total. She needs the two,Interview::NeetCode 250::Arrays & Hashing,Interview::NeetCode 250::01 Arrays & Hashing,Arrays & Hashing,official
1788998585225,A filing clerk has a stack of folder labels. She wants the longest run of starti,Interview::NeetCode 250::Arrays & Hashing,Interview::NeetCode 250::01 Arrays & Hashing,Arrays & Hashing,official
1788998585226,A librarian has a cart of word cards and wants to bundle together every card who,Interview::NeetCode 250::Arrays & Hashing,Interview::NeetCode 250::01 Arrays & Hashing,Arrays & Hashing,official
1788998585227,A conveyor belt of parts passes a worker who must discard every part of one spec,Interview::NeetCode 250::Arrays & Hashing,Interview::NeetCode 250::01 Arrays & Hashing,Arrays & Hashing,official
1788998585228,"At a town meeting everyone shouts the name of their favorite color, one after an",Interview::NeetCode 250::Arrays & Hashing,Interview::NeetCode 250::01 Arrays & Hashing,Arrays & Hashing,official
1788998585229,Design a coat rack that only tracks which membership numbers are present — no du,Interview::NeetCode 250::Arrays & Hashing,Interview::NeetCode 250::01 Arrays & Hashing,Arrays & Hashing,official
1788998585230,Design a lost-and-found ledger where each claim number maps to one description. ,Interview::NeetCode 250::Arrays & Hashing,Interview::NeetCode 250::01 Arrays & Hashing,Arrays & Hashing,official
1788998585231,A dealer is handed a shuffled deck of numbered chips and must return them in asc,Interview::NeetCode 250::Arrays & Hashing,Interview::NeetCode 250::01 Arrays & Hashing,Arrays & Hashing,official
1788998585232,"A line of tiles comes in only three shades — say red, white, blue. Rearrange the",Interview::NeetCode 250::Arrays & Hashing,Interview::NeetCode 250::01 Arrays & Hashing,Arrays & Hashing,official
1788998585233,A café logs every drink ordered all day. The manager wants the K drinks ordered ,Interview::NeetCode 250::Arrays & Hashing,Interview::NeetCode 250::01 Arrays & Hashing,Arrays & Hashing,official
1788998585234,A courier must pack several notes — which may themselves contain any punctuation,Interview::NeetCode 250::Arrays & Hashing,Interview::NeetCode 250::01 Arrays & Hashing,Arrays & Hashing,official
1788998585235,"A museum has a fixed grid of rooms, each with a visitor count that never changes",Interview::NeetCode 250::Arrays & Hashing,Interview::NeetCode 250::01 Arrays & Hashing,Arrays & Hashing,official
1788998585236,A jeweler lines up gemstones each with a weight. For every stone she wants a tag,Interview::NeetCode 250::Arrays & Hashing,Interview::NeetCode 250::01 Arrays & Hashing,Arrays & Hashing,official
1788998585237,An inspector reviews a partly filled nine-by-nine puzzle grid. She only checks l,Interview::NeetCode 250::Arrays & Hashing,Interview::NeetCode 250::01 Arrays & Hashing,Arrays & Hashing,official
1788998585238,A collector dumps a jumbled box of numbered tokens on a table. She wants the len,Interview::NeetCode 250::Arrays & Hashing,Interview::NeetCode 250::01 Arrays & Hashing,Arrays & Hashing,official
1788998585239,A trader sees a fruit's daily price for a whole season. He may buy and sell as m,Interview::NeetCode 250::Arrays & Hashing,Interview::NeetCode 250::01 Arrays & Hashing,Arrays & Hashing,official
1788998585240,At a rally people call out team names. Any team named by more than a third of th,Interview::NeetCode 250::Arrays & Hashing,Interview::NeetCode 250::01 Arrays & Hashing,Arrays & Hashing,official
1788998585241,A hiker logs each day's elevation gain (some days negative) in order. She wants ,Interview::NeetCode 250::Arrays & Hashing,Interview::NeetCode 250::01 Arrays & Hashing,Arrays & Hashing,official
1788998585242,"A hotel has rooms numbered 1, 2, 3, … A clerk holds a messy list of occupied roo",Interview::NeetCode 250::Arrays & Hashing,Interview::NeetCode 250::01 Arrays & Hashing,Arrays & Hashing,official
1788998585494,A locksmith has a small ring of numbered keys. For every possible selection of k,Interview::NeetCode 250::Backtracking,Interview::NeetCode 250::09 Backtracking,Backtracking,official
1788998585495,A chef has a shelf of distinct spices and wants to write down every possible spi,Interview::NeetCode 250::Backtracking,Interview::NeetCode 250::09 Backtracking,Backtracking,official
1788998585496,A cashier has an unlimited roll of coins in a few given denominations and must m,Interview::NeetCode 250::Backtracking,Interview::NeetCode 250::09 Backtracking,Backtracking,official
1788998585497,A cashier is handed a specific jar of coins — each physical coin usable at most ,Interview::NeetCode 250::Backtracking,Interview::NeetCode 250::09 Backtracking,Backtracking,official
1788998585498,A teacher must pick a committee of exactly K students from a class numbered 1 th,Interview::NeetCode 250::Backtracking,Interview::NeetCode 250::09 Backtracking,Backtracking,official
1788998585499,A photographer must line up a group of distinct guests for a portrait and wants ,Interview::NeetCode 250::Backtracking,Interview::NeetCode 250::09 Backtracking,Backtracking,official
1788998585500,A chef's spice shelf now has some duplicate jars of the same spice. He again wan,Interview::NeetCode 250::Backtracking,Interview::NeetCode 250::09 Backtracking,Backtracking,official
1788998585501,"A photographer lines up guests for a portrait, but this time some guests are ide",Interview::NeetCode 250::Backtracking,Interview::NeetCode 250::09 Backtracking,Backtracking,official
1788998585502,A grid of lettered tiles sits on a table. A player must trace a given word by st,Interview::NeetCode 250::Backtracking,Interview::NeetCode 250::09 Backtracking,Backtracking,official
1788998585503,A jeweler has a strip of colored beads and wants to cut it into consecutive segm,Interview::NeetCode 250::Backtracking,Interview::NeetCode 250::09 Backtracking,Backtracking,official
1788998585504,An old landline keypad maps each number button to a little group of letters. Giv,Interview::NeetCode 250::Backtracking,Interview::NeetCode 250::09 Backtracking,Backtracking,official
1788998585505,A crafter has a handful of sticks of various lengths and wants to lay them all e,Interview::NeetCode 250::Backtracking,Interview::NeetCode 250::09 Backtracking,Backtracking,official
1788998585506,A camp counselor must split a pile of numbered tokens among exactly K children s,Interview::NeetCode 250::Backtracking,Interview::NeetCode 250::09 Backtracking,Backtracking,official
1788998585507,"On an N-by-N garden laid out in rows and columns, a gardener wants to place N sp",Interview::NeetCode 250::Backtracking,Interview::NeetCode 250::09 Backtracking,Backtracking,official
1788998585508,"On an N-by-N garden of rows and columns, a gardener again wants N sprinklers so ",Interview::NeetCode 250::Backtracking,Interview::NeetCode 250::09 Backtracking,Backtracking,official
1788998585509,A translator receives a long banner with all the spaces removed and a dictionary,Interview::NeetCode 250::Backtracking,Interview::NeetCode 250::09 Backtracking,Backtracking,official
1788998585361,A clerk has a card catalog sorted by number and must find whether a specific num,Interview::NeetCode 250::Binary Search,Interview::NeetCode 250::05 Binary Search,Binary Search,official
1788998585362,A librarian keeps books shelved in strict numeric order. Given a new book's numb,Interview::NeetCode 250::Binary Search,Interview::NeetCode 250::05 Binary Search,Binary Search,official
1788998585363,A friend has picked a secret whole number between 1 and some upper limit. Each t,Interview::NeetCode 250::Binary Search,Interview::NeetCode 250::05 Binary Search,Binary Search,official
1788998585364,A gardener wants the side length of the largest whole-number square tile whose a,Interview::NeetCode 250::Binary Search,Interview::NeetCode 250::05 Binary Search,Binary Search,official
1788998585365,A stamp album has pages laid out as a grid: within each row the values increase ,Interview::NeetCode 250::Binary Search,Interview::NeetCode 250::05 Binary Search,Binary Search,official
1788998585366,A tortoise faces several heaps of lettuce and has a fixed number of hours before,Interview::NeetCode 250::Binary Search,Interview::NeetCode 250::05 Binary Search,Binary Search,official
1788998585367,Parcels sit on a dock in a fixed order and must be loaded onto a single ferry th,Interview::NeetCode 250::Binary Search,Interview::NeetCode 250::05 Binary Search,Binary Search,official
1788998585368,"A ranked leaderboard was originally sorted from low to high, but someone lifted ",Interview::NeetCode 250::Binary Search,Interview::NeetCode 250::05 Binary Search,Binary Search,official
1788998585369,"A wheel of distinct numbers was arranged in increasing order, then spun so the s",Interview::NeetCode 250::Binary Search,Interview::NeetCode 250::05 Binary Search,Binary Search,official
1788998585370,"Same spun wheel of numbers that climbs, wraps, and climbs again — but now duplic",Interview::NeetCode 250::Binary Search,Interview::NeetCode 250::05 Binary Search,Binary Search,official
1788998585371,"An archivist logs, for each labeled folder, a series of stamped snapshots — each",Interview::NeetCode 250::Binary Search,Interview::NeetCode 250::05 Binary Search,Binary Search,official
1788998585372,"A row of chores with time costs must be assigned, in their given order, to a fix",Interview::NeetCode 250::Binary Search,Interview::NeetCode 250::05 Binary Search,Binary Search,official
1788998585373,"Two ranked queues of contestants, each already ordered by score, need their comb",Interview::NeetCode 250::Binary Search,Interview::NeetCode 250::05 Binary Search,Binary Search,official
1788998585374,A trail's elevation strictly rises to a single summit and then strictly falls. Y,Interview::NeetCode 250::Binary Search,Interview::NeetCode 250::05 Binary Search,Binary Search,official
1788998585830,"At a costume ball everyone arrived with a partner wearing the exact same mask, s",Interview::NeetCode 250::Bit Manipulation,Interview::NeetCode 250::18 Bit Manipulation,Bit Manipulation,official
1788998585831,A hotel gives you one long row of light switches encoding a room number; each sw,Interview::NeetCode 250::Bit Manipulation,Interview::NeetCode 250::18 Bit Manipulation,Bit Manipulation,official
1788998585832,"A stamp collector numbers albums 0, 1, 2, up through N, and for each album wants",Interview::NeetCode 250::Bit Manipulation,Interview::NeetCode 250::18 Bit Manipulation,Bit Manipulation,official
1788998585833,Two ancient tally sticks are notched only with two kinds of marks meaning 'off' ,Interview::NeetCode 250::Bit Manipulation,Interview::NeetCode 250::18 Bit Manipulation,Bit Manipulation,official
1788998585834,"A conveyor belt carries exactly 32 numbered tokens, each showing heads or tails,",Interview::NeetCode 250::Bit Manipulation,Interview::NeetCode 250::18 Bit Manipulation,Bit Manipulation,official
1788998585835,"A cloakroom hands out tickets numbered 0 through N with no gaps, one per coat. A",Interview::NeetCode 250::Bit Manipulation,Interview::NeetCode 250::18 Bit Manipulation,Bit Manipulation,official
1788998585836,A cursed abacus has had its 'add' rail confiscated — you may only slide beads to,Interview::NeetCode 250::Bit Manipulation,Interview::NeetCode 250::18 Bit Manipulation,Bit Manipulation,official
1788998585837,"A signed odometer reading sits on the dashboard, and you want to display it with",Interview::NeetCode 250::Bit Manipulation,Interview::NeetCode 250::18 Bit Manipulation,Bit Manipulation,official
1788998585838,A vault has a bank of on/off levers. You're given a first and last serial number,Interview::NeetCode 250::Bit Manipulation,Interview::NeetCode 250::18 Bit Manipulation,Bit Manipulation,official
1788998585839,"A jeweler must lay out N gemstones in strictly increasing size, and every stone ",Interview::NeetCode 250::Bit Manipulation,Interview::NeetCode 250::18 Bit Manipulation,Bit Manipulation,official
1788998585562,"A single blob of dry land sits in a shallow lake, drawn on graph paper by shadin",Interview::NeetCode 250::Graphs,Interview::NeetCode 250::11 Graphs,Graphs,official
1788998585563,A visitor hands you an unusual alphabet where the letters run in some scrambled ,Interview::NeetCode 250::Graphs,Interview::NeetCode 250::11 Graphs,Graphs,official
1788998585564,"In a village of N people, gossip says there is one special elder: everyone else ",Interview::NeetCode 250::Graphs,Interview::NeetCode 250::11 Graphs,Graphs,official
1788998585565,"A satellite photo of the sea is laid out as a grid of squares, each either water",Interview::NeetCode 250::Graphs,Interview::NeetCode 250::11 Graphs,Graphs,official
1788998585566,"Same sea-photo grid of water and land squares, land touching side-to-side formin",Interview::NeetCode 250::Graphs,Interview::NeetCode 250::11 Graphs,Graphs,official
1788998585567,You are shown a network of friendship circles: each person has a badge number an,Interview::NeetCode 250::Graphs,Interview::NeetCode 250::11 Graphs,Graphs,official
1788998585568,"A dungeon map is a grid of rooms. Some rooms are solid rock you can't enter, som",Interview::NeetCode 250::Graphs,Interview::NeetCode 250::11 Graphs,Graphs,official
1788998585569,"A crate is a grid of cells holding fresh fruit, rotten fruit, or empty gaps. Eac",Interview::NeetCode 250::Graphs,Interview::NeetCode 250::11 Graphs,Graphs,official
1788998585570,An island is a grid where each cell has a height. Rain on a cell flows to any eq,Interview::NeetCode 250::Graphs,Interview::NeetCode 250::11 Graphs,Graphs,official
1788998585571,A board is a grid of X and O marks. An O belongs to a region of O's joined side-,Interview::NeetCode 250::Graphs,Interview::NeetCode 250::11 Graphs,Graphs,official
1788998585572,"A padlock has four little wheels, each showing a digit 0-9 that you can nudge up",Interview::NeetCode 250::Graphs,Interview::NeetCode 250::11 Graphs,Graphs,official
1788998585573,A student wants to finish all N training modules. Some modules list prerequisite,Interview::NeetCode 250::Graphs,Interview::NeetCode 250::11 Graphs,Graphs,official
1788998585574,"Same N training modules with 'do A before B' requirements, but now the student w",Interview::NeetCode 250::Graphs,Interview::NeetCode 250::11 Graphs,Graphs,official
1788998585575,"You have N employees numbered 0..N-1 and a list of direct-partnership pairs, whe",Interview::NeetCode 250::Graphs,Interview::NeetCode 250::11 Graphs,Graphs,official
1788998585576,Again N training modules with 'A must come before B' requirements. Now people as,Interview::NeetCode 250::Graphs,Interview::NeetCode 250::11 Graphs,Graphs,official
1788998585577,At a mixer there are N guests numbered 0..N-1 and a list of pairs who already kn,Interview::NeetCode 250::Graphs,Interview::NeetCode 250::11 Graphs,Graphs,official
1788998585578,A network of N relay stations was originally wired into a clean single-loop-free,Interview::NeetCode 250::Graphs,Interview::NeetCode 250::11 Graphs,Graphs,official
1788998585579,"A contact book has many entries, each a person's name followed by some email add",Interview::NeetCode 250::Graphs,Interview::NeetCode 250::11 Graphs,Graphs,official
1788998585580,You know a set of exchange facts like 'one apple is worth 2 oranges' and 'one or,Interview::NeetCode 250::Graphs,Interview::NeetCode 250::11 Graphs,Graphs,official
1788998585581,A camp has N tents connected by exactly N-1 footpaths so everyone is reachable a,Interview::NeetCode 250::Graphs,Interview::NeetCode 250::11 Graphs,Graphs,official
1788998585582,You start with one code word and want to reach a target code word by changing a ,Interview::NeetCode 250::Graphs,Interview::NeetCode 250::11 Graphs,Graphs,official
1788998585728,You run a lemonade stand where every cup costs exactly 5 coins. Customers arrive,Interview::NeetCode 250::Greedy,Interview::NeetCode 250::15 Greedy,Greedy,official
1788998585729,"A stock trader has a ledger of daily gains and losses, one number per day. She w",Interview::NeetCode 250::Greedy,Interview::NeetCode 250::15 Greedy,Greedy,official
1788998585730,Numbers of daily gains and losses are written around the rim of a circular clock,Interview::NeetCode 250::Greedy,Interview::NeetCode 250::15 Greedy,Greedy,official
1788998585731,A hiker records elevation at each step. She wants the longest continuous portion,Interview::NeetCode 250::Greedy,Interview::NeetCode 250::15 Greedy,Greedy,official
1788998585732,A frog sits on the first of a row of lily pads. Each pad has a number telling th,Interview::NeetCode 250::Greedy,Interview::NeetCode 250::15 Greedy,Greedy,official
1788998585733,"A frog again starts on the first lily pad, each pad showing the maximum forward ",Interview::NeetCode 250::Greedy,Interview::NeetCode 250::15 Greedy,Greedy,official
1788998585734,"A row of stepping stones is painted, each either solid or cracked; the first sto",Interview::NeetCode 250::Greedy,Interview::NeetCode 250::15 Greedy,Greedy,official
1788998585735,Fuel depots are arranged in a big loop road. At each depot you can pick up a kno,Interview::NeetCode 250::Greedy,Interview::NeetCode 250::15 Greedy,Greedy,official
1788998585736,A card player holds a hand of numbered cards and wants to lay them all down in s,Interview::NeetCode 250::Greedy,Interview::NeetCode 250::15 Greedy,Greedy,official
1788998585737,Two rival factions sit in a fixed circular seating order and vote in repeated ro,Interview::NeetCode 250::Greedy,Interview::NeetCode 250::15 Greedy,Greedy,official
1788998585738,"A gemcutter has several sample stones, each rated on three qualities (cut, color",Interview::NeetCode 250::Greedy,Interview::NeetCode 250::15 Greedy,Greedy,official
1788998585739,A jeweler threads a single long string of colored beads and wants to snip it int,Interview::NeetCode 250::Greedy,Interview::NeetCode 250::15 Greedy,Greedy,official
1788998585740,A proofreader has a line containing open and close brackets plus some wildcard b,Interview::NeetCode 250::Greedy,Interview::NeetCode 250::15 Greedy,Greedy,official
1788998585741,"Children stand in a line, each with a rating for how well they behaved. You must",Interview::NeetCode 250::Greedy,Interview::NeetCode 250::15 Greedy,Greedy,official
1788998585461,"A fishing dock weighs every catch as it comes in, one fish at a time, forever. A",Interview::NeetCode 250::Heap / Priority Queue,Interview::NeetCode 250::08 Heap - Priority Queue,Heap - Priority Queue,official
1788998585462,A pile of rocks sits by a smashing machine. Each round the two heaviest rocks ar,Interview::NeetCode 250::Heap / Priority Queue,Interview::NeetCode 250::08 Heap - Priority Queue,Heap - Priority Queue,official
1788998585463,A drone hovers over a flat field where scattered tents each have a map coordinat,Interview::NeetCode 250::Heap / Priority Queue,Interview::NeetCode 250::08 Heap - Priority Queue,Heap - Priority Queue,official
1788998585464,"A vineyard has harvested a big unsorted crate of grape clusters, each a differen",Interview::NeetCode 250::Heap / Priority Queue,Interview::NeetCode 250::08 Heap - Priority Queue,Heap - Priority Queue,official
1788998585465,"A machine stamps parts, and identical stamps need a fixed cooldown of N idle min",Interview::NeetCode 250::Heap / Priority Queue,Interview::NeetCode 250::08 Heap - Priority Queue,Heap - Priority Queue,official
1788998585466,"A tiny bulletin-board town lets residents pin notes, follow each other, and unfo",Interview::NeetCode 250::Heap / Priority Queue,Interview::NeetCode 250::08 Heap - Priority Queue,Heap - Priority Queue,official
1788998585467,A one-window bakery counter serves customers who each arrive at a stated minute ,Interview::NeetCode 250::Heap / Priority Queue,Interview::NeetCode 250::08 Heap - Priority Queue,Heap - Priority Queue,official
1788998585468,"A florist arranges a row of flowers using only the blossoms she has in stock, so",Interview::NeetCode 250::Heap / Priority Queue,Interview::NeetCode 250::08 Heap - Priority Queue,Heap - Priority Queue,official
1788998585469,A candy shop threads beads of three colors onto a string but the machine jams if,Interview::NeetCode 250::Heap / Priority Queue,Interview::NeetCode 250::08 Heap - Priority Queue,Heap - Priority Queue,official
1788998585470,"A shuttle van with a fixed number of seats drives one-way along a straight road,",Interview::NeetCode 250::Heap / Priority Queue,Interview::NeetCode 250::08 Heap - Priority Queue,Heap - Priority Queue,official
1788998585471,A weigh station logs truck weights one after another without end. At any moment ,Interview::NeetCode 250::Heap / Priority Queue,Interview::NeetCode 250::08 Heap - Priority Queue,Heap - Priority Queue,official
1788998585472,"A startup begins with a small amount of cash and may launch at most K projects, ",Interview::NeetCode 250::Heap / Priority Queue,Interview::NeetCode 250::08 Heap - Priority Queue,Heap - Priority Queue,official
1788998585765,Your calendar already holds a tidy list of busy time-blocks that never overlap a,Interview::NeetCode 250::Intervals,Interview::NeetCode 250::16 Intervals,Intervals,official
1788998585766,"A scheduler collects a messy, unsorted pile of busy time-blocks, some of which o",Interview::NeetCode 250::Intervals,Interview::NeetCode 250::16 Intervals,Intervals,official
1788998585767,You've booked a pile of overlapping appointments and need a conflict-free schedu,Interview::NeetCode 250::Intervals,Interview::NeetCode 250::16 Intervals,Intervals,official
1788998585768,"You're given a bunch of proposed meetings, each with a start and end time, all m",Interview::NeetCode 250::Intervals,Interview::NeetCode 250::16 Intervals,Intervals,official
1788998585769,"A conference has many talks, each with a start and end time, and overlapping tal",Interview::NeetCode 250::Intervals,Interview::NeetCode 250::16 Intervals,Intervals,official
1788998585770,"There are a fixed number of numbered meeting rooms and a list of meetings, each ",Interview::NeetCode 250::Intervals,Interview::NeetCode 250::16 Intervals,Intervals,official
1788998585771,"A ruler-maker has many measuring sticks, each spanning from some low mark to som",Interview::NeetCode 250::Intervals,Interview::NeetCode 250::16 Intervals,Intervals,official
1788998585394,"A line of children hold hands in single file, and each child only knows who is d",Interview::NeetCode 250::Linked List,Interview::NeetCode 250::06 Linked List,Linked List,official
1788998585395,Two separate single-file lines of runners are each already ordered shortest to t,Interview::NeetCode 250::Linked List,Interview::NeetCode 250::06 Linked List,Linked List,official
1788998585396,"You follow a trail of signposts, each pointing to the next place to visit. You s",Interview::NeetCode 250::Linked List,Interview::NeetCode 250::06 Linked List,Linked List,official
1788998585397,"Guests are seated in one long row numbered 1,2,3,...,n. You must reseat them as ",Interview::NeetCode 250::Linked List,Interview::NeetCode 250::06 Linked List,Linked List,official
1788998585398,A conga line snakes through a hall and you must pull out exactly the person who ,Interview::NeetCode 250::Linked List,Interview::NeetCode 250::06 Linked List,Linked List,official
1788998585399,You must duplicate a scavenger-hunt trail where each clue points to the next clu,Interview::NeetCode 250::Linked List,Interview::NeetCode 250::06 Linked List,Linked List,official
1788998585400,"Two people each hand you a number written on a strip of tape, but with the digit",Interview::NeetCode 250::Linked List,Interview::NeetCode 250::06 Linked List,Linked List,official
1788998585401,"In a sealed room are n+1 raffle tickets whose numbers all fall between 1 and n, ",Interview::NeetCode 250::Linked List,Interview::NeetCode 250::06 Linked List,Linked List,official
1788998585402,A single-file parade stretches down the street. You must flip the order of just ,Interview::NeetCode 250::Linked List,Interview::NeetCode 250::06 Linked List,Linked List,official
1788998585403,You run a small valet stand with exactly k parking spots arranged in a ring. Car,Interview::NeetCode 250::Linked List,Interview::NeetCode 250::06 Linked List,Linked List,official
1788998585404,A tiny museum room can display only k artifacts. Each time a visitor views one i,Interview::NeetCode 250::Linked List,Interview::NeetCode 250::06 Linked List,Linked List,official
1788998585405,A boutique shelf holds only k items. When it overflows you remove the item bough,Interview::NeetCode 250::Linked List,Interview::NeetCode 250::06 Linked List,Linked List,official
1788998585406,"You have many separate single-file lines of runners, and each line is already or",Interview::NeetCode 250::Linked List,Interview::NeetCode 250::06 Linked List,Linked List,official
1788998585407,A single-file line of soldiers must be re-ordered in blocks of k: reverse the fi,Interview::NeetCode 250::Linked List,Interview::NeetCode 250::06 Linked List,Linked List,official
1788998585797,"A warehouse labels shelves A, B, ... Z, then AA, AB, ... AZ, BA, and so on, exac",Interview::NeetCode 250::Math & Geometry,Interview::NeetCode 250::17 Math & Geometry,Math & Geometry,official
1788998585798,Two friends each chant a repeated rhythmic phrase built by looping some shorter ,Interview::NeetCode 250::Math & Geometry,Interview::NeetCode 250::17 Math & Geometry,Math & Geometry,official
1788998585799,Beads with numbers are strung in a single-file chain. Between each pair of neigh,Interview::NeetCode 250::Math & Geometry,Interview::NeetCode 250::17 Math & Geometry,Math & Geometry,official
1788998585800,A stadium's seating chart is a grid of values arranged in rows and columns. You ,Interview::NeetCode 250::Math & Geometry,Interview::NeetCode 250::17 Math & Geometry,Math & Geometry,official
1788998585801,"A square mosaic of tiles must be turned a quarter-turn clockwise, so the top row",Interview::NeetCode 250::Math & Geometry,Interview::NeetCode 250::17 Math & Geometry,Math & Geometry,official
1788998585802,"A guard walks a rectangular garden laid out as a grid of numbered plots, startin",Interview::NeetCode 250::Math & Geometry,Interview::NeetCode 250::17 Math & Geometry,Math & Geometry,official
1788998585803,"On a grid spreadsheet of numbers, wherever a cell holds a zero, that cell's enti",Interview::NeetCode 250::Math & Geometry,Interview::NeetCode 250::17 Math & Geometry,Math & Geometry,official
1788998585804,"A number game: take a whole number, replace it with the sum of the squares of it",Interview::NeetCode 250::Math & Geometry,Interview::NeetCode 250::17 Math & Geometry,Math & Geometry,official
1788998585805,"A very large number is written one digit per card, left to right, with the most ",Interview::NeetCode 250::Math & Geometry,Interview::NeetCode 250::17 Math & Geometry,Math & Geometry,official
1788998585806,"An old inscription writes quantities with letter-symbols of fixed values, larges",Interview::NeetCode 250::Math & Geometry,Interview::NeetCode 250::17 Math & Geometry,Math & Geometry,official
1788998585807,"A biologist has a colony that multiplies by a fixed factor each generation, and ",Interview::NeetCode 250::Math & Geometry,Interview::NeetCode 250::17 Math & Geometry,Math & Geometry,official
1788998585808,Two enormous numbers are each written out digit by digit on paper strips — too b,Interview::NeetCode 250::Math & Geometry,Interview::NeetCode 250::17 Math & Geometry,Math & Geometry,official
1788998585809,A surveyor keeps dropping pins on a flat map (the same spot can get several pins,Interview::NeetCode 250::Math & Geometry,Interview::NeetCode 250::17 Math & Geometry,Math & Geometry,official
1788998585294,"A gallery guard walks past a long row of paintings, one per step. He worries abo",Interview::NeetCode 250::Sliding Window,Interview::NeetCode 250::03 Sliding Window,Sliding Window,official
1788998585295,A trader sees the daily prices of a coin listed left to right in calendar order.,Interview::NeetCode 250::Sliding Window,Interview::NeetCode 250::03 Sliding Window,Sliding Window,official
1788998585296,A jeweler strings beads from a spool in the exact order they come off. She wants,Interview::NeetCode 250::Sliding Window,Interview::NeetCode 250::03 Sliding Window,Sliding Window,official
1788998585297,A tiler lays colored tiles in a fixed line and wants the longest solid-colored s,Interview::NeetCode 250::Sliding Window,Interview::NeetCode 250::03 Sliding Window,Sliding Window,official
1788998585298,A locksmith has a small bag of lettered tiles and a long ribbon of letters. He w,Interview::NeetCode 250::Sliding Window,Interview::NeetCode 250::03 Sliding Window,Sliding Window,official
1788998585299,"A dockworker loads crates onto a conveyor that presents them in a fixed order, e",Interview::NeetCode 250::Sliding Window,Interview::NeetCode 250::03 Sliding Window,Sliding Window,official
1788998585300,Houses stand along a straight road at increasing mile markers. A mail carrier pa,Interview::NeetCode 250::Sliding Window,Interview::NeetCode 250::03 Sliding Window,Sliding Window,official
1788998585301,"A collector walks a fixed line of stalls left to right, each selling one kind of",Interview::NeetCode 250::Sliding Window,Interview::NeetCode 250::03 Sliding Window,Sliding Window,official
1788998585302,A surveyor drives past a row of hills of known heights. Through a viewfinder tha,Interview::NeetCode 250::Sliding Window,Interview::NeetCode 250::03 Sliding Window,Sliding Window,official
1788998585328,A scorekeeper processes a list of instructions in order. Each is either a plain ,Interview::NeetCode 250::Stack,Interview::NeetCode 250::04 Stack,Stack,official
1788998585329,"A ribbon of nested brackets of three shapes — round, square, and curly — comes o",Interview::NeetCode 250::Stack,Interview::NeetCode 250::04 Stack,Stack,official
1788998585330,"You must build a last-in-first-out tray dispenser, but the only storage you're a",Interview::NeetCode 250::Stack,Interview::NeetCode 250::04 Stack,Stack,official
1788998585331,"You must build a first-come-first-served ticket line, but the only storage you h",Interview::NeetCode 250::Stack,Interview::NeetCode 250::04 Stack,Stack,official
1788998585332,A warehouse keeps a single spring-loaded chute where boxes are added and removed,Interview::NeetCode 250::Stack,Interview::NeetCode 250::04 Stack,Stack,official
1788998585333,A calculator reads a strip of tokens left to right. Each token is either a numbe,Interview::NeetCode 250::Stack,Interview::NeetCode 250::04 Stack,Stack,official
1788998585334,A ribbon-maker must produce every possible well-formed ribbon of exactly N opene,Interview::NeetCode 250::Stack,Interview::NeetCode 250::04 Stack,Stack,official
1788998585335,"Rocks fly along a single track, each with a size and a direction — some drifting",Interview::NeetCode 250::Stack,Interview::NeetCode 250::04 Stack,Stack,official
1788998585336,A hiker logs each day's high temperature in a row by date. For every day she wan,Interview::NeetCode 250::Stack,Interview::NeetCode 250::04 Stack,Stack,official
1788998585337,A trader is fed a coin's price one day at a time and can never see the future. F,Interview::NeetCode 250::Stack,Interview::NeetCode 250::04 Stack,Stack,official
1788998585338,"Several cars head to the same finish line on a one-lane road, each at a known st",Interview::NeetCode 250::Stack,Interview::NeetCode 250::04 Stack,Stack,official
1788998585339,A hiker is handed messy walking directions through nested rooms: names of rooms ,Interview::NeetCode 250::Stack,Interview::NeetCode 250::04 Stack,Stack,official
1788998585340,A knitter follows a compressed pattern where a number followed by a bracketed su,Interview::NeetCode 250::Stack,Interview::NeetCode 250::04 Stack,Stack,official
1788998585341,A cluttered inbox lets you drop in tagged notes and pull one out. But pull alway,Interview::NeetCode 250::Stack,Interview::NeetCode 250::04 Stack,Stack,official
1788998585342,A row of adjacent buildings of equal width but varying heights stands shoulder t,Interview::NeetCode 250::Stack,Interview::NeetCode 250::04 Stack,Stack,official
1788998585429,"A family estate branches downward, each ancestor having at most a left heir and ",Interview::NeetCode 250::Trees,Interview::NeetCode 250::07 Trees,Trees,official
1788998585430,"A family estate branches downward, each ancestor having at most a left and a rig",Interview::NeetCode 250::Trees,Interview::NeetCode 250::07 Trees,Trees,official
1788998585431,"A family estate branches downward, each ancestor having at most a left and a rig",Interview::NeetCode 250::Trees,Interview::NeetCode 250::07 Trees,Trees,official
1788998585432,You have a branching family chart where everyone has at most a left and a right ,Interview::NeetCode 250::Trees,Interview::NeetCode 250::07 Trees,Trees,official
1788998585433,"A branching family chart hangs from a single founder at the top, each person hav",Interview::NeetCode 250::Trees,Interview::NeetCode 250::07 Trees,Trees,official
1788998585434,"In a branching family chart, pick any two people and trace the chain of relative",Interview::NeetCode 250::Trees,Interview::NeetCode 250::07 Trees,Trees,official
1788998585435,"A branching family chart is 'well-proportioned' if, for every single person in i",Interview::NeetCode 250::Trees,Interview::NeetCode 250::07 Trees,Trees,official
1788998585436,Two branching family charts are drawn on separate sheets. Decide whether they ar,Interview::NeetCode 250::Trees,Interview::NeetCode 250::07 Trees,Trees,official
1788998585437,You have a big branching family chart and a small one. Decide whether the small ,Interview::NeetCode 250::Trees,Interview::NeetCode 250::07 Trees,Trees,official
1788998585438,In an org chart where every manager's left-hand reports carry smaller badge numb,Interview::NeetCode 250::Trees,Interview::NeetCode 250::07 Trees,Trees,official
1788998585439,"In a directory where each entry sends smaller keys left and larger keys right, y",Interview::NeetCode 250::Trees,Interview::NeetCode 250::07 Trees,Trees,official
1788998585440,"In a directory where smaller keys go left and larger keys go right, remove a giv",Interview::NeetCode 250::Trees,Interview::NeetCode 250::07 Trees,Trees,official
1788998585441,A branching family chart hangs from one founder. List everyone generation by gen,Interview::NeetCode 250::Trees,Interview::NeetCode 250::07 Trees,Trees,official
1788998585442,"You stand to the right of a branching family chart and can see, in each generati",Interview::NeetCode 250::Trees,Interview::NeetCode 250::07 Trees,Trees,official
1788998585443,You have a square grid of black and white tiles whose side is a power of two. Co,Interview::NeetCode 250::Trees,Interview::NeetCode 250::07 Trees,Trees,official
1788998585444,"Along each downward lineage in a branching chart starting from the founder, a pe",Interview::NeetCode 250::Trees,Interview::NeetCode 250::07 Trees,Trees,official
1788998585445,Someone claims a directory obeys the rule that everything in a person's left bra,Interview::NeetCode 250::Trees,Interview::NeetCode 250::07 Trees,Trees,official
1788998585446,"In a directory where smaller keys sit left and larger keys sit right, find the e",Interview::NeetCode 250::Trees,Interview::NeetCode 250::07 Trees,Trees,official
1788998585447,You are given two guest lists describing the same branching seating chart. One w,Interview::NeetCode 250::Trees,Interview::NeetCode 250::07 Trees,Trees,official
1788998585448,A crime spree is planned over a branching chart of houses. Robbing a house earns,Interview::NeetCode 250::Trees,Interview::NeetCode 250::07 Trees,Trees,official
1788998585449,"In a branching chart, repeatedly snip off any dead-end person (nobody below them",Interview::NeetCode 250::Trees,Interview::NeetCode 250::07 Trees,Trees,official
1788998585450,"Along a branching chart, a 'route' is any connected chain of people that bends t",Interview::NeetCode 250::Trees,Interview::NeetCode 250::07 Trees,Trees,official
1788998585451,You must flatten a branching family chart into a single written string you can t,Interview::NeetCode 250::Trees,Interview::NeetCode 250::07 Trees,Trees,official
1788998585527,A librarian builds a card-catalog gadget that stores words letter by letter alon,Interview::NeetCode 250::Tries,Interview::NeetCode 250::10 Tries,Tries,official
1788998585528,"A stamp collector files words into a catalog and later looks them up, but a look",Interview::NeetCode 250::Tries,Interview::NeetCode 250::10 Tries,Tries,official
1788998585529,A proofreader has a banner of letters and a dictionary of valid words. She may c,Interview::NeetCode 250::Tries,Interview::NeetCode 250::10 Tries,Tries,official
1788998585530,A grid of lettered tiles sits on a table alongside a long shopping list of targe,Interview::NeetCode 250::Tries,Interview::NeetCode 250::10 Tries,Tries,official
1788998585261,A row of lettered blocks sits on a shelf. A child must flip the whole row end-fo,Interview::NeetCode 250::Two Pointers,Interview::NeetCode 250::02 Two Pointers,Two Pointers,official
1788998585262,"A proofreader checks whether a phrase reads the same forward and backward, but s",Interview::NeetCode 250::Two Pointers,Interview::NeetCode 250::02 Two Pointers,Two Pointers,official
1788998585263,"A proofreader checks whether a word reads the same both ways, and she's allowed ",Interview::NeetCode 250::Two Pointers,Interview::NeetCode 250::02 Two Pointers,Two Pointers,official
1788998585264,Two dancers stand in two lines. A choreographer forms one combined line by takin,Interview::NeetCode 250::Two Pointers,Interview::NeetCode 250::02 Two Pointers,Two Pointers,official
1788998585265,A librarian has one long shelf already sorted but with empty slots at the far ri,Interview::NeetCode 250::Two Pointers,Interview::NeetCode 250::02 Two Pointers,Two Pointers,official
1788998585266,A row of already-alphabetized name cards has some names repeated on adjacent car,Interview::NeetCode 250::Two Pointers,Interview::NeetCode 250::02 Two Pointers,Two Pointers,official
1788998585267,A grocer has jars of coins arranged left-to-right from lightest to heaviest and ,Interview::NeetCode 250::Two Pointers,Interview::NeetCode 250::02 Two Pointers,Two Pointers,official
1788998585268,"From a mixed bag of numbered chips (positives, negatives, zeros), a player must ",Interview::NeetCode 250::Two Pointers,Interview::NeetCode 250::02 Two Pointers,Two Pointers,official
1788998585269,From a bag of numbered chips a player must find every distinct group of four chi,Interview::NeetCode 250::Two Pointers,Interview::NeetCode 250::02 Two Pointers,Two Pointers,official
1788998585270,A conga line of dancers must shift so that the last K dancers wrap around to the,Interview::NeetCode 250::Two Pointers,Interview::NeetCode 250::02 Two Pointers,Two Pointers,official
1788998585271,A row of vertical poles of various heights stands along a line. Choosing two pol,Interview::NeetCode 250::Two Pointers,Interview::NeetCode 250::02 Two Pointers,Two Pointers,official
1788998585272,"After a flood, rescuers have canoes each with the same strict weight limit, and ",Interview::NeetCode 250::Two Pointers,Interview::NeetCode 250::02 Two Pointers,Two Pointers,official
1788998585273,A cross-section of city rooftops of varying heights sits side by side. After a d,Interview::NeetCode 250::Two Pointers,Interview::NeetCode 250::02 Two Pointers,Two Pointers,official
1686038120868,String to Integer (atoi),Interview::LeetCode,Interview::LeetCode::Extra::01 Arrays & Hashing,Arrays & Hashing,heuristic
1686038120870,Palindrome Number,Interview::LeetCode,Interview::LeetCode::Extra::17 Math & Geometry,Math & Geometry,heuristic
1686038120876,Integer to Roman,Interview::LeetCode,Interview::LeetCode::Extra::17 Math & Geometry,Math & Geometry,heuristic
1686038120878,Roman to Integer,Interview::LeetCode,Interview::LeetCode::Extra::17 Math & Geometry,Math & Geometry,heuristic
1686038120880,Longest Common Prefix,Interview::LeetCode,Interview::LeetCode::Extra::10 Tries,Tries,heuristic
1686038120884,3Sum Closest,Interview::LeetCode,Interview::LeetCode::Extra::02 Two Pointers,Two Pointers,heuristic
1686038120888,4Sum,Interview::LeetCode,Interview::LeetCode::Extra::02 Two Pointers,Two Pointers,heuristic
1686038120900,Swap Nodes in Pairs,Interview::LeetCode,Interview::LeetCode::Extra::06 Linked List,Linked List,heuristic
1686038120904,Remove Duplicates from Sorted Array,Interview::LeetCode,Interview::LeetCode::Extra::02 Two Pointers,Two Pointers,heuristic
1686038120906,Remove Element,Interview::LeetCode,Interview::LeetCode::Extra::02 Two Pointers,Two Pointers,heuristic
1686038120908,Find the Index of the First Occurrence in a String,Interview::LeetCode,Interview::LeetCode::Extra::02 Two Pointers,Two Pointers,heuristic
1686038120910,Divide Two Integers,Interview::LeetCode,Interview::LeetCode::Extra::18 Bit Manipulation,Bit Manipulation,heuristic
1686038120912,Substring with Concatenation of All Words,Interview::LeetCode,Interview::LeetCode::Extra::03 Sliding Window,Sliding Window,heuristic
1686038120914,Next Permutation,Interview::LeetCode,Interview::LeetCode::Extra::02 Two Pointers,Two Pointers,heuristic
1686038120916,Longest Valid Parentheses,Interview::LeetCode,Interview::LeetCode::Extra::13 1-D Dynamic Programming,1-D Dynamic Programming,heuristic
1686038120920,Find First and Last Position of Element in Sorted Array,Interview::LeetCode,Interview::LeetCode::Extra::05 Binary Search,Binary Search,heuristic
1686038120922,Search Insert Position,Interview::LeetCode,Interview::LeetCode::Extra::05 Binary Search,Binary Search,heuristic
1686038120926,Sudoku Solver,Interview::LeetCode,Interview::LeetCode::Extra::09 Backtracking,Backtracking,heuristic
1686038120928,Count and Say,Interview::LeetCode,Interview::LeetCode::Extra::01 Arrays & Hashing,Arrays & Hashing,heuristic
1686038120934,First Missing Positive,Interview::LeetCode,Interview::LeetCode::Extra::01 Arrays & Hashing,Arrays & Hashing,heuristic
1686038120940,Wildcard Matching,Interview::LeetCode,Interview::LeetCode::Extra::14 2-D Dynamic Programming,2-D Dynamic Programming,heuristic
1686038120946,Permutations II,Interview::LeetCode,Interview::LeetCode::Extra::09 Backtracking,Backtracking,heuristic
1686038120956,N-Queens II,Interview::LeetCode,Interview::LeetCode::Extra::09 Backtracking,Backtracking,heuristic
1686038120968,Length of Last Word,Interview::LeetCode,Interview::LeetCode::Extra::01 Arrays & Hashing,Arrays & Hashing,heuristic
1686038120970,Spiral Matrix II,Interview::LeetCode,Interview::LeetCode::Extra::17 Math & Geometry,Math & Geometry,heuristic
1686038120972,Permutation Sequence,Interview::LeetCode,Interview::LeetCode::Extra::17 Math & Geometry,Math & Geometry,heuristic
1686038120974,Rotate List,Interview::LeetCode,Interview::LeetCode::Extra::06 Linked List,Linked List,heuristic
1686038120978,Unique Paths II,Interview::LeetCode,Interview::LeetCode::Extra::14 2-D Dynamic Programming,2-D Dynamic Programming,heuristic
1686038120980,Minimum Path Sum,Interview::LeetCode,Interview::LeetCode::Extra::14 2-D Dynamic Programming,2-D Dynamic Programming,heuristic
1686038120982,Valid Number,Interview::LeetCode,Interview::LeetCode::Extra::01 Arrays & Hashing,Arrays & Hashing,heuristic
1686038120986,Add Binary,Interview::LeetCode,Interview::LeetCode::Extra::18 Bit Manipulation,Bit Manipulation,heuristic
1686038120988,Text Justification,Interview::LeetCode,Interview::LeetCode::Extra::01 Arrays & Hashing,Arrays & Hashing,heuristic
1686038120990,Sqrt(x),Interview::LeetCode,Interview::LeetCode::Extra::05 Binary Search,Binary Search,heuristic
1686038120994,Simplify Path,Interview::LeetCode,Interview::LeetCode::Extra::04 Stack,Stack,heuristic
1686038121002,Sort Colors,Interview::LeetCode,Interview::LeetCode::Extra::02 Two Pointers,Two Pointers,heuristic
1686038121006,Combinations,Interview::LeetCode,Interview::LeetCode::Extra::09 Backtracking,Backtracking,heuristic
1686038121012,Remove Duplicates from Sorted Array II,Interview::LeetCode,Interview::LeetCode::Extra::02 Two Pointers,Two Pointers,heuristic
1686038121014,Search in Rotated Sorted Array II,Interview::LeetCode,Interview::LeetCode::Extra::05 Binary Search,Binary Search,heuristic
1686038121016,Remove Duplicates from Sorted List II,Interview::LeetCode,Interview::LeetCode::Extra::06 Linked List,Linked List,heuristic
1686038121018,Remove Duplicates from Sorted List,Interview::LeetCode,Interview::LeetCode::Extra::06 Linked List,Linked List,heuristic
1686038121022,Maximal Rectangle,Interview::LeetCode,Interview::LeetCode::Extra::14 2-D Dynamic Programming,2-D Dynamic Programming,heuristic
1686038121024,Partition List,Interview::LeetCode,Interview::LeetCode::Extra::06 Linked List,Linked List,heuristic
1686038121026,Scramble String,Interview::LeetCode,Interview::LeetCode::Extra::13 1-D Dynamic Programming,1-D Dynamic Programming,heuristic
1686038121028,Merge Sorted Array,Interview::LeetCode,Interview::LeetCode::Extra::02 Two Pointers,Two Pointers,heuristic
1686038121030,Gray Code,Interview::LeetCode,Interview::LeetCode::Extra::09 Backtracking,Backtracking,heuristic
1686038121036,Reverse Linked List II,Interview::LeetCode,Interview::LeetCode::Extra::06 Linked List,Linked List,heuristic
1686038121038,Restore IP Addresses,Interview::LeetCode,Interview::LeetCode::Extra::09 Backtracking,Backtracking,heuristic
1686038121040,Binary Tree Inorder Traversal,Interview::LeetCode,Interview::LeetCode::Extra::07 Trees,Trees,heuristic
1686038121042,Unique Binary Search Trees II,Interview::LeetCode,Interview::LeetCode::Extra::09 Backtracking,Backtracking,heuristic
1686038121044,Unique Binary Search Trees,Interview::LeetCode,Interview::LeetCode::Extra::13 1-D Dynamic Programming,1-D Dynamic Programming,heuristic
1686038121050,Recover Binary Search Tree,Interview::LeetCode,Interview::LeetCode::Extra::07 Trees,Trees,heuristic
1686038121054,Symmetric Tree,Interview::LeetCode,Interview::LeetCode::Extra::07 Trees,Trees,heuristic
1686038121058,Binary Tree Zigzag Level Order Traversal,Interview::LeetCode,Interview::LeetCode::Extra::07 Trees,Trees,heuristic
1686038121064,Construct Binary Tree from Inorder and Postorder Traversal,Interview::LeetCode,Interview::LeetCode::Extra::07 Trees,Trees,heuristic
1686038121066,Binary Tree Level Order Traversal II,Interview::LeetCode,Interview::LeetCode::Extra::07 Trees,Trees,heuristic
1686038121068,Convert Sorted Array to Binary Search Tree,Interview::LeetCode,Interview::LeetCode::Extra::07 Trees,Trees,heuristic
1686038121070,Convert Sorted List to Binary Search Tree,Interview::LeetCode,Interview::LeetCode::Extra::07 Trees,Trees,heuristic
1686038121074,Minimum Depth of Binary Tree,Interview::LeetCode,Interview::LeetCode::Extra::07 Trees,Trees,heuristic
1686038121076,Path Sum,Interview::LeetCode,Interview::LeetCode::Extra::07 Trees,Trees,heuristic
1686038121078,Path Sum II,Interview::LeetCode,Interview::LeetCode::Extra::09 Backtracking,Backtracking,heuristic
1686038121080,Flatten Binary Tree to Linked List,Interview::LeetCode,Interview::LeetCode::Extra::07 Trees,Trees,heuristic
1686038121084,Populating Next Right Pointers in Each Node,Interview::LeetCode,Interview::LeetCode::Extra::07 Trees,Trees,heuristic
1686038121086,Populating Next Right Pointers in Each Node II,Interview::LeetCode,Interview::LeetCode::Extra::07 Trees,Trees,heuristic
1686038121088,Pascal's Triangle,Interview::LeetCode,Interview::LeetCode::Extra::13 1-D Dynamic Programming,1-D Dynamic Programming,heuristic
1686038121090,Pascal's Triangle II,Interview::LeetCode,Interview::LeetCode::Extra::13 1-D Dynamic Programming,1-D Dynamic Programming,heuristic
1686038121092,Triangle,Interview::LeetCode,Interview::LeetCode::Extra::13 1-D Dynamic Programming,1-D Dynamic Programming,heuristic
1686038121096,Best Time to Buy and Sell Stock II,Interview::LeetCode,Interview::LeetCode::Extra::13 1-D Dynamic Programming,1-D Dynamic Programming,heuristic
1686038121098,Best Time to Buy and Sell Stock III,Interview::LeetCode,Interview::LeetCode::Extra::13 1-D Dynamic Programming,1-D Dynamic Programming,heuristic
1686038121104,Word Ladder II,Interview::LeetCode,Interview::LeetCode::Extra::09 Backtracking,Backtracking,heuristic
1686038121110,Sum Root to Leaf Numbers,Interview::LeetCode,Interview::LeetCode::Extra::07 Trees,Trees,heuristic
1686038121116,Palindrome Partitioning II,Interview::LeetCode,Interview::LeetCode::Extra::13 1-D Dynamic Programming,1-D Dynamic Programming,heuristic
1686038121122,Candy,Interview::LeetCode,Interview::LeetCode::Extra::15 Greedy,Greedy,heuristic
1686038121126,Single Number II,Interview::LeetCode,Interview::LeetCode::Extra::18 Bit Manipulation,Bit Manipulation,heuristic
1686038121132,Word Break II,Interview::LeetCode,Interview::LeetCode::Extra::10 Tries,Tries,heuristic
1686038121136,Linked List Cycle II,Interview::LeetCode,Interview::LeetCode::Extra::06 Linked List,Linked List,heuristic
1686038121140,Binary Tree Preorder Traversal,Interview::LeetCode,Interview::LeetCode::Extra::07 Trees,Trees,heuristic
1686038121142,Binary Tree Postorder Traversal,Interview::LeetCode,Interview::LeetCode::Extra::07 Trees,Trees,heuristic
1686038121146,Insertion Sort List,Interview::LeetCode,Interview::LeetCode::Extra::06 Linked List,Linked List,heuristic
1686038121148,Sort List,Interview::LeetCode,Interview::LeetCode::Extra::06 Linked List,Linked List,heuristic
1686038121150,Max Points on a Line,Interview::LeetCode,Interview::LeetCode::Extra::17 Math & Geometry,Math & Geometry,heuristic
1686038121154,Reverse Words in a String,Interview::LeetCode,Interview::LeetCode::Extra::02 Two Pointers,Two Pointers,heuristic
1686038121160,Find Minimum in Rotated Sorted Array II,Interview::LeetCode,Interview::LeetCode::Extra::05 Binary Search,Binary Search,heuristic
1686038121164,Binary Tree Upside Down,Interview::LeetCode,Interview::LeetCode::Extra::07 Trees,Trees,heuristic
1686038121166,Read N Characters Given Read4,Interview::LeetCode,Interview::LeetCode::Extra::01 Arrays & Hashing,Arrays & Hashing,heuristic
1686038121168,Read N Characters Given read4 II - Call Multiple Times,Interview::LeetCode,Interview::LeetCode::Extra::01 Arrays & Hashing,Arrays & Hashing,heuristic
1686038121170,Longest Substring with At Most Two Distinct Characters,Interview::LeetCode,Interview::LeetCode::Extra::03 Sliding Window,Sliding Window,heuristic
1686038121172,Intersection of Two Linked Lists,Interview::LeetCode,Interview::LeetCode::Extra::06 Linked List,Linked List,heuristic
1686038121174,One Edit Distance,Interview::LeetCode,Interview::LeetCode::Extra::02 Two Pointers,Two Pointers,heuristic
1686038121176,Find Peak Element,Interview::LeetCode,Interview::LeetCode::Extra::05 Binary Search,Binary Search,heuristic
1686038121178,Missing Ranges,Interview::LeetCode,Interview::LeetCode::Extra::01 Arrays & Hashing,Arrays & Hashing,heuristic
1686038121180,Maximum Gap,Interview::LeetCode,Interview::LeetCode::Extra::01 Arrays & Hashing,Arrays & Hashing,heuristic
1686038121182,Compare Version Numbers,Interview::LeetCode,Interview::LeetCode::Extra::02 Two Pointers,Two Pointers,heuristic
1686038121184,Fraction to Recurring Decimal,Interview::LeetCode,Interview::LeetCode::Extra::17 Math & Geometry,Math & Geometry,heuristic
1686038121188,Excel Sheet Column Title,Interview::LeetCode,Interview::LeetCode::Extra::17 Math & Geometry,Math & Geometry,heuristic
1686038121190,Majority Element,Interview::LeetCode,Interview::LeetCode::Extra::01 Arrays & Hashing,Arrays & Hashing,heuristic
1686038121192,Two Sum III - Data structure design,Interview::LeetCode,Interview::LeetCode::Extra::02 Two Pointers,Two Pointers,heuristic
1686038121194,Excel Sheet Column Number,Interview::LeetCode,Interview::LeetCode::Extra::17 Math & Geometry,Math & Geometry,heuristic
1686038121196,Factorial Trailing Zeroes,Interview::LeetCode,Interview::LeetCode::Extra::17 Math & Geometry,Math & Geometry,heuristic
1686038121198,Binary Search Tree Iterator,Interview::LeetCode,Interview::LeetCode::Extra::07 Trees,Trees,heuristic
1686038121200,Dungeon Game,Interview::LeetCode,Interview::LeetCode::Extra::14 2-D Dynamic Programming,2-D Dynamic Programming,heuristic
1686038121202,Combine Two Tables,Interview::LeetCode,Interview::LeetCode::Extra::99 Off-Roadmap::SQL & Database,SQL & Database,heuristic
1686038121204,Second Highest Salary,Interview::LeetCode,Interview::LeetCode::Extra::99 Off-Roadmap::SQL & Database,SQL & Database,heuristic
1686038121206,Nth Highest Salary,Interview::LeetCode,Interview::LeetCode::Extra::99 Off-Roadmap::SQL & Database,SQL & Database,heuristic
1686038121208,Rank Scores,Interview::LeetCode,Interview::LeetCode::Extra::99 Off-Roadmap::SQL & Database,SQL & Database,heuristic
1686038121210,Largest Number,Interview::LeetCode,Interview::LeetCode::Extra::15 Greedy,Greedy,heuristic
1686038121212,Consecutive Numbers,Interview::LeetCode,Interview::LeetCode::Extra::99 Off-Roadmap::SQL & Database,SQL & Database,heuristic
1686038121214,Employees Earning More Than Their Managers,Interview::LeetCode,Interview::LeetCode::Extra::99 Off-Roadmap::SQL & Database,SQL & Database,heuristic
1686038121216,Duplicate Emails,Interview::LeetCode,Interview::LeetCode::Extra::99 Off-Roadmap::SQL & Database,SQL & Database,heuristic
1686038121218,Customers Who Never Order,Interview::LeetCode,Interview::LeetCode::Extra::99 Off-Roadmap::SQL & Database,SQL & Database,heuristic
1686038121220,Department Highest Salary,Interview::LeetCode,Interview::LeetCode::Extra::99 Off-Roadmap::SQL & Database,SQL & Database,heuristic
1686038121222,Department Top Three Salaries,Interview::LeetCode,Interview::LeetCode::Extra::99 Off-Roadmap::SQL & Database,SQL & Database,heuristic
1686038121224,Reverse Words in a String II,Interview::LeetCode,Interview::LeetCode::Extra::02 Two Pointers,Two Pointers,heuristic
1686038121226,Repeated DNA Sequences,Interview::LeetCode,Interview::LeetCode::Extra::03 Sliding Window,Sliding Window,heuristic
1686038121228,Best Time to Buy and Sell Stock IV,Interview::LeetCode,Interview::LeetCode::Extra::13 1-D Dynamic Programming,1-D Dynamic Programming,heuristic
1686038121230,Rotate Array,Interview::LeetCode,Interview::LeetCode::Extra::02 Two Pointers,Two Pointers,heuristic
1686038121236,Word Frequency,Interview::LeetCode,Interview::LeetCode::Extra::99 Off-Roadmap::Concurrency & Shell,Concurrency & Shell,heuristic
1686038121238,Valid Phone Numbers,Interview::LeetCode,Interview::LeetCode::Extra::99 Off-Roadmap::Concurrency & Shell,Concurrency & Shell,heuristic
1686038121240,Transpose File,Interview::LeetCode,Interview::LeetCode::Extra::99 Off-Roadmap::Concurrency & Shell,Concurrency & Shell,heuristic
1686038121242,Tenth Line,Interview::LeetCode,Interview::LeetCode::Extra::99 Off-Roadmap::Concurrency & Shell,Concurrency & Shell,heuristic
1686038121244,Delete Duplicate Emails,Interview::LeetCode,Interview::LeetCode::Extra::99 Off-Roadmap::SQL & Database,SQL & Database,heuristic
1686038121246,Rising Temperature,Interview::LeetCode,Interview::LeetCode::Extra::99 Off-Roadmap::SQL & Database,SQL & Database,heuristic
1686038121254,Bitwise AND of Numbers Range,Interview::LeetCode,Interview::LeetCode::Extra::18 Bit Manipulation,Bit Manipulation,heuristic
1686038121258,Remove Linked List Elements,Interview::LeetCode,Interview::LeetCode::Extra::06 Linked List,Linked List,heuristic
1686038121260,Count Primes,Interview::LeetCode,Interview::LeetCode::Extra::17 Math & Geometry,Math & Geometry,heuristic
1686038121262,Isomorphic Strings,Interview::LeetCode,Interview::LeetCode::Extra::01 Arrays & Hashing,Arrays & Hashing,heuristic
1686038121270,Minimum Size Subarray Sum,Interview::LeetCode,Interview::LeetCode::Extra::03 Sliding Window,Sliding Window,heuristic
1686038121280,Shortest Palindrome,Interview::LeetCode,Interview::LeetCode::Extra::01 Arrays & Hashing,Arrays & Hashing,heuristic
1686038121284,Combination Sum III,Interview::LeetCode,Interview::LeetCode::Extra::09 Backtracking,Backtracking,heuristic
1686038121288,The Skyline Problem,Interview::LeetCode,Interview::LeetCode::Extra::07 Trees,Trees,heuristic
1686038121290,Contains Duplicate II,Interview::LeetCode,Interview::LeetCode::Extra::03 Sliding Window,Sliding Window,heuristic
1686038121292,Contains Duplicate III,Interview::LeetCode,Interview::LeetCode::Extra::03 Sliding Window,Sliding Window,heuristic
1686038121294,Maximal Square,Interview::LeetCode,Interview::LeetCode::Extra::14 2-D Dynamic Programming,2-D Dynamic Programming,heuristic
1686038121296,Count Complete Tree Nodes,Interview::LeetCode,Interview::LeetCode::Extra::07 Trees,Trees,heuristic
1686038121298,Rectangle Area,Interview::LeetCode,Interview::LeetCode::Extra::17 Math & Geometry,Math & Geometry,heuristic
1686038121300,Basic Calculator,Interview::LeetCode,Interview::LeetCode::Extra::04 Stack,Stack,heuristic
1686038121302,Implement Stack using Queues,Interview::LeetCode,Interview::LeetCode::Extra::04 Stack,Stack,heuristic
1686038121306,Basic Calculator II,Interview::LeetCode,Interview::LeetCode::Extra::04 Stack,Stack,heuristic
1686038121308,Summary Ranges,Interview::LeetCode,Interview::LeetCode::Extra::01 Arrays & Hashing,Arrays & Hashing,heuristic
1686038121310,Majority Element II,Interview::LeetCode,Interview::LeetCode::Extra::01 Arrays & Hashing,Arrays & Hashing,heuristic
1686038121314,Power of Two,Interview::LeetCode,Interview::LeetCode::Extra::18 Bit Manipulation,Bit Manipulation,heuristic
1686038121316,Implement Queue using Stacks,Interview::LeetCode,Interview::LeetCode::Extra::04 Stack,Stack,heuristic
1686038121318,Number of Digit One,Interview::LeetCode,Interview::LeetCode::Extra::13 1-D Dynamic Programming,1-D Dynamic Programming,heuristic
1686038121320,Palindrome Linked List,Interview::LeetCode,Interview::LeetCode::Extra::04 Stack,Stack,heuristic
1686038121324,Lowest Common Ancestor of a Binary Tree,Interview::LeetCode,Interview::LeetCode::Extra::07 Trees,Trees,heuristic
1686038121326,Delete Node in a Linked List,Interview::LeetCode,Interview::LeetCode::Extra::06 Linked List,Linked List,heuristic
1686038121332,Search a 2D Matrix II,Interview::LeetCode,Interview::LeetCode::Extra::05 Binary Search,Binary Search,heuristic
1686038121334,Different Ways to Add Parentheses,Interview::LeetCode,Interview::LeetCode::Extra::13 1-D Dynamic Programming,1-D Dynamic Programming,heuristic
1686038121338,Shortest Word Distance,Interview::LeetCode,Interview::LeetCode::Extra::01 Arrays & Hashing,Arrays & Hashing,heuristic
1686038121340,Shortest Word Distance II,Interview::LeetCode,Interview::LeetCode::Extra::02 Two Pointers,Two Pointers,heuristic
1686038121342,Shortest Word Distance III,Interview::LeetCode,Interview::LeetCode::Extra::01 Arrays & Hashing,Arrays & Hashing,heuristic
1686038121344,Strobogrammatic Number,Interview::LeetCode,Interview::LeetCode::Extra::02 Two Pointers,Two Pointers,heuristic
1686038121346,Strobogrammatic Number II,Interview::LeetCode,Interview::LeetCode::Extra::01 Arrays & Hashing,Arrays & Hashing,heuristic
1686038121348,Strobogrammatic Number III,Interview::LeetCode,Interview::LeetCode::Extra::01 Arrays & Hashing,Arrays & Hashing,heuristic
1686038121350,Group Shifted Strings,Interview::LeetCode,Interview::LeetCode::Extra::01 Arrays & Hashing,Arrays & Hashing,heuristic
1686038121352,Count Univalue Subtrees,Interview::LeetCode,Interview::LeetCode::Extra::07 Trees,Trees,heuristic
1686038121354,Flatten 2D Vector,Interview::LeetCode,Interview::LeetCode::Extra::02 Two Pointers,Two Pointers,heuristic
1686038121360,Factor Combinations,Interview::LeetCode,Interview::LeetCode::Extra::09 Backtracking,Backtracking,heuristic
1686038121362,Verify Preorder Sequence in Binary Search Tree,Interview::LeetCode,Interview::LeetCode::Extra::07 Trees,Trees,heuristic
1686038121364,Paint House,Interview::LeetCode,Interview::LeetCode::Extra::13 1-D Dynamic Programming,1-D Dynamic Programming,heuristic
1686038121366,Binary Tree Paths,Interview::LeetCode,Interview::LeetCode::Extra::09 Backtracking,Backtracking,heuristic
1686038121368,Add Digits,Interview::LeetCode,Interview::LeetCode::Extra::17 Math & Geometry,Math & Geometry,heuristic
1686038121370,3Sum Smaller,Interview::LeetCode,Interview::LeetCode::Extra::02 Two Pointers,Two Pointers,heuristic
1686038121372,Single Number III,Interview::LeetCode,Interview::LeetCode::Extra::18 Bit Manipulation,Bit Manipulation,heuristic
1686038121376,Trips and Users,Interview::LeetCode,Interview::LeetCode::Extra::99 Off-Roadmap::SQL & Database,SQL & Database,heuristic
1686038121378,Ugly Number,Interview::LeetCode,Interview::LeetCode::Extra::17 Math & Geometry,Math & Geometry,heuristic
1686038121380,Ugly Number II,Interview::LeetCode,Interview::LeetCode::Extra::13 1-D Dynamic Programming,1-D Dynamic Programming,heuristic
1686038121382,Paint House II,Interview::LeetCode,Interview::LeetCode::Extra::13 1-D Dynamic Programming,1-D Dynamic Programming,heuristic
1686038121384,Palindrome Permutation,Interview::LeetCode,Interview::LeetCode::Extra::18 Bit Manipulation,Bit Manipulation,heuristic
1686038121386,Palindrome Permutation II,Interview::LeetCode,Interview::LeetCode::Extra::09 Backtracking,Backtracking,heuristic
1686038121392,Closest Binary Search Tree Value,Interview::LeetCode,Interview::LeetCode::Extra::07 Trees,Trees,heuristic
1686038121396,Closest Binary Search Tree Value II,Interview::LeetCode,Interview::LeetCode::Extra::07 Trees,Trees,heuristic
1686038121398,Integer to English Words,Interview::LeetCode,Interview::LeetCode::Extra::17 Math & Geometry,Math & Geometry,heuristic
1686038121400,H-Index,Interview::LeetCode,Interview::LeetCode::Extra::01 Arrays & Hashing,Arrays & Hashing,heuristic
1686038121402,H-Index II,Interview::LeetCode,Interview::LeetCode::Extra::05 Binary Search,Binary Search,heuristic
1686038121404,Paint Fence,Interview::LeetCode,Interview::LeetCode::Extra::13 1-D Dynamic Programming,1-D Dynamic Programming,heuristic
1686038121406,Find the Celebrity,Interview::LeetCode,Interview::LeetCode::Extra::11 Graphs,Graphs,heuristic
1686038121408,First Bad Version,Interview::LeetCode,Interview::LeetCode::Extra::05 Binary Search,Binary Search,heuristic
1686038121410,Perfect Squares,Interview::LeetCode,Interview::LeetCode::Extra::13 1-D Dynamic Programming,1-D Dynamic Programming,heuristic
1686038121412,Wiggle Sort,Interview::LeetCode,Interview::LeetCode::Extra::15 Greedy,Greedy,heuristic
1686038121414,Zigzag Iterator,Interview::LeetCode,Interview::LeetCode::Extra::01 Arrays & Hashing,Arrays & Hashing,heuristic
1686038121416,Expression Add Operators,Interview::LeetCode,Interview::LeetCode::Extra::09 Backtracking,Backtracking,heuristic
1686038121418,Move Zeroes,Interview::LeetCode,Interview::LeetCode::Extra::02 Two Pointers,Two Pointers,heuristic
1686038121420,Peeking Iterator,Interview::LeetCode,Interview::LeetCode::Extra::01 Arrays & Hashing,Arrays & Hashing,heuristic
1686038121422,Inorder Successor in BST,Interview::LeetCode,Interview::LeetCode::Extra::07 Trees,Trees,heuristic
1686038121428,Unique Word Abbreviation,Interview::LeetCode,Interview::LeetCode::Extra::01 Arrays & Hashing,Arrays & Hashing,heuristic
1686038121430,Game of Life,Interview::LeetCode,Interview::LeetCode::Extra::17 Math & Geometry,Math & Geometry,heuristic
1686038121432,Word Pattern,Interview::LeetCode,Interview::LeetCode::Extra::01 Arrays & Hashing,Arrays & Hashing,heuristic
1686038121434,Word Pattern II,Interview::LeetCode,Interview::LeetCode::Extra::09 Backtracking,Backtracking,heuristic
1686038121436,Nim Game,Interview::LeetCode,Interview::LeetCode::Extra::13 1-D Dynamic Programming,1-D Dynamic Programming,heuristic
1686038121438,Flip Game,Interview::LeetCode,Interview::LeetCode::Extra::01 Arrays & Hashing,Arrays & Hashing,heuristic
1686038121440,Flip Game II,Interview::LeetCode,Interview::LeetCode::Extra::09 Backtracking,Backtracking,heuristic
1686038121444,Best Meeting Point,Interview::LeetCode,Interview::LeetCode::Extra::17 Math & Geometry,Math & Geometry,heuristic
1686038121448,Binary Tree Longest Consecutive Sequence,Interview::LeetCode,Interview::LeetCode::Extra::07 Trees,Trees,heuristic
1686038121450,Bulls and Cows,Interview::LeetCode,Interview::LeetCode::Extra::01 Arrays & Hashing,Arrays & Hashing,heuristic
1686038121454,Remove Invalid Parentheses,Interview::LeetCode,Interview::LeetCode::Extra::09 Backtracking,Backtracking,heuristic
1686038121456,Smallest Rectangle Enclosing Black Pixels,Interview::LeetCode,Interview::LeetCode::Extra::11 Graphs,Graphs,heuristic
1686038121458,Range Sum Query - Immutable,Interview::LeetCode,Interview::LeetCode::Extra::01 Arrays & Hashing,Arrays & Hashing,heuristic
1686038121460,Range Sum Query 2D - Immutable,Interview::LeetCode,Interview::LeetCode::Extra::17 Math & Geometry,Math & Geometry,heuristic
1686038121462,Number of Islands II,Interview::LeetCode,Interview::LeetCode::Extra::11 Graphs,Graphs,heuristic
1686038121464,Additive Number,Interview::LeetCode,Interview::LeetCode::Extra::09 Backtracking,Backtracking,heuristic
1686038121466,Range Sum Query - Mutable,Interview::LeetCode,Interview::LeetCode::Extra::07 Trees,Trees,heuristic
1686038121468,Range Sum Query 2D - Mutable,Interview::LeetCode,Interview::LeetCode::Extra::07 Trees,Trees,heuristic
1686038121472,Minimum Height Trees,Interview::LeetCode,Interview::LeetCode::Extra::11 Graphs,Graphs,heuristic
1686038121474,Sparse Matrix Multiplication,Interview::LeetCode,Interview::LeetCode::Extra::17 Math & Geometry,Math & Geometry,heuristic
1686038121478,Super Ugly Number,Interview::LeetCode,Interview::LeetCode::Extra::13 1-D Dynamic Programming,1-D Dynamic Programming,heuristic
1686038121480,Binary Tree Vertical Order Traversal,Interview::LeetCode,Interview::LeetCode::Extra::07 Trees,Trees,heuristic
1686038121482,Count of Smaller Numbers After Self,Interview::LeetCode,Interview::LeetCode::Extra::07 Trees,Trees,heuristic
1686038121484,Remove Duplicate Letters,Interview::LeetCode,Interview::LeetCode::Extra::04 Stack,Stack,heuristic
1686038121486,Shortest Distance from All Buildings,Interview::LeetCode,Interview::LeetCode::Extra::11 Graphs,Graphs,heuristic
1686038121488,Maximum Product of Word Lengths,Interview::LeetCode,Interview::LeetCode::Extra::18 Bit Manipulation,Bit Manipulation,heuristic
1686038121490,Bulb Switcher,Interview::LeetCode,Interview::LeetCode::Extra::17 Math & Geometry,Math & Geometry,heuristic
1686038121492,Generalized Abbreviation,Interview::LeetCode,Interview::LeetCode::Extra::09 Backtracking,Backtracking,heuristic
1686038121494,Create Maximum Number,Interview::LeetCode,Interview::LeetCode::Extra::04 Stack,Stack,heuristic
1686038121500,Wiggle Sort II,Interview::LeetCode,Interview::LeetCode::Extra::08 Heap - Priority Queue,Heap - Priority Queue,heuristic
1686038121502,Maximum Size Subarray Sum Equals k,Interview::LeetCode,Interview::LeetCode::Extra::01 Arrays & Hashing,Arrays & Hashing,heuristic
1686038121504,Power of Three,Interview::LeetCode,Interview::LeetCode::Extra::17 Math & Geometry,Math & Geometry,heuristic
1686038121506,Count of Range Sum,Interview::LeetCode,Interview::LeetCode::Extra::07 Trees,Trees,heuristic
1686038121508,Odd Even Linked List,Interview::LeetCode,Interview::LeetCode::Extra::06 Linked List,Linked List,heuristic
1686038121512,Patching Array,Interview::LeetCode,Interview::LeetCode::Extra::15 Greedy,Greedy,heuristic
1686038121514,Verify Preorder Serialization of a Binary Tree,Interview::LeetCode,Interview::LeetCode::Extra::07 Trees,Trees,heuristic
1686038121518,Largest BST Subtree,Interview::LeetCode,Interview::LeetCode::Extra::13 1-D Dynamic Programming,1-D Dynamic Programming,heuristic
1686038121520,Increasing Triplet Subsequence,Interview::LeetCode,Interview::LeetCode::Extra::15 Greedy,Greedy,heuristic
1686038121522,Self Crossing,Interview::LeetCode,Interview::LeetCode::Extra::17 Math & Geometry,Math & Geometry,heuristic
1686038121524,Palindrome Pairs,Interview::LeetCode,Interview::LeetCode::Extra::10 Tries,Tries,heuristic
1686038121526,House Robber III,Interview::LeetCode,Interview::LeetCode::Extra::13 1-D Dynamic Programming,1-D Dynamic Programming,heuristic
1686038121530,Nested List Weight Sum,Interview::LeetCode,Interview::LeetCode::Extra::07 Trees,Trees,heuristic
1686038121532,Longest Substring with At Most K Distinct Characters,Interview::LeetCode,Interview::LeetCode::Extra::03 Sliding Window,Sliding Window,heuristic
1686038121534,Flatten Nested List Iterator,Interview::LeetCode,Interview::LeetCode::Extra::07 Trees,Trees,heuristic
1686038121536,Power of Four,Interview::LeetCode,Interview::LeetCode::Extra::18 Bit Manipulation,Bit Manipulation,heuristic
1686038121538,Integer Break,Interview::LeetCode,Interview::LeetCode::Extra::13 1-D Dynamic Programming,1-D Dynamic Programming,heuristic
1686038121540,Reverse String,Interview::LeetCode,Interview::LeetCode::Extra::02 Two Pointers,Two Pointers,heuristic
1686038121542,Reverse Vowels of a String,Interview::LeetCode,Interview::LeetCode::Extra::02 Two Pointers,Two Pointers,heuristic
1686038121544,Moving Average from Data Stream,Interview::LeetCode,Interview::LeetCode::Extra::01 Arrays & Hashing,Arrays & Hashing,heuristic
1686038121548,Design Tic-Tac-Toe,Interview::LeetCode,Interview::LeetCode::Extra::17 Math & Geometry,Math & Geometry,heuristic
1686038121550,Intersection of Two Arrays,Interview::LeetCode,Interview::LeetCode::Extra::02 Two Pointers,Two Pointers,heuristic
1686038121552,Intersection of Two Arrays II,Interview::LeetCode,Interview::LeetCode::Extra::02 Two Pointers,Two Pointers,heuristic
1686038121554,Android Unlock Patterns,Interview::LeetCode,Interview::LeetCode::Extra::09 Backtracking,Backtracking,heuristic
1686038121556,Data Stream as Disjoint Intervals,Interview::LeetCode,Interview::LeetCode::Extra::16 Intervals,Intervals,heuristic
1686038121558,Design Snake Game,Interview::LeetCode,Interview::LeetCode::Extra::17 Math & Geometry,Math & Geometry,heuristic
1686038121560,Russian Doll Envelopes,Interview::LeetCode,Interview::LeetCode::Extra::13 1-D Dynamic Programming,1-D Dynamic Programming,heuristic
1686038121564,Line Reflection,Interview::LeetCode,Interview::LeetCode::Extra::17 Math & Geometry,Math & Geometry,heuristic
1686038121566,Count Numbers with Unique Digits,Interview::LeetCode,Interview::LeetCode::Extra::09 Backtracking,Backtracking,heuristic
1686038121568,Rearrange String k Distance Apart,Interview::LeetCode,Interview::LeetCode::Extra::08 Heap - Priority Queue,Heap - Priority Queue,heuristic
1686038121570,Logger Rate Limiter,Interview::LeetCode,Interview::LeetCode::Extra::01 Arrays & Hashing,Arrays & Hashing,heuristic
1686038121572,Sort Transformed Array,Interview::LeetCode,Interview::LeetCode::Extra::02 Two Pointers,Two Pointers,heuristic
1686038121574,Bomb Enemy,Interview::LeetCode,Interview::LeetCode::Extra::14 2-D Dynamic Programming,2-D Dynamic Programming,heuristic
1686038121576,Design Hit Counter,Interview::LeetCode,Interview::LeetCode::Extra::05 Binary Search,Binary Search,heuristic
1686038121578,Max Sum of Rectangle No Larger Than K,Interview::LeetCode,Interview::LeetCode::Extra::05 Binary Search,Binary Search,heuristic
1686038121580,Nested List Weight Sum II,Interview::LeetCode,Interview::LeetCode::Extra::07 Trees,Trees,heuristic
1686038121582,Water and Jug Problem,Interview::LeetCode,Interview::LeetCode::Extra::07 Trees,Trees,heuristic
1686038121584,Find Leaves of Binary Tree,Interview::LeetCode,Interview::LeetCode::Extra::07 Trees,Trees,heuristic
1686038121586,Valid Perfect Square,Interview::LeetCode,Interview::LeetCode::Extra::05 Binary Search,Binary Search,heuristic
1686038121588,Largest Divisible Subset,Interview::LeetCode,Interview::LeetCode::Extra::13 1-D Dynamic Programming,1-D Dynamic Programming,heuristic
1686038121590,Plus One Linked List,Interview::LeetCode,Interview::LeetCode::Extra::06 Linked List,Linked List,heuristic
1686038121592,Range Addition,Interview::LeetCode,Interview::LeetCode::Extra::01 Arrays & Hashing,Arrays & Hashing,heuristic
1686038121596,Super Pow,Interview::LeetCode,Interview::LeetCode::Extra::17 Math & Geometry,Math & Geometry,heuristic
1686038121598,Find K Pairs with Smallest Sums,Interview::LeetCode,Interview::LeetCode::Extra::08 Heap - Priority Queue,Heap - Priority Queue,heuristic
1686038121600,Guess Number Higher or Lower,Interview::LeetCode,Interview::LeetCode::Extra::05 Binary Search,Binary Search,heuristic
1686038121602,Guess Number Higher or Lower II,Interview::LeetCode,Interview::LeetCode::Extra::13 1-D Dynamic Programming,1-D Dynamic Programming,heuristic
1686038121604,Wiggle Subsequence,Interview::LeetCode,Interview::LeetCode::Extra::13 1-D Dynamic Programming,1-D Dynamic Programming,heuristic
1686038121606,Combination Sum IV,Interview::LeetCode,Interview::LeetCode::Extra::13 1-D Dynamic Programming,1-D Dynamic Programming,heuristic
1686038121608,Kth Smallest Element in a Sorted Matrix,Interview::LeetCode,Interview::LeetCode::Extra::08 Heap - Priority Queue,Heap - Priority Queue,heuristic
1686038121610,Design Phone Directory,Interview::LeetCode,Interview::LeetCode::Extra::06 Linked List,Linked List,heuristic
1686038121612,Insert Delete GetRandom O(1),Interview::LeetCode,Interview::LeetCode::Extra::17 Math & Geometry,Math & Geometry,heuristic
1686038121614,Insert Delete GetRandom O(1) - Duplicates allowed,Interview::LeetCode,Interview::LeetCode::Extra::17 Math & Geometry,Math & Geometry,heuristic
1686038121616,Linked List Random Node,Interview::LeetCode,Interview::LeetCode::Extra::06 Linked List,Linked List,heuristic
1686038121618,Ransom Note,Interview::LeetCode,Interview::LeetCode::Extra::01 Arrays & Hashing,Arrays & Hashing,heuristic
1686038121620,Shuffle an Array,Interview::LeetCode,Interview::LeetCode::Extra::17 Math & Geometry,Math & Geometry,heuristic
1686038121622,Mini Parser,Interview::LeetCode,Interview::LeetCode::Extra::07 Trees,Trees,heuristic
1686038121624,Lexicographical Numbers,Interview::LeetCode,Interview::LeetCode::Extra::10 Tries,Tries,heuristic
1686038121626,First Unique Character in a String,Interview::LeetCode,Interview::LeetCode::Extra::01 Arrays & Hashing,Arrays & Hashing,heuristic
1686038121628,Longest Absolute File Path,Interview::LeetCode,Interview::LeetCode::Extra::07 Trees,Trees,heuristic
1686038121630,Find the Difference,Interview::LeetCode,Interview::LeetCode::Extra::18 Bit Manipulation,Bit Manipulation,heuristic
1686038121632,Elimination Game,Interview::LeetCode,Interview::LeetCode::Extra::17 Math & Geometry,Math & Geometry,heuristic
1686038121634,Perfect Rectangle,Interview::LeetCode,Interview::LeetCode::Extra::16 Intervals,Intervals,heuristic
1686038121636,Is Subsequence,Interview::LeetCode,Interview::LeetCode::Extra::13 1-D Dynamic Programming,1-D Dynamic Programming,heuristic
1686038121638,UTF-8 Validation,Interview::LeetCode,Interview::LeetCode::Extra::18 Bit Manipulation,Bit Manipulation,heuristic
1686038121640,Decode String,Interview::LeetCode,Interview::LeetCode::Extra::04 Stack,Stack,heuristic
1686038121642,Longest Substring with At Least K Repeating Characters,Interview::LeetCode,Interview::LeetCode::Extra::03 Sliding Window,Sliding Window,heuristic
1686038121644,Rotate Function,Interview::LeetCode,Interview::LeetCode::Extra::13 1-D Dynamic Programming,1-D Dynamic Programming,heuristic
1686038121646,Integer Replacement,Interview::LeetCode,Interview::LeetCode::Extra::13 1-D Dynamic Programming,1-D Dynamic Programming,heuristic
1686038121648,Random Pick Index,Interview::LeetCode,Interview::LeetCode::Extra::17 Math & Geometry,Math & Geometry,heuristic
1686038121650,Evaluate Division,Interview::LeetCode,Interview::LeetCode::Extra::12 Advanced Graphs,Advanced Graphs,heuristic
1686038121652,Nth Digit,Interview::LeetCode,Interview::LeetCode::Extra::05 Binary Search,Binary Search,heuristic
1686038121654,Binary Watch,Interview::LeetCode,Interview::LeetCode::Extra::09 Backtracking,Backtracking,heuristic
1686038121656,Remove K Digits,Interview::LeetCode,Interview::LeetCode::Extra::04 Stack,Stack,heuristic
1686038121658,Frog Jump,Interview::LeetCode,Interview::LeetCode::Extra::13 1-D Dynamic Programming,1-D Dynamic Programming,heuristic
1686038121660,Sum of Left Leaves,Interview::LeetCode,Interview::LeetCode::Extra::07 Trees,Trees,heuristic
1686038121662,Convert a Number to Hexadecimal,Interview::LeetCode,Interview::LeetCode::Extra::18 Bit Manipulation,Bit Manipulation,heuristic
1686038121664,Queue Reconstruction by Height,Interview::LeetCode,Interview::LeetCode::Extra::07 Trees,Trees,heuristic
1686038121666,Trapping Rain Water II,Interview::LeetCode,Interview::LeetCode::Extra::11 Graphs,Graphs,heuristic
1686038121668,Valid Word Abbreviation,Interview::LeetCode,Interview::LeetCode::Extra::02 Two Pointers,Two Pointers,heuristic
1686038121670,Longest Palindrome,Interview::LeetCode,Interview::LeetCode::Extra::15 Greedy,Greedy,heuristic
1686038121672,Split Array Largest Sum,Interview::LeetCode,Interview::LeetCode::Extra::13 1-D Dynamic Programming,1-D Dynamic Programming,heuristic
1686038121674,Minimum Unique Word Abbreviation,Interview::LeetCode,Interview::LeetCode::Extra::09 Backtracking,Backtracking,heuristic
1686038121676,Fizz Buzz,Interview::LeetCode,Interview::LeetCode::Extra::17 Math & Geometry,Math & Geometry,heuristic
1686038121678,Arithmetic Slices,Interview::LeetCode,Interview::LeetCode::Extra::13 1-D Dynamic Programming,1-D Dynamic Programming,heuristic
1686038121680,Third Maximum Number,Interview::LeetCode,Interview::LeetCode::Extra::01 Arrays & Hashing,Arrays & Hashing,heuristic
1686038121682,Add Strings,Interview::LeetCode,Interview::LeetCode::Extra::17 Math & Geometry,Math & Geometry,heuristic
1686038121688,Sentence Screen Fitting,Interview::LeetCode,Interview::LeetCode::Extra::13 1-D Dynamic Programming,1-D Dynamic Programming,heuristic
1686038121690,Battleships in a Board,Interview::LeetCode,Interview::LeetCode::Extra::11 Graphs,Graphs,heuristic
1686038121692,Strong Password Checker,Interview::LeetCode,Interview::LeetCode::Extra::08 Heap - Priority Queue,Heap - Priority Queue,heuristic
1686038121694,Maximum XOR of Two Numbers in an Array,Interview::LeetCode,Interview::LeetCode::Extra::10 Tries,Tries,heuristic
1686038121696,Valid Word Square,Interview::LeetCode,Interview::LeetCode::Extra::17 Math & Geometry,Math & Geometry,heuristic
1686038121698,Reconstruct Original Digits from English,Interview::LeetCode,Interview::LeetCode::Extra::17 Math & Geometry,Math & Geometry,heuristic
1686038121702,Word Squares,Interview::LeetCode,Interview::LeetCode::Extra::10 Tries,Tries,heuristic
1686038121704,Convert Binary Search Tree to Sorted Doubly Linked List,Interview::LeetCode,Interview::LeetCode::Extra::07 Trees,Trees,heuristic
1686038121706,Construct Quad Tree,Interview::LeetCode,Interview::LeetCode::Extra::07 Trees,Trees,heuristic
1686038121708,Serialize and Deserialize N-ary Tree,Interview::LeetCode,Interview::LeetCode::Extra::07 Trees,Trees,heuristic
1686038121710,N-ary Tree Level Order Traversal,Interview::LeetCode,Interview::LeetCode::Extra::07 Trees,Trees,heuristic
1686038121712,Flatten a Multilevel Doubly Linked List,Interview::LeetCode,Interview::LeetCode::Extra::07 Trees,Trees,heuristic
1686038121714,Encode N-ary Tree to Binary Tree,Interview::LeetCode,Interview::LeetCode::Extra::07 Trees,Trees,heuristic
1686038121716,All O`one Data Structure,Interview::LeetCode,Interview::LeetCode::Extra::06 Linked List,Linked List,heuristic
1686038121718,Minimum Genetic Mutation,Interview::LeetCode,Interview::LeetCode::Extra::07 Trees,Trees,heuristic
1686038121720,Number of Segments in a String,Interview::LeetCode,Interview::LeetCode::Extra::01 Arrays & Hashing,Arrays & Hashing,heuristic
1686038121724,Find Right Interval,Interview::LeetCode,Interview::LeetCode::Extra::16 Intervals,Intervals,heuristic
1686038121726,Path Sum III,Interview::LeetCode,Interview::LeetCode::Extra::07 Trees,Trees,heuristic
1686038121728,Find All Anagrams in a String,Interview::LeetCode,Interview::LeetCode::Extra::03 Sliding Window,Sliding Window,heuristic
1686038121730,Ternary Expression Parser,Interview::LeetCode,Interview::LeetCode::Extra::04 Stack,Stack,heuristic
1686038121732,K-th Smallest in Lexicographical Order,Interview::LeetCode,Interview::LeetCode::Extra::10 Tries,Tries,heuristic
1686038121734,Arranging Coins,Interview::LeetCode,Interview::LeetCode::Extra::05 Binary Search,Binary Search,heuristic
1686038121736,Find All Duplicates in an Array,Interview::LeetCode,Interview::LeetCode::Extra::01 Arrays & Hashing,Arrays & Hashing,heuristic
1686038121738,String Compression,Interview::LeetCode,Interview::LeetCode::Extra::02 Two Pointers,Two Pointers,heuristic
1686038121740,Sequence Reconstruction,Interview::LeetCode,Interview::LeetCode::Extra::11 Graphs,Graphs,heuristic
1686038121742,Add Two Numbers II,Interview::LeetCode,Interview::LeetCode::Extra::04 Stack,Stack,heuristic
1686038121744,Arithmetic Slices II - Subsequence,Interview::LeetCode,Interview::LeetCode::Extra::13 1-D Dynamic Programming,1-D Dynamic Programming,heuristic
1686038121746,Number of Boomerangs,Interview::LeetCode,Interview::LeetCode::Extra::17 Math & Geometry,Math & Geometry,heuristic
1686038121748,Find All Numbers Disappeared in an Array,Interview::LeetCode,Interview::LeetCode::Extra::01 Arrays & Hashing,Arrays & Hashing,heuristic
1686038121750,Serialize and Deserialize BST,Interview::LeetCode,Interview::LeetCode::Extra::07 Trees,Trees,heuristic
1686038121752,Delete Node in a BST,Interview::LeetCode,Interview::LeetCode::Extra::07 Trees,Trees,heuristic
1686038121754,Sort Characters By Frequency,Interview::LeetCode,Interview::LeetCode::Extra::08 Heap - Priority Queue,Heap - Priority Queue,heuristic
1686038121756,Minimum Number of Arrows to Burst Balloons,Interview::LeetCode,Interview::LeetCode::Extra::15 Greedy,Greedy,heuristic
1686038121758,Minimum Moves to Equal Array Elements,Interview::LeetCode,Interview::LeetCode::Extra::17 Math & Geometry,Math & Geometry,heuristic
1686038121760,4Sum II,Interview::LeetCode,Interview::LeetCode::Extra::01 Arrays & Hashing,Arrays & Hashing,heuristic
1686038121762,Assign Cookies,Interview::LeetCode,Interview::LeetCode::Extra::02 Two Pointers,Two Pointers,heuristic
1686038121764,132 Pattern,Interview::LeetCode,Interview::LeetCode::Extra::04 Stack,Stack,heuristic
1686038121766,Circular Array Loop,Interview::LeetCode,Interview::LeetCode::Extra::02 Two Pointers,Two Pointers,heuristic
1686038121768,Poor Pigs,Interview::LeetCode,Interview::LeetCode::Extra::13 1-D Dynamic Programming,1-D Dynamic Programming,heuristic
1686038121770,Repeated Substring Pattern,Interview::LeetCode,Interview::LeetCode::Extra::01 Arrays & Hashing,Arrays & Hashing,heuristic
1686038121772,LFU Cache,Interview::LeetCode,Interview::LeetCode::Extra::06 Linked List,Linked List,heuristic
1686038121774,Hamming Distance,Interview::LeetCode,Interview::LeetCode::Extra::18 Bit Manipulation,Bit Manipulation,heuristic
1686038121776,Minimum Moves to Equal Array Elements II,Interview::LeetCode,Interview::LeetCode::Extra::17 Math & Geometry,Math & Geometry,heuristic
1686038121778,Island Perimeter,Interview::LeetCode,Interview::LeetCode::Extra::11 Graphs,Graphs,heuristic
1686038121780,Can I Win,Interview::LeetCode,Interview::LeetCode::Extra::13 1-D Dynamic Programming,1-D Dynamic Programming,heuristic
1686038121782,Optimal Account Balancing,Interview::LeetCode,Interview::LeetCode::Extra::09 Backtracking,Backtracking,heuristic
1686038121784,Count The Repetitions,Interview::LeetCode,Interview::LeetCode::Extra::13 1-D Dynamic Programming,1-D Dynamic Programming,heuristic
1686038121786,Unique Substrings in Wraparound String,Interview::LeetCode,Interview::LeetCode::Extra::13 1-D Dynamic Programming,1-D Dynamic Programming,heuristic
1686038121788,Validate IP Address,Interview::LeetCode,Interview::LeetCode::Extra::01 Arrays & Hashing,Arrays & Hashing,heuristic
1686038121790,Convex Polygon,Interview::LeetCode,Interview::LeetCode::Extra::17 Math & Geometry,Math & Geometry,heuristic
1686038121792,Implement Rand10() Using Rand7(),Interview::LeetCode,Interview::LeetCode::Extra::17 Math & Geometry,Math & Geometry,heuristic
1686038121794,Encode String with Shortest Length,Interview::LeetCode,Interview::LeetCode::Extra::13 1-D Dynamic Programming,1-D Dynamic Programming,heuristic
1686038121796,Concatenated Words,Interview::LeetCode,Interview::LeetCode::Extra::10 Tries,Tries,heuristic
1686038121798,Matchsticks to Square,Interview::LeetCode,Interview::LeetCode::Extra::09 Backtracking,Backtracking,heuristic
1686038121800,Ones and Zeroes,Interview::LeetCode,Interview::LeetCode::Extra::13 1-D Dynamic Programming,1-D Dynamic Programming,heuristic
1686038121802,Heaters,Interview::LeetCode,Interview::LeetCode::Extra::02 Two Pointers,Two Pointers,heuristic
1686038121804,Number Complement,Interview::LeetCode,Interview::LeetCode::Extra::18 Bit Manipulation,Bit Manipulation,heuristic
1686038121806,Total Hamming Distance,Interview::LeetCode,Interview::LeetCode::Extra::18 Bit Manipulation,Bit Manipulation,heuristic
1686038121808,Generate Random Point in a Circle,Interview::LeetCode,Interview::LeetCode::Extra::17 Math & Geometry,Math & Geometry,heuristic
1686038121810,Largest Palindrome Product,Interview::LeetCode,Interview::LeetCode::Extra::17 Math & Geometry,Math & Geometry,heuristic
1686038121812,Sliding Window Median,Interview::LeetCode,Interview::LeetCode::Extra::08 Heap - Priority Queue,Heap - Priority Queue,heuristic
1686038121814,Magical String,Interview::LeetCode,Interview::LeetCode::Extra::02 Two Pointers,Two Pointers,heuristic
1686038121816,License Key Formatting,Interview::LeetCode,Interview::LeetCode::Extra::01 Arrays & Hashing,Arrays & Hashing,heuristic
1686038121818,Smallest Good Base,Interview::LeetCode,Interview::LeetCode::Extra::05 Binary Search,Binary Search,heuristic
1686038121820,Find Permutation,Interview::LeetCode,Interview::LeetCode::Extra::04 Stack,Stack,heuristic
1686038121822,Max Consecutive Ones,Interview::LeetCode,Interview::LeetCode::Extra::01 Arrays & Hashing,Arrays & Hashing,heuristic
1686038121824,Predict the Winner,Interview::LeetCode,Interview::LeetCode::Extra::13 1-D Dynamic Programming,1-D Dynamic Programming,heuristic
1686038121826,Max Consecutive Ones II,Interview::LeetCode,Interview::LeetCode::Extra::13 1-D Dynamic Programming,1-D Dynamic Programming,heuristic
1686038121828,Zuma Game,Interview::LeetCode,Interview::LeetCode::Extra::13 1-D Dynamic Programming,1-D Dynamic Programming,heuristic
1686038121830,Robot Room Cleaner,Interview::LeetCode,Interview::LeetCode::Extra::09 Backtracking,Backtracking,heuristic
1686038121832,The Maze,Interview::LeetCode,Interview::LeetCode::Extra::11 Graphs,Graphs,heuristic
1686038121834,Non-decreasing Subsequences,Interview::LeetCode,Interview::LeetCode::Extra::09 Backtracking,Backtracking,heuristic
1686038121836,Construct the Rectangle,Interview::LeetCode,Interview::LeetCode::Extra::17 Math & Geometry,Math & Geometry,heuristic
1686038121838,Reverse Pairs,Interview::LeetCode,Interview::LeetCode::Extra::07 Trees,Trees,heuristic
1686038121842,Teemo Attacking,Interview::LeetCode,Interview::LeetCode::Extra::01 Arrays & Hashing,Arrays & Hashing,heuristic
1686038121844,Next Greater Element I,Interview::LeetCode,Interview::LeetCode::Extra::04 Stack,Stack,heuristic
1686038121846,Random Point in Non-overlapping Rectangles,Interview::LeetCode,Interview::LeetCode::Extra::05 Binary Search,Binary Search,heuristic
1686038121848,Diagonal Traverse,Interview::LeetCode,Interview::LeetCode::Extra::17 Math & Geometry,Math & Geometry,heuristic
1686038121850,The Maze III,Interview::LeetCode,Interview::LeetCode::Extra::12 Advanced Graphs,Advanced Graphs,heuristic
1686038121852,Keyboard Row,Interview::LeetCode,Interview::LeetCode::Extra::01 Arrays & Hashing,Arrays & Hashing,heuristic
1686038121854,Find Mode in Binary Search Tree,Interview::LeetCode,Interview::LeetCode::Extra::07 Trees,Trees,heuristic
1686038121856,IPO,Interview::LeetCode,Interview::LeetCode::Extra::08 Heap - Priority Queue,Heap - Priority Queue,heuristic
1686038121858,Next Greater Element II,Interview::LeetCode,Interview::LeetCode::Extra::04 Stack,Stack,heuristic
1686038121860,Base 7,Interview::LeetCode,Interview::LeetCode::Extra::17 Math & Geometry,Math & Geometry,heuristic
1686038121862,The Maze II,Interview::LeetCode,Interview::LeetCode::Extra::12 Advanced Graphs,Advanced Graphs,heuristic
1686038121864,Relative Ranks,Interview::LeetCode,Interview::LeetCode::Extra::08 Heap - Priority Queue,Heap - Priority Queue,heuristic
1686038121866,Perfect Number,Interview::LeetCode,Interview::LeetCode::Extra::17 Math & Geometry,Math & Geometry,heuristic
1686038121868,Most Frequent Subtree Sum,Interview::LeetCode,Interview::LeetCode::Extra::07 Trees,Trees,heuristic
1686038121870,Fibonacci Number,Interview::LeetCode,Interview::LeetCode::Extra::13 1-D Dynamic Programming,1-D Dynamic Programming,heuristic
1686038121872,Inorder Successor in BST II,Interview::LeetCode,Interview::LeetCode::Extra::07 Trees,Trees,heuristic
1686038121874,Game Play Analysis I,Interview::LeetCode,Interview::LeetCode::Extra::99 Off-Roadmap::SQL & Database,SQL & Database,heuristic
1686038121876,Game Play Analysis II,Interview::LeetCode,Interview::LeetCode::Extra::99 Off-Roadmap::SQL & Database,SQL & Database,heuristic
1686038121878,Find Bottom Left Tree Value,Interview::LeetCode,Interview::LeetCode::Extra::07 Trees,Trees,heuristic
1686038121880,Freedom Trail,Interview::LeetCode,Interview::LeetCode::Extra::13 1-D Dynamic Programming,1-D Dynamic Programming,heuristic
1686038121882,Find Largest Value in Each Tree Row,Interview::LeetCode,Interview::LeetCode::Extra::07 Trees,Trees,heuristic
1686038121884,Longest Palindromic Subsequence,Interview::LeetCode,Interview::LeetCode::Extra::13 1-D Dynamic Programming,1-D Dynamic Programming,heuristic
1686038121886,Super Washing Machines,Interview::LeetCode,Interview::LeetCode::Extra::15 Greedy,Greedy,heuristic
1686038121890,Random Flip Matrix,Interview::LeetCode,Interview::LeetCode::Extra::17 Math & Geometry,Math & Geometry,heuristic
1686038121892,Detect Capital,Interview::LeetCode,Interview::LeetCode::Extra::01 Arrays & Hashing,Arrays & Hashing,heuristic
1686038121894,Longest Uncommon Subsequence I,Interview::LeetCode,Interview::LeetCode::Extra::01 Arrays & Hashing,Arrays & Hashing,heuristic
1686038121896,Longest Uncommon Subsequence II,Interview::LeetCode,Interview::LeetCode::Extra::02 Two Pointers,Two Pointers,heuristic
1686038121898,Continuous Subarray Sum,Interview::LeetCode,Interview::LeetCode::Extra::17 Math & Geometry,Math & Geometry,heuristic
1686038121900,Longest Word in Dictionary through Deleting,Interview::LeetCode,Interview::LeetCode::Extra::02 Two Pointers,Two Pointers,heuristic
1686038121902,Contiguous Array,Interview::LeetCode,Interview::LeetCode::Extra::01 Arrays & Hashing,Arrays & Hashing,heuristic
1686038121904,Beautiful Arrangement,Interview::LeetCode,Interview::LeetCode::Extra::09 Backtracking,Backtracking,heuristic
1686038121906,Word Abbreviation,Interview::LeetCode,Interview::LeetCode::Extra::10 Tries,Tries,heuristic
1686038121908,Random Pick with Weight,Interview::LeetCode,Interview::LeetCode::Extra::05 Binary Search,Binary Search,heuristic
1686038121910,Minesweeper,Interview::LeetCode,Interview::LeetCode::Extra::11 Graphs,Graphs,heuristic
1686038121912,Minimum Absolute Difference in BST,Interview::LeetCode,Interview::LeetCode::Extra::07 Trees,Trees,heuristic
1686038121914,Lonely Pixel I,Interview::LeetCode,Interview::LeetCode::Extra::17 Math & Geometry,Math & Geometry,heuristic
1686038121916,K-diff Pairs in an Array,Interview::LeetCode,Interview::LeetCode::Extra::02 Two Pointers,Two Pointers,heuristic
1686038121918,Lonely Pixel II,Interview::LeetCode,Interview::LeetCode::Extra::17 Math & Geometry,Math & Geometry,heuristic
1686038121920,Game Play Analysis III,Interview::LeetCode,Interview::LeetCode::Extra::99 Off-Roadmap::SQL & Database,SQL & Database,heuristic
1686038121922,Encode and Decode TinyURL,Interview::LeetCode,Interview::LeetCode::Extra::01 Arrays & Hashing,Arrays & Hashing,heuristic
1686038121924,Construct Binary Tree from String,Interview::LeetCode,Interview::LeetCode::Extra::07 Trees,Trees,heuristic
1686038121926,Complex Number Multiplication,Interview::LeetCode,Interview::LeetCode::Extra::17 Math & Geometry,Math & Geometry,heuristic
1686038121928,Convert BST to Greater Tree,Interview::LeetCode,Interview::LeetCode::Extra::07 Trees,Trees,heuristic
1686038121930,Minimum Time Difference,Interview::LeetCode,Interview::LeetCode::Extra::17 Math & Geometry,Math & Geometry,heuristic
1686038121932,Single Element in a Sorted Array,Interview::LeetCode,Interview::LeetCode::Extra::05 Binary Search,Binary Search,heuristic
1686038121934,Reverse String II,Interview::LeetCode,Interview::LeetCode::Extra::02 Two Pointers,Two Pointers,heuristic
1686038121936,01 Matrix,Interview::LeetCode,Interview::LeetCode::Extra::11 Graphs,Graphs,heuristic
1686038121940,Output Contest Matches,Interview::LeetCode,Interview::LeetCode::Extra::01 Arrays & Hashing,Arrays & Hashing,heuristic
1686038121942,Boundary of Binary Tree,Interview::LeetCode,Interview::LeetCode::Extra::07 Trees,Trees,heuristic
1686038121944,Remove Boxes,Interview::LeetCode,Interview::LeetCode::Extra::13 1-D Dynamic Programming,1-D Dynamic Programming,heuristic
1686038121946,Number of Provinces,Interview::LeetCode,Interview::LeetCode::Extra::11 Graphs,Graphs,heuristic
1686038121948,Split Array with Equal Sum,Interview::LeetCode,Interview::LeetCode::Extra::01 Arrays & Hashing,Arrays & Hashing,heuristic
1686038121950,Binary Tree Longest Consecutive Sequence II,Interview::LeetCode,Interview::LeetCode::Extra::07 Trees,Trees,heuristic
1686038121952,Game Play Analysis IV,Interview::LeetCode,Interview::LeetCode::Extra::99 Off-Roadmap::SQL & Database,SQL & Database,heuristic
1686038121954,Student Attendance Record I,Interview::LeetCode,Interview::LeetCode::Extra::01 Arrays & Hashing,Arrays & Hashing,heuristic
1686038121956,Student Attendance Record II,Interview::LeetCode,Interview::LeetCode::Extra::13 1-D Dynamic Programming,1-D Dynamic Programming,heuristic
1686038121958,Optimal Division,Interview::LeetCode,Interview::LeetCode::Extra::13 1-D Dynamic Programming,1-D Dynamic Programming,heuristic
1686038121960,Brick Wall,Interview::LeetCode,Interview::LeetCode::Extra::01 Arrays & Hashing,Arrays & Hashing,heuristic
1686038121962,Split Concatenated Strings,Interview::LeetCode,Interview::LeetCode::Extra::15 Greedy,Greedy,heuristic
1686038121964,Next Greater Element III,Interview::LeetCode,Interview::LeetCode::Extra::02 Two Pointers,Two Pointers,heuristic
1686038121966,Reverse Words in a String III,Interview::LeetCode,Interview::LeetCode::Extra::02 Two Pointers,Two Pointers,heuristic
1686038121968,Logical OR of Two Binary Grids Represented as Quad-Trees,Interview::LeetCode,Interview::LeetCode::Extra::07 Trees,Trees,heuristic
1686038121970,Maximum Depth of N-ary Tree,Interview::LeetCode,Interview::LeetCode::Extra::07 Trees,Trees,heuristic
1686038121972,Subarray Sum Equals K,Interview::LeetCode,Interview::LeetCode::Extra::01 Arrays & Hashing,Arrays & Hashing,heuristic
1686038121974,Array Partition,Interview::LeetCode,Interview::LeetCode::Extra::15 Greedy,Greedy,heuristic
1686038121976,Longest Line of Consecutive One in Matrix,Interview::LeetCode,Interview::LeetCode::Extra::14 2-D Dynamic Programming,2-D Dynamic Programming,heuristic
1686038121978,Binary Tree Tilt,Interview::LeetCode,Interview::LeetCode::Extra::07 Trees,Trees,heuristic
1686038121980,Find the Closest Palindrome,Interview::LeetCode,Interview::LeetCode::Extra::17 Math & Geometry,Math & Geometry,heuristic
1686038121982,Array Nesting,Interview::LeetCode,Interview::LeetCode::Extra::07 Trees,Trees,heuristic
1686038121984,Reshape the Matrix,Interview::LeetCode,Interview::LeetCode::Extra::17 Math & Geometry,Math & Geometry,heuristic
1686038121988,Maximum Vacation Days,Interview::LeetCode,Interview::LeetCode::Extra::14 2-D Dynamic Programming,2-D Dynamic Programming,heuristic
1686038121990,Median Employee Salary,Interview::LeetCode,Interview::LeetCode::Extra::99 Off-Roadmap::SQL & Database,SQL & Database,heuristic
1686038121992,Managers with at Least 5 Direct Reports,Interview::LeetCode,Interview::LeetCode::Extra::99 Off-Roadmap::SQL & Database,SQL & Database,heuristic
1686038121994,Find Median Given Frequency of Numbers,Interview::LeetCode,Interview::LeetCode::Extra::99 Off-Roadmap::SQL & Database,SQL & Database,heuristic
1686038121998,Squirrel Simulation,Interview::LeetCode,Interview::LeetCode::Extra::17 Math & Geometry,Math & Geometry,heuristic
1686038122000,Winning Candidate,Interview::LeetCode,Interview::LeetCode::Extra::99 Off-Roadmap::SQL & Database,SQL & Database,heuristic
1686038122002,Distribute Candies,Interview::LeetCode,Interview::LeetCode::Extra::01 Arrays & Hashing,Arrays & Hashing,heuristic
1686038122004,Out of Boundary Paths,Interview::LeetCode,Interview::LeetCode::Extra::13 1-D Dynamic Programming,1-D Dynamic Programming,heuristic
1686038122006,Employee Bonus,Interview::LeetCode,Interview::LeetCode::Extra::99 Off-Roadmap::SQL & Database,SQL & Database,heuristic
1686038122008,Get Highest Answer Rate Question,Interview::LeetCode,Interview::LeetCode::Extra::99 Off-Roadmap::SQL & Database,SQL & Database,heuristic
1686038122010,Find Cumulative Salary of an Employee,Interview::LeetCode,Interview::LeetCode::Extra::99 Off-Roadmap::SQL & Database,SQL & Database,heuristic
1686038122012,Count Student Number in Departments,Interview::LeetCode,Interview::LeetCode::Extra::99 Off-Roadmap::SQL & Database,SQL & Database,heuristic
1686038122014,Shortest Unsorted Continuous Subarray,Interview::LeetCode,Interview::LeetCode::Extra::04 Stack,Stack,heuristic
1686038122016,Kill Process,Interview::LeetCode,Interview::LeetCode::Extra::07 Trees,Trees,heuristic
1686038122018,Delete Operation for Two Strings,Interview::LeetCode,Interview::LeetCode::Extra::14 2-D Dynamic Programming,2-D Dynamic Programming,heuristic
1686038122020,Find Customer Referee,Interview::LeetCode,Interview::LeetCode::Extra::99 Off-Roadmap::SQL & Database,SQL & Database,heuristic
1686038122022,Investments in 2016,Interview::LeetCode,Interview::LeetCode::Extra::99 Off-Roadmap::SQL & Database,SQL & Database,heuristic
1686038122024,Customer Placing the Largest Number of Orders,Interview::LeetCode,Interview::LeetCode::Extra::99 Off-Roadmap::SQL & Database,SQL & Database,heuristic
1686038122026,Erect the Fence,Interview::LeetCode,Interview::LeetCode::Extra::17 Math & Geometry,Math & Geometry,heuristic
1686038122028,Design In-Memory File System,Interview::LeetCode,Interview::LeetCode::Extra::10 Tries,Tries,heuristic
1686038122030,N-ary Tree Preorder Traversal,Interview::LeetCode,Interview::LeetCode::Extra::07 Trees,Trees,heuristic
1686038122032,N-ary Tree Postorder Traversal,Interview::LeetCode,Interview::LeetCode::Extra::07 Trees,Trees,heuristic
1686038122034,Tag Validator,Interview::LeetCode,Interview::LeetCode::Extra::04 Stack,Stack,heuristic
1686038122036,Fraction Addition and Subtraction,Interview::LeetCode,Interview::LeetCode::Extra::17 Math & Geometry,Math & Geometry,heuristic
1686038122038,Valid Square,Interview::LeetCode,Interview::LeetCode::Extra::17 Math & Geometry,Math & Geometry,heuristic
1686038122040,Longest Harmonious Subsequence,Interview::LeetCode,Interview::LeetCode::Extra::01 Arrays & Hashing,Arrays & Hashing,heuristic
1686038122042,Big Countries,Interview::LeetCode,Interview::LeetCode::Extra::99 Off-Roadmap::SQL & Database,SQL & Database,heuristic
1686038122044,Classes More Than 5 Students,Interview::LeetCode,Interview::LeetCode::Extra::99 Off-Roadmap::SQL & Database,SQL & Database,heuristic
1686038122046,Friend Requests I: Overall Acceptance Rate,Interview::LeetCode,Interview::LeetCode::Extra::99 Off-Roadmap::SQL & Database,SQL & Database,heuristic
1686038122048,Range Addition II,Interview::LeetCode,Interview::LeetCode::Extra::17 Math & Geometry,Math & Geometry,heuristic
1686038122050,Minimum Index Sum of Two Lists,Interview::LeetCode,Interview::LeetCode::Extra::01 Arrays & Hashing,Arrays & Hashing,heuristic
1686038122052,Non-negative Integers without Consecutive Ones,Interview::LeetCode,Interview::LeetCode::Extra::13 1-D Dynamic Programming,1-D Dynamic Programming,heuristic
1686038122054,Human Traffic of Stadium,Interview::LeetCode,Interview::LeetCode::Extra::99 Off-Roadmap::SQL & Database,SQL & Database,heuristic
1686038122056,Friend Requests II: Who Has the Most Friends,Interview::LeetCode,Interview::LeetCode::Extra::99 Off-Roadmap::SQL & Database,SQL & Database,heuristic
1686038122058,Consecutive Available Seats,Interview::LeetCode,Interview::LeetCode::Extra::99 Off-Roadmap::SQL & Database,SQL & Database,heuristic
1686038122060,Design Compressed String Iterator,Interview::LeetCode,Interview::LeetCode::Extra::01 Arrays & Hashing,Arrays & Hashing,heuristic
1686038122062,Can Place Flowers,Interview::LeetCode,Interview::LeetCode::Extra::15 Greedy,Greedy,heuristic
1686038122064,Construct String from Binary Tree,Interview::LeetCode,Interview::LeetCode::Extra::07 Trees,Trees,heuristic
1686038122066,Sales Person,Interview::LeetCode,Interview::LeetCode::Extra::99 Off-Roadmap::SQL & Database,SQL & Database,heuristic
1686038122068,Tree Node,Interview::LeetCode,Interview::LeetCode::Extra::99 Off-Roadmap::SQL & Database,SQL & Database,heuristic
1686038122070,Find Duplicate File in System,Interview::LeetCode,Interview::LeetCode::Extra::01 Arrays & Hashing,Arrays & Hashing,heuristic
1686038122072,Triangle Judgement,Interview::LeetCode,Interview::LeetCode::Extra::99 Off-Roadmap::SQL & Database,SQL & Database,heuristic
1686038122074,Valid Triangle Number,Interview::LeetCode,Interview::LeetCode::Extra::02 Two Pointers,Two Pointers,heuristic
1686038122076,Shortest Distance in a Plane,Interview::LeetCode,Interview::LeetCode::Extra::99 Off-Roadmap::SQL & Database,SQL & Database,heuristic
1686038122078,Shortest Distance in a Line,Interview::LeetCode,Interview::LeetCode::Extra::99 Off-Roadmap::SQL & Database,SQL & Database,heuristic
1686038122080,Second Degree Follower,Interview::LeetCode,Interview::LeetCode::Extra::99 Off-Roadmap::SQL & Database,SQL & Database,heuristic
1686038122082,Average Salary: Departments VS Company,Interview::LeetCode,Interview::LeetCode::Extra::99 Off-Roadmap::SQL & Database,SQL & Database,heuristic
1686038122084,Add Bold Tag in String,Interview::LeetCode,Interview::LeetCode::Extra::10 Tries,Tries,heuristic
1686038122086,Merge Two Binary Trees,Interview::LeetCode,Interview::LeetCode::Extra::07 Trees,Trees,heuristic
1686038122088,Students Report By Geography,Interview::LeetCode,Interview::LeetCode::Extra::99 Off-Roadmap::SQL & Database,SQL & Database,heuristic
1686038122090,Biggest Single Number,Interview::LeetCode,Interview::LeetCode::Extra::99 Off-Roadmap::SQL & Database,SQL & Database,heuristic
1686038122092,Not Boring Movies,Interview::LeetCode,Interview::LeetCode::Extra::99 Off-Roadmap::SQL & Database,SQL & Database,heuristic
1686038122096,Design Circular Queue,Interview::LeetCode,Interview::LeetCode::Extra::06 Linked List,Linked List,heuristic
1686038122098,Add One Row to Tree,Interview::LeetCode,Interview::LeetCode::Extra::07 Trees,Trees,heuristic
1686038122100,Maximum Distance in Arrays,Interview::LeetCode,Interview::LeetCode::Extra::15 Greedy,Greedy,heuristic
1686038122102,Minimum Factorization,Interview::LeetCode,Interview::LeetCode::Extra::15 Greedy,Greedy,heuristic
1686038122104,Exchange Seats,Interview::LeetCode,Interview::LeetCode::Extra::99 Off-Roadmap::SQL & Database,SQL & Database,heuristic
1686038122106,Swap Salary,Interview::LeetCode,Interview::LeetCode::Extra::99 Off-Roadmap::SQL & Database,SQL & Database,heuristic
1686038122108,Maximum Product of Three Numbers,Interview::LeetCode,Interview::LeetCode::Extra::17 Math & Geometry,Math & Geometry,heuristic
1686038122110,K Inverse Pairs Array,Interview::LeetCode,Interview::LeetCode::Extra::13 1-D Dynamic Programming,1-D Dynamic Programming,heuristic
1686038122112,Course Schedule III,Interview::LeetCode,Interview::LeetCode::Extra::08 Heap - Priority Queue,Heap - Priority Queue,heuristic
1686038122114,Design Excel Sum Formula,Interview::LeetCode,Interview::LeetCode::Extra::11 Graphs,Graphs,heuristic
1686038122116,Smallest Range Covering Elements from K Lists,Interview::LeetCode,Interview::LeetCode::Extra::08 Heap - Priority Queue,Heap - Priority Queue,heuristic
1686038122118,Sum of Square Numbers,Interview::LeetCode,Interview::LeetCode::Extra::02 Two Pointers,Two Pointers,heuristic
1686038122120,Find the Derangement of An Array,Interview::LeetCode,Interview::LeetCode::Extra::13 1-D Dynamic Programming,1-D Dynamic Programming,heuristic
1686038122122,Design Log Storage System,Interview::LeetCode,Interview::LeetCode::Extra::01 Arrays & Hashing,Arrays & Hashing,heuristic
1686038122124,Exclusive Time of Functions,Interview::LeetCode,Interview::LeetCode::Extra::04 Stack,Stack,heuristic
1686038122126,Average of Levels in Binary Tree,Interview::LeetCode,Interview::LeetCode::Extra::07 Trees,Trees,heuristic
1686038122128,Shopping Offers,Interview::LeetCode,Interview::LeetCode::Extra::09 Backtracking,Backtracking,heuristic
1686038122130,Decode Ways II,Interview::LeetCode,Interview::LeetCode::Extra::13 1-D Dynamic Programming,1-D Dynamic Programming,heuristic
1686038122132,Solve the Equation,Interview::LeetCode,Interview::LeetCode::Extra::17 Math & Geometry,Math & Geometry,heuristic
1686038122134,Design Circular Deque,Interview::LeetCode,Interview::LeetCode::Extra::06 Linked List,Linked List,heuristic
1686038122136,Design Search Autocomplete System,Interview::LeetCode,Interview::LeetCode::Extra::10 Tries,Tries,heuristic
1686038122138,Maximum Average Subarray I,Interview::LeetCode,Interview::LeetCode::Extra::03 Sliding Window,Sliding Window,heuristic
1686038122140,Maximum Average Subarray II,Interview::LeetCode,Interview::LeetCode::Extra::05 Binary Search,Binary Search,heuristic
1686038122142,Set Mismatch,Interview::LeetCode,Interview::LeetCode::Extra::18 Bit Manipulation,Bit Manipulation,heuristic
1686038122144,Maximum Length of Pair Chain,Interview::LeetCode,Interview::LeetCode::Extra::13 1-D Dynamic Programming,1-D Dynamic Programming,heuristic
1686038122148,Replace Words,Interview::LeetCode,Interview::LeetCode::Extra::10 Tries,Tries,heuristic
1686038122150,Dota2 Senate,Interview::LeetCode,Interview::LeetCode::Extra::15 Greedy,Greedy,heuristic
1686038122152,2 Keys Keyboard,Interview::LeetCode,Interview::LeetCode::Extra::13 1-D Dynamic Programming,1-D Dynamic Programming,heuristic
1686038122154,4 Keys Keyboard,Interview::LeetCode,Interview::LeetCode::Extra::13 1-D Dynamic Programming,1-D Dynamic Programming,heuristic
1686038122156,Find Duplicate Subtrees,Interview::LeetCode,Interview::LeetCode::Extra::07 Trees,Trees,heuristic
1686038122158,Two Sum IV - Input is a BST,Interview::LeetCode,Interview::LeetCode::Extra::07 Trees,Trees,heuristic
1686038122160,Maximum Binary Tree,Interview::LeetCode,Interview::LeetCode::Extra::07 Trees,Trees,heuristic
1686038122162,Print Binary Tree,Interview::LeetCode,Interview::LeetCode::Extra::07 Trees,Trees,heuristic
1686038122164,Coin Path,Interview::LeetCode,Interview::LeetCode::Extra::13 1-D Dynamic Programming,1-D Dynamic Programming,heuristic
1686038122166,Robot Return to Origin,Interview::LeetCode,Interview::LeetCode::Extra::01 Arrays & Hashing,Arrays & Hashing,heuristic
1686038122168,Find K Closest Elements,Interview::LeetCode,Interview::LeetCode::Extra::08 Heap - Priority Queue,Heap - Priority Queue,heuristic
1686038122170,Split Array into Consecutive Subsequences,Interview::LeetCode,Interview::LeetCode::Extra::08 Heap - Priority Queue,Heap - Priority Queue,heuristic
1686038122172,Remove 9,Interview::LeetCode,Interview::LeetCode::Extra::17 Math & Geometry,Math & Geometry,heuristic
1686038122174,Image Smoother,Interview::LeetCode,Interview::LeetCode::Extra::17 Math & Geometry,Math & Geometry,heuristic
1686038122176,Maximum Width of Binary Tree,Interview::LeetCode,Interview::LeetCode::Extra::07 Trees,Trees,heuristic
1686038122178,Equal Tree Partition,Interview::LeetCode,Interview::LeetCode::Extra::07 Trees,Trees,heuristic
1686038122180,Strange Printer,Interview::LeetCode,Interview::LeetCode::Extra::13 1-D Dynamic Programming,1-D Dynamic Programming,heuristic
1686038122182,Non-decreasing Array,Interview::LeetCode,Interview::LeetCode::Extra::01 Arrays & Hashing,Arrays & Hashing,heuristic
1686038122184,Path Sum IV,Interview::LeetCode,Interview::LeetCode::Extra::07 Trees,Trees,heuristic
1686038122186,Beautiful Arrangement II,Interview::LeetCode,Interview::LeetCode::Extra::17 Math & Geometry,Math & Geometry,heuristic
1686038122188,Kth Smallest Number in Multiplication Table,Interview::LeetCode,Interview::LeetCode::Extra::05 Binary Search,Binary Search,heuristic
1686038122190,Trim a Binary Search Tree,Interview::LeetCode,Interview::LeetCode::Extra::07 Trees,Trees,heuristic
1686038122192,Maximum Swap,Interview::LeetCode,Interview::LeetCode::Extra::15 Greedy,Greedy,heuristic
1686038122194,Second Minimum Node In a Binary Tree,Interview::LeetCode,Interview::LeetCode::Extra::07 Trees,Trees,heuristic
1686038122196,Bulb Switcher II,Interview::LeetCode,Interview::LeetCode::Extra::07 Trees,Trees,heuristic
1686038122198,Number of Longest Increasing Subsequence,Interview::LeetCode,Interview::LeetCode::Extra::13 1-D Dynamic Programming,1-D Dynamic Programming,heuristic
1686038122200,Longest Continuous Increasing Subsequence,Interview::LeetCode,Interview::LeetCode::Extra::01 Arrays & Hashing,Arrays & Hashing,heuristic
1686038122202,Cut Off Trees for Golf Event,Interview::LeetCode,Interview::LeetCode::Extra::11 Graphs,Graphs,heuristic
1686038122204,Implement Magic Dictionary,Interview::LeetCode,Interview::LeetCode::Extra::10 Tries,Tries,heuristic
1686038122206,Map Sum Pairs,Interview::LeetCode,Interview::LeetCode::Extra::10 Tries,Tries,heuristic
1686038122210,24 Game,Interview::LeetCode,Interview::LeetCode::Extra::09 Backtracking,Backtracking,heuristic
1686038122212,Valid Palindrome II,Interview::LeetCode,Interview::LeetCode::Extra::02 Two Pointers,Two Pointers,heuristic
1686038122214,Next Closest Time,Interview::LeetCode,Interview::LeetCode::Extra::01 Arrays & Hashing,Arrays & Hashing,heuristic
1686038122216,Baseball Game,Interview::LeetCode,Interview::LeetCode::Extra::04 Stack,Stack,heuristic
1686038122218,K Empty Slots,Interview::LeetCode,Interview::LeetCode::Extra::07 Trees,Trees,heuristic
1686038122222,Redundant Connection II,Interview::LeetCode,Interview::LeetCode::Extra::11 Graphs,Graphs,heuristic
1686038122224,Repeated String Match,Interview::LeetCode,Interview::LeetCode::Extra::01 Arrays & Hashing,Arrays & Hashing,heuristic
1686038122226,Longest Univalue Path,Interview::LeetCode,Interview::LeetCode::Extra::07 Trees,Trees,heuristic
1686038122228,Knight Probability in Chessboard,Interview::LeetCode,Interview::LeetCode::Extra::13 1-D Dynamic Programming,1-D Dynamic Programming,heuristic
1686038122230,Maximum Sum of 3 Non-Overlapping Subarrays,Interview::LeetCode,Interview::LeetCode::Extra::13 1-D Dynamic Programming,1-D Dynamic Programming,heuristic
1686038122232,Employee Importance,Interview::LeetCode,Interview::LeetCode::Extra::07 Trees,Trees,heuristic
1686038122234,Stickers to Spell Word,Interview::LeetCode,Interview::LeetCode::Extra::09 Backtracking,Backtracking,heuristic
1686038122236,Top K Frequent Words,Interview::LeetCode,Interview::LeetCode::Extra::10 Tries,Tries,heuristic
1686038122238,Binary Number with Alternating Bits,Interview::LeetCode,Interview::LeetCode::Extra::18 Bit Manipulation,Bit Manipulation,heuristic
1686038122240,Number of Distinct Islands,Interview::LeetCode,Interview::LeetCode::Extra::11 Graphs,Graphs,heuristic
1686038122244,Count Binary Substrings,Interview::LeetCode,Interview::LeetCode::Extra::02 Two Pointers,Two Pointers,heuristic
1686038122246,Degree of an Array,Interview::LeetCode,Interview::LeetCode::Extra::01 Arrays & Hashing,Arrays & Hashing,heuristic
1686038122248,Partition to K Equal Sum Subsets,Interview::LeetCode,Interview::LeetCode::Extra::09 Backtracking,Backtracking,heuristic
1686038122250,Falling Squares,Interview::LeetCode,Interview::LeetCode::Extra::07 Trees,Trees,heuristic
1686038122252,Search in a Binary Search Tree,Interview::LeetCode,Interview::LeetCode::Extra::07 Trees,Trees,heuristic
1686038122254,Insert into a Binary Search Tree,Interview::LeetCode,Interview::LeetCode::Extra::07 Trees,Trees,heuristic
1686038122256,Search in a Sorted Array of Unknown Size,Interview::LeetCode,Interview::LeetCode::Extra::05 Binary Search,Binary Search,heuristic
1686038122262,Design HashSet,Interview::LeetCode,Interview::LeetCode::Extra::06 Linked List,Linked List,heuristic
1686038122264,Design HashMap,Interview::LeetCode,Interview::LeetCode::Extra::06 Linked List,Linked List,heuristic
1686038122266,Design Linked List,Interview::LeetCode,Interview::LeetCode::Extra::06 Linked List,Linked List,heuristic
1686038122268,Insert into a Sorted Circular Linked List,Interview::LeetCode,Interview::LeetCode::Extra::06 Linked List,Linked List,heuristic
1686038122270,To Lower Case,Interview::LeetCode,Interview::LeetCode::Extra::01 Arrays & Hashing,Arrays & Hashing,heuristic
1686038122272,Random Pick with Blacklist,Interview::LeetCode,Interview::LeetCode::Extra::05 Binary Search,Binary Search,heuristic
1686038122274,Number of Distinct Islands II,Interview::LeetCode,Interview::LeetCode::Extra::11 Graphs,Graphs,heuristic
1686038122276,Minimum ASCII Delete Sum for Two Strings,Interview::LeetCode,Interview::LeetCode::Extra::14 2-D Dynamic Programming,2-D Dynamic Programming,heuristic
1686038122278,Subarray Product Less Than K,Interview::LeetCode,Interview::LeetCode::Extra::03 Sliding Window,Sliding Window,heuristic
1686038122280,Best Time to Buy and Sell Stock with Transaction Fee,Interview::LeetCode,Interview::LeetCode::Extra::13 1-D Dynamic Programming,1-D Dynamic Programming,heuristic
1686038122282,Range Module,Interview::LeetCode,Interview::LeetCode::Extra::07 Trees,Trees,heuristic
1686038122284,Max Stack,Interview::LeetCode,Interview::LeetCode::Extra::04 Stack,Stack,heuristic
1686038122286,1-bit and 2-bit Characters,Interview::LeetCode,Interview::LeetCode::Extra::01 Arrays & Hashing,Arrays & Hashing,heuristic
1686038122288,Maximum Length of Repeated Subarray,Interview::LeetCode,Interview::LeetCode::Extra::13 1-D Dynamic Programming,1-D Dynamic Programming,heuristic
1686038122290,Find K-th Smallest Pair Distance,Interview::LeetCode,Interview::LeetCode::Extra::02 Two Pointers,Two Pointers,heuristic
1686038122292,Longest Word in Dictionary,Interview::LeetCode,Interview::LeetCode::Extra::10 Tries,Tries,heuristic
1686038122294,Accounts Merge,Interview::LeetCode,Interview::LeetCode::Extra::11 Graphs,Graphs,heuristic
1686038122296,Remove Comments,Interview::LeetCode,Interview::LeetCode::Extra::01 Arrays & Hashing,Arrays & Hashing,heuristic
1686038122298,Candy Crush,Interview::LeetCode,Interview::LeetCode::Extra::02 Two Pointers,Two Pointers,heuristic
1686038122300,Find Pivot Index,Interview::LeetCode,Interview::LeetCode::Extra::01 Arrays & Hashing,Arrays & Hashing,heuristic
1686038122302,Split Linked List in Parts,Interview::LeetCode,Interview::LeetCode::Extra::06 Linked List,Linked List,heuristic
1686038122304,Number of Atoms,Interview::LeetCode,Interview::LeetCode::Extra::04 Stack,Stack,heuristic
1686038122306,Minimum Window Subsequence,Interview::LeetCode,Interview::LeetCode::Extra::13 1-D Dynamic Programming,1-D Dynamic Programming,heuristic
1686038122308,Self Dividing Numbers,Interview::LeetCode,Interview::LeetCode::Extra::17 Math & Geometry,Math & Geometry,heuristic
1686038122310,My Calendar I,Interview::LeetCode,Interview::LeetCode::Extra::16 Intervals,Intervals,heuristic
1686038122312,Count Different Palindromic Subsequences,Interview::LeetCode,Interview::LeetCode::Extra::13 1-D Dynamic Programming,1-D Dynamic Programming,heuristic
1686038122314,My Calendar II,Interview::LeetCode,Interview::LeetCode::Extra::16 Intervals,Intervals,heuristic
1686038122316,My Calendar III,Interview::LeetCode,Interview::LeetCode::Extra::16 Intervals,Intervals,heuristic
1686038122318,Flood Fill,Interview::LeetCode,Interview::LeetCode::Extra::11 Graphs,Graphs,heuristic
1686038122320,Sentence Similarity,Interview::LeetCode,Interview::LeetCode::Extra::01 Arrays & Hashing,Arrays & Hashing,heuristic
1686038122322,Asteroid Collision,Interview::LeetCode,Interview::LeetCode::Extra::04 Stack,Stack,heuristic
1686038122324,Parse Lisp Expression,Interview::LeetCode,Interview::LeetCode::Extra::04 Stack,Stack,heuristic
1686038122326,Sentence Similarity II,Interview::LeetCode,Interview::LeetCode::Extra::11 Graphs,Graphs,heuristic
1686038122328,Monotone Increasing Digits,Interview::LeetCode,Interview::LeetCode::Extra::15 Greedy,Greedy,heuristic
1686038122332,Delete and Earn,Interview::LeetCode,Interview::LeetCode::Extra::13 1-D Dynamic Programming,1-D Dynamic Programming,heuristic
1686038122334,Cherry Pickup,Interview::LeetCode,Interview::LeetCode::Extra::14 2-D Dynamic Programming,2-D Dynamic Programming,heuristic
1686038122336,Closest Leaf in a Binary Tree,Interview::LeetCode,Interview::LeetCode::Extra::07 Trees,Trees,heuristic
1686038122340,Find Smallest Letter Greater Than Target,Interview::LeetCode,Interview::LeetCode::Extra::05 Binary Search,Binary Search,heuristic
1686038122342,Prefix and Suffix Search,Interview::LeetCode,Interview::LeetCode::Extra::10 Tries,Tries,heuristic
1686038122346,Largest Number At Least Twice of Others,Interview::LeetCode,Interview::LeetCode::Extra::01 Arrays & Hashing,Arrays & Hashing,heuristic
1686038122348,Shortest Completing Word,Interview::LeetCode,Interview::LeetCode::Extra::01 Arrays & Hashing,Arrays & Hashing,heuristic
1686038122350,Contain Virus,Interview::LeetCode,Interview::LeetCode::Extra::11 Graphs,Graphs,heuristic
1686038122352,Number Of Corner Rectangles,Interview::LeetCode,Interview::LeetCode::Extra::14 2-D Dynamic Programming,2-D Dynamic Programming,heuristic
1686038122354,IP to CIDR,Interview::LeetCode,Interview::LeetCode::Extra::18 Bit Manipulation,Bit Manipulation,heuristic
1686038122356,Open the Lock,Interview::LeetCode,Interview::LeetCode::Extra::07 Trees,Trees,heuristic
1686038122358,Cracking the Safe,Interview::LeetCode,Interview::LeetCode::Extra::12 Advanced Graphs,Advanced Graphs,heuristic
1686038122360,Reach a Number,Interview::LeetCode,Interview::LeetCode::Extra::05 Binary Search,Binary Search,heuristic
1686038122362,Pour Water,Interview::LeetCode,Interview::LeetCode::Extra::01 Arrays & Hashing,Arrays & Hashing,heuristic
1686038122364,Pyramid Transition Matrix,Interview::LeetCode,Interview::LeetCode::Extra::07 Trees,Trees,heuristic
1686038122366,Set Intersection Size At Least Two,Interview::LeetCode,Interview::LeetCode::Extra::15 Greedy,Greedy,heuristic
1686038122368,Bold Words in String,Interview::LeetCode,Interview::LeetCode::Extra::10 Tries,Tries,heuristic
1686038122370,Employee Free Time,Interview::LeetCode,Interview::LeetCode::Extra::08 Heap - Priority Queue,Heap - Priority Queue,heuristic
1686038122372,Find Anagram Mappings,Interview::LeetCode,Interview::LeetCode::Extra::01 Arrays & Hashing,Arrays & Hashing,heuristic
1686038122374,Special Binary String,Interview::LeetCode,Interview::LeetCode::Extra::01 Arrays & Hashing,Arrays & Hashing,heuristic
1686038122376,Prime Number of Set Bits in Binary Representation,Interview::LeetCode,Interview::LeetCode::Extra::18 Bit Manipulation,Bit Manipulation,heuristic
1686038122380,Largest Plus Sign,Interview::LeetCode,Interview::LeetCode::Extra::13 1-D Dynamic Programming,1-D Dynamic Programming,heuristic
1686038122382,Couples Holding Hands,Interview::LeetCode,Interview::LeetCode::Extra::11 Graphs,Graphs,heuristic
1686038122384,Toeplitz Matrix,Interview::LeetCode,Interview::LeetCode::Extra::17 Math & Geometry,Math & Geometry,heuristic
1686038122386,Reorganize String,Interview::LeetCode,Interview::LeetCode::Extra::08 Heap - Priority Queue,Heap - Priority Queue,heuristic
1686038122388,Max Chunks To Make Sorted II,Interview::LeetCode,Interview::LeetCode::Extra::04 Stack,Stack,heuristic
1686038122390,Max Chunks To Make Sorted,Interview::LeetCode,Interview::LeetCode::Extra::04 Stack,Stack,heuristic
1686038122392,Basic Calculator IV,Interview::LeetCode,Interview::LeetCode::Extra::04 Stack,Stack,heuristic
1686038122394,Jewels and Stones,Interview::LeetCode,Interview::LeetCode::Extra::01 Arrays & Hashing,Arrays & Hashing,heuristic
1686038122396,Basic Calculator III,Interview::LeetCode,Interview::LeetCode::Extra::04 Stack,Stack,heuristic
1686038122398,Sliding Puzzle,Interview::LeetCode,Interview::LeetCode::Extra::11 Graphs,Graphs,heuristic
1686038122400,Minimize Max Distance to Gas Station,Interview::LeetCode,Interview::LeetCode::Extra::05 Binary Search,Binary Search,heuristic
1686038122402,Global and Local Inversions,Interview::LeetCode,Interview::LeetCode::Extra::17 Math & Geometry,Math & Geometry,heuristic
1686038122404,Split BST,Interview::LeetCode,Interview::LeetCode::Extra::07 Trees,Trees,heuristic
1686038122406,Swap Adjacent in LR String,Interview::LeetCode,Interview::LeetCode::Extra::02 Two Pointers,Two Pointers,heuristic
1686038122410,K-th Symbol in Grammar,Interview::LeetCode,Interview::LeetCode::Extra::18 Bit Manipulation,Bit Manipulation,heuristic
1686038122412,Reaching Points,Interview::LeetCode,Interview::LeetCode::Extra::17 Math & Geometry,Math & Geometry,heuristic
1686038122414,Rabbits in Forest,Interview::LeetCode,Interview::LeetCode::Extra::15 Greedy,Greedy,heuristic
1686038122416,Transform to Chessboard,Interview::LeetCode,Interview::LeetCode::Extra::18 Bit Manipulation,Bit Manipulation,heuristic
1686038122418,Minimum Distance Between BST Nodes,Interview::LeetCode,Interview::LeetCode::Extra::07 Trees,Trees,heuristic
1686038122420,Letter Case Permutation,Interview::LeetCode,Interview::LeetCode::Extra::09 Backtracking,Backtracking,heuristic
1686038122422,Is Graph Bipartite?,Interview::LeetCode,Interview::LeetCode::Extra::11 Graphs,Graphs,heuristic
1686038122424,K-th Smallest Prime Fraction,Interview::LeetCode,Interview::LeetCode::Extra::08 Heap - Priority Queue,Heap - Priority Queue,heuristic
1686038122428,Rotated Digits,Interview::LeetCode,Interview::LeetCode::Extra::13 1-D Dynamic Programming,1-D Dynamic Programming,heuristic
1686038122430,Escape The Ghosts,Interview::LeetCode,Interview::LeetCode::Extra::17 Math & Geometry,Math & Geometry,heuristic
1686038122432,Domino and Tromino Tiling,Interview::LeetCode,Interview::LeetCode::Extra::13 1-D Dynamic Programming,1-D Dynamic Programming,heuristic
1686038122434,Custom Sort String,Interview::LeetCode,Interview::LeetCode::Extra::01 Arrays & Hashing,Arrays & Hashing,heuristic
1686038122436,Number of Matching Subsequences,Interview::LeetCode,Interview::LeetCode::Extra::10 Tries,Tries,heuristic
1686038122438,Preimage Size of Factorial Zeroes Function,Interview::LeetCode,Interview::LeetCode::Extra::05 Binary Search,Binary Search,heuristic
1686038122440,Valid Tic-Tac-Toe State,Interview::LeetCode,Interview::LeetCode::Extra::01 Arrays & Hashing,Arrays & Hashing,heuristic
1686038122442,Number of Subarrays with Bounded Maximum,Interview::LeetCode,Interview::LeetCode::Extra::02 Two Pointers,Two Pointers,heuristic
1686038122444,Rotate String,Interview::LeetCode,Interview::LeetCode::Extra::01 Arrays & Hashing,Arrays & Hashing,heuristic
1686038122446,All Paths From Source to Target,Interview::LeetCode,Interview::LeetCode::Extra::11 Graphs,Graphs,heuristic
1686038122448,Smallest Rotation with Highest Score,Interview::LeetCode,Interview::LeetCode::Extra::01 Arrays & Hashing,Arrays & Hashing,heuristic
1686038122450,Champagne Tower,Interview::LeetCode,Interview::LeetCode::Extra::13 1-D Dynamic Programming,1-D Dynamic Programming,heuristic
1686038122452,Similar RGB Color,Interview::LeetCode,Interview::LeetCode::Extra::17 Math & Geometry,Math & Geometry,heuristic
1686038122454,Minimum Swaps To Make Sequences Increasing,Interview::LeetCode,Interview::LeetCode::Extra::13 1-D Dynamic Programming,1-D Dynamic Programming,heuristic
1686038122456,Find Eventual Safe States,Interview::LeetCode,Interview::LeetCode::Extra::11 Graphs,Graphs,heuristic
1686038122458,Bricks Falling When Hit,Interview::LeetCode,Interview::LeetCode::Extra::11 Graphs,Graphs,heuristic
1686038122460,Unique Morse Code Words,Interview::LeetCode,Interview::LeetCode::Extra::01 Arrays & Hashing,Arrays & Hashing,heuristic
1686038122462,Split Array With Same Average,Interview::LeetCode,Interview::LeetCode::Extra::13 1-D Dynamic Programming,1-D Dynamic Programming,heuristic
1686038122464,Number of Lines To Write String,Interview::LeetCode,Interview::LeetCode::Extra::01 Arrays & Hashing,Arrays & Hashing,heuristic
1686038122466,Max Increase to Keep City Skyline,Interview::LeetCode,Interview::LeetCode::Extra::15 Greedy,Greedy,heuristic
1686038122468,Soup Servings,Interview::LeetCode,Interview::LeetCode::Extra::13 1-D Dynamic Programming,1-D Dynamic Programming,heuristic
1686038122470,Expressive Words,Interview::LeetCode,Interview::LeetCode::Extra::02 Two Pointers,Two Pointers,heuristic
1686038122472,Chalkboard XOR Game,Interview::LeetCode,Interview::LeetCode::Extra::13 1-D Dynamic Programming,1-D Dynamic Programming,heuristic
1686038122474,Subdomain Visit Count,Interview::LeetCode,Interview::LeetCode::Extra::01 Arrays & Hashing,Arrays & Hashing,heuristic
1686038122476,Largest Triangle Area,Interview::LeetCode,Interview::LeetCode::Extra::17 Math & Geometry,Math & Geometry,heuristic
1686038122478,Largest Sum of Averages,Interview::LeetCode,Interview::LeetCode::Extra::13 1-D Dynamic Programming,1-D Dynamic Programming,heuristic
1686038122480,Binary Tree Pruning,Interview::LeetCode,Interview::LeetCode::Extra::07 Trees,Trees,heuristic
1686038122482,Bus Routes,Interview::LeetCode,Interview::LeetCode::Extra::07 Trees,Trees,heuristic
1686038122484,Ambiguous Coordinates,Interview::LeetCode,Interview::LeetCode::Extra::09 Backtracking,Backtracking,heuristic
1686038122486,Linked List Components,Interview::LeetCode,Interview::LeetCode::Extra::06 Linked List,Linked List,heuristic
1686038122488,Race Car,Interview::LeetCode,Interview::LeetCode::Extra::13 1-D Dynamic Programming,1-D Dynamic Programming,heuristic
1686038122490,Most Common Word,Interview::LeetCode,Interview::LeetCode::Extra::01 Arrays & Hashing,Arrays & Hashing,heuristic
1686038122492,Short Encoding of Words,Interview::LeetCode,Interview::LeetCode::Extra::10 Tries,Tries,heuristic
1686038122494,Shortest Distance to a Character,Interview::LeetCode,Interview::LeetCode::Extra::02 Two Pointers,Two Pointers,heuristic
1686038122496,Card Flipping Game,Interview::LeetCode,Interview::LeetCode::Extra::01 Arrays & Hashing,Arrays & Hashing,heuristic
1686038122498,Binary Trees With Factors,Interview::LeetCode,Interview::LeetCode::Extra::13 1-D Dynamic Programming,1-D Dynamic Programming,heuristic
1686038122500,Goat Latin,Interview::LeetCode,Interview::LeetCode::Extra::01 Arrays & Hashing,Arrays & Hashing,heuristic
1686038122502,Friends Of Appropriate Ages,Interview::LeetCode,Interview::LeetCode::Extra::02 Two Pointers,Two Pointers,heuristic
1686038122504,Most Profit Assigning Work,Interview::LeetCode,Interview::LeetCode::Extra::02 Two Pointers,Two Pointers,heuristic
1686038122506,Making A Large Island,Interview::LeetCode,Interview::LeetCode::Extra::11 Graphs,Graphs,heuristic
1686038122508,Count Unique Characters of All Substrings of a Given String,Interview::LeetCode,Interview::LeetCode::Extra::13 1-D Dynamic Programming,1-D Dynamic Programming,heuristic
1686038122510,Consecutive Numbers Sum,Interview::LeetCode,Interview::LeetCode::Extra::17 Math & Geometry,Math & Geometry,heuristic
1686038122512,Positions of Large Groups,Interview::LeetCode,Interview::LeetCode::Extra::01 Arrays & Hashing,Arrays & Hashing,heuristic
1686038122514,Masking Personal Information,Interview::LeetCode,Interview::LeetCode::Extra::01 Arrays & Hashing,Arrays & Hashing,heuristic
1686038122516,Flipping an Image,Interview::LeetCode,Interview::LeetCode::Extra::02 Two Pointers,Two Pointers,heuristic
1686038122518,Find And Replace in String,Interview::LeetCode,Interview::LeetCode::Extra::01 Arrays & Hashing,Arrays & Hashing,heuristic
1686038122520,Sum of Distances in Tree,Interview::LeetCode,Interview::LeetCode::Extra::11 Graphs,Graphs,heuristic
1686038122522,Image Overlap,Interview::LeetCode,Interview::LeetCode::Extra::17 Math & Geometry,Math & Geometry,heuristic
1686038122524,Rectangle Overlap,Interview::LeetCode,Interview::LeetCode::Extra::17 Math & Geometry,Math & Geometry,heuristic
1686038122526,New 21 Game,Interview::LeetCode,Interview::LeetCode::Extra::13 1-D Dynamic Programming,1-D Dynamic Programming,heuristic
1686038122528,Push Dominoes,Interview::LeetCode,Interview::LeetCode::Extra::13 1-D Dynamic Programming,1-D Dynamic Programming,heuristic
1686038122530,Similar String Groups,Interview::LeetCode,Interview::LeetCode::Extra::11 Graphs,Graphs,heuristic
1686038122532,Magic Squares In Grid,Interview::LeetCode,Interview::LeetCode::Extra::17 Math & Geometry,Math & Geometry,heuristic
1686038122534,Keys and Rooms,Interview::LeetCode,Interview::LeetCode::Extra::11 Graphs,Graphs,heuristic
1686038122536,Split Array into Fibonacci Sequence,Interview::LeetCode,Interview::LeetCode::Extra::09 Backtracking,Backtracking,heuristic
1686038122538,Guess the Word,Interview::LeetCode,Interview::LeetCode::Extra::13 1-D Dynamic Programming,1-D Dynamic Programming,heuristic
1686038122540,Backspace String Compare,Interview::LeetCode,Interview::LeetCode::Extra::04 Stack,Stack,heuristic
1686038122542,Longest Mountain in Array,Interview::LeetCode,Interview::LeetCode::Extra::13 1-D Dynamic Programming,1-D Dynamic Programming,heuristic
1686038122546,Shortest Path Visiting All Nodes,Interview::LeetCode,Interview::LeetCode::Extra::11 Graphs,Graphs,heuristic
1686038122548,Shifting Letters,Interview::LeetCode,Interview::LeetCode::Extra::01 Arrays & Hashing,Arrays & Hashing,heuristic
1686038122550,Maximize Distance to Closest Person,Interview::LeetCode,Interview::LeetCode::Extra::01 Arrays & Hashing,Arrays & Hashing,heuristic
1686038122552,Rectangle Area II,Interview::LeetCode,Interview::LeetCode::Extra::07 Trees,Trees,heuristic
1686038122554,Loud and Rich,Interview::LeetCode,Interview::LeetCode::Extra::11 Graphs,Graphs,heuristic
1686038122556,Peak Index in a Mountain Array,Interview::LeetCode,Interview::LeetCode::Extra::05 Binary Search,Binary Search,heuristic
1686038122560,K-Similar Strings,Interview::LeetCode,Interview::LeetCode::Extra::07 Trees,Trees,heuristic
1686038122562,Exam Room,Interview::LeetCode,Interview::LeetCode::Extra::08 Heap - Priority Queue,Heap - Priority Queue,heuristic
1686038122564,Score of Parentheses,Interview::LeetCode,Interview::LeetCode::Extra::04 Stack,Stack,heuristic
1686038122566,Minimum Cost to Hire K Workers,Interview::LeetCode,Interview::LeetCode::Extra::08 Heap - Priority Queue,Heap - Priority Queue,heuristic
1686038122568,Mirror Reflection,Interview::LeetCode,Interview::LeetCode::Extra::17 Math & Geometry,Math & Geometry,heuristic
1686038122570,Buddy Strings,Interview::LeetCode,Interview::LeetCode::Extra::01 Arrays & Hashing,Arrays & Hashing,heuristic
1686038122572,Lemonade Change,Interview::LeetCode,Interview::LeetCode::Extra::15 Greedy,Greedy,heuristic
1686038122574,Score After Flipping Matrix,Interview::LeetCode,Interview::LeetCode::Extra::15 Greedy,Greedy,heuristic
1686038122576,Shortest Subarray with Sum at Least K,Interview::LeetCode,Interview::LeetCode::Extra::08 Heap - Priority Queue,Heap - Priority Queue,heuristic
1686038122578,All Nodes Distance K in Binary Tree,Interview::LeetCode,Interview::LeetCode::Extra::07 Trees,Trees,heuristic
1686038122580,Shortest Path to Get All Keys,Interview::LeetCode,Interview::LeetCode::Extra::11 Graphs,Graphs,heuristic
1686038122582,Smallest Subtree with all the Deepest Nodes,Interview::LeetCode,Interview::LeetCode::Extra::07 Trees,Trees,heuristic
1686038122584,Prime Palindrome,Interview::LeetCode,Interview::LeetCode::Extra::17 Math & Geometry,Math & Geometry,heuristic
1686038122586,Transpose Matrix,Interview::LeetCode,Interview::LeetCode::Extra::17 Math & Geometry,Math & Geometry,heuristic
1686038122588,Binary Gap,Interview::LeetCode,Interview::LeetCode::Extra::18 Bit Manipulation,Bit Manipulation,heuristic
1686038122590,Reordered Power of 2,Interview::LeetCode,Interview::LeetCode::Extra::17 Math & Geometry,Math & Geometry,heuristic
1686038122592,Advantage Shuffle,Interview::LeetCode,Interview::LeetCode::Extra::02 Two Pointers,Two Pointers,heuristic
1686038122594,Minimum Number of Refueling Stops,Interview::LeetCode,Interview::LeetCode::Extra::13 1-D Dynamic Programming,1-D Dynamic Programming,heuristic
1686038122596,Leaf-Similar Trees,Interview::LeetCode,Interview::LeetCode::Extra::07 Trees,Trees,heuristic
1686038122598,Length of Longest Fibonacci Subsequence,Interview::LeetCode,Interview::LeetCode::Extra::13 1-D Dynamic Programming,1-D Dynamic Programming,heuristic
1686038122600,Walking Robot Simulation,Interview::LeetCode,Interview::LeetCode::Extra::01 Arrays & Hashing,Arrays & Hashing,heuristic
1686038122604,Middle of the Linked List,Interview::LeetCode,Interview::LeetCode::Extra::06 Linked List,Linked List,heuristic
1686038122606,Stone Game,Interview::LeetCode,Interview::LeetCode::Extra::13 1-D Dynamic Programming,1-D Dynamic Programming,heuristic
1686038122608,Nth Magical Number,Interview::LeetCode,Interview::LeetCode::Extra::05 Binary Search,Binary Search,heuristic
1686038122610,Profitable Schemes,Interview::LeetCode,Interview::LeetCode::Extra::13 1-D Dynamic Programming,1-D Dynamic Programming,heuristic
1686038122612,Decoded String at Index,Interview::LeetCode,Interview::LeetCode::Extra::04 Stack,Stack,heuristic
1686038122614,Boats to Save People,Interview::LeetCode,Interview::LeetCode::Extra::02 Two Pointers,Two Pointers,heuristic
1686038122616,Reachable Nodes In Subdivided Graph,Interview::LeetCode,Interview::LeetCode::Extra::12 Advanced Graphs,Advanced Graphs,heuristic
1686038122618,Projection Area of 3D Shapes,Interview::LeetCode,Interview::LeetCode::Extra::17 Math & Geometry,Math & Geometry,heuristic
1686038122620,Uncommon Words from Two Sentences,Interview::LeetCode,Interview::LeetCode::Extra::01 Arrays & Hashing,Arrays & Hashing,heuristic
1686038122622,Spiral Matrix III,Interview::LeetCode,Interview::LeetCode::Extra::17 Math & Geometry,Math & Geometry,heuristic
1686038122624,Possible Bipartition,Interview::LeetCode,Interview::LeetCode::Extra::11 Graphs,Graphs,heuristic
1686038122626,Super Egg Drop,Interview::LeetCode,Interview::LeetCode::Extra::13 1-D Dynamic Programming,1-D Dynamic Programming,heuristic
1686038122628,Fair Candy Swap,Interview::LeetCode,Interview::LeetCode::Extra::05 Binary Search,Binary Search,heuristic
1686038122630,Construct Binary Tree from Preorder and Postorder Traversal,Interview::LeetCode,Interview::LeetCode::Extra::07 Trees,Trees,heuristic
1686038122632,Find and Replace Pattern,Interview::LeetCode,Interview::LeetCode::Extra::01 Arrays & Hashing,Arrays & Hashing,heuristic
1686038122634,Sum of Subsequence Widths,Interview::LeetCode,Interview::LeetCode::Extra::17 Math & Geometry,Math & Geometry,heuristic
1686038122636,Surface Area of 3D Shapes,Interview::LeetCode,Interview::LeetCode::Extra::17 Math & Geometry,Math & Geometry,heuristic
1686038122638,Groups of Special-Equivalent Strings,Interview::LeetCode,Interview::LeetCode::Extra::01 Arrays & Hashing,Arrays & Hashing,heuristic
1686038122640,All Possible Full Binary Trees,Interview::LeetCode,Interview::LeetCode::Extra::13 1-D Dynamic Programming,1-D Dynamic Programming,heuristic
1686038122642,Maximum Frequency Stack,Interview::LeetCode,Interview::LeetCode::Extra::04 Stack,Stack,heuristic
1686038122644,Monotonic Array,Interview::LeetCode,Interview::LeetCode::Extra::01 Arrays & Hashing,Arrays & Hashing,heuristic
1686038122646,Increasing Order Search Tree,Interview::LeetCode,Interview::LeetCode::Extra::07 Trees,Trees,heuristic
1686038122648,Bitwise ORs of Subarrays,Interview::LeetCode,Interview::LeetCode::Extra::13 1-D Dynamic Programming,1-D Dynamic Programming,heuristic
1686038122650,Orderly Queue,Interview::LeetCode,Interview::LeetCode::Extra::17 Math & Geometry,Math & Geometry,heuristic
1686038122652,RLE Iterator,Interview::LeetCode,Interview::LeetCode::Extra::01 Arrays & Hashing,Arrays & Hashing,heuristic
1686038122654,Online Stock Span,Interview::LeetCode,Interview::LeetCode::Extra::04 Stack,Stack,heuristic
1686038122656,Numbers At Most N Given Digit Set,Interview::LeetCode,Interview::LeetCode::Extra::13 1-D Dynamic Programming,1-D Dynamic Programming,heuristic
1686038122658,Valid Permutations for DI Sequence,Interview::LeetCode,Interview::LeetCode::Extra::13 1-D Dynamic Programming,1-D Dynamic Programming,heuristic
1686038122660,Fruit Into Baskets,Interview::LeetCode,Interview::LeetCode::Extra::03 Sliding Window,Sliding Window,heuristic
1686038122662,Sort Array By Parity,Interview::LeetCode,Interview::LeetCode::Extra::02 Two Pointers,Two Pointers,heuristic
1686038122664,Super Palindromes,Interview::LeetCode,Interview::LeetCode::Extra::17 Math & Geometry,Math & Geometry,heuristic
1686038122666,Sum of Subarray Minimums,Interview::LeetCode,Interview::LeetCode::Extra::13 1-D Dynamic Programming,1-D Dynamic Programming,heuristic
1686038122668,Smallest Range I,Interview::LeetCode,Interview::LeetCode::Extra::17 Math & Geometry,Math & Geometry,heuristic
1686038122670,Snakes and Ladders,Interview::LeetCode,Interview::LeetCode::Extra::11 Graphs,Graphs,heuristic
1686038122672,Smallest Range II,Interview::LeetCode,Interview::LeetCode::Extra::15 Greedy,Greedy,heuristic
1686038122674,Online Election,Interview::LeetCode,Interview::LeetCode::Extra::05 Binary Search,Binary Search,heuristic
1686038122676,Sort an Array,Interview::LeetCode,Interview::LeetCode::Extra::08 Heap - Priority Queue,Heap - Priority Queue,heuristic
1686038122678,Cat and Mouse,Interview::LeetCode,Interview::LeetCode::Extra::11 Graphs,Graphs,heuristic
1686038122680,X of a Kind in a Deck of Cards,Interview::LeetCode,Interview::LeetCode::Extra::17 Math & Geometry,Math & Geometry,heuristic
1686038122682,Partition Array into Disjoint Intervals,Interview::LeetCode,Interview::LeetCode::Extra::16 Intervals,Intervals,heuristic
1686038122684,Word Subsets,Interview::LeetCode,Interview::LeetCode::Extra::01 Arrays & Hashing,Arrays & Hashing,heuristic
1686038122686,Reverse Only Letters,Interview::LeetCode,Interview::LeetCode::Extra::02 Two Pointers,Two Pointers,heuristic
1686038122688,Maximum Sum Circular Subarray,Interview::LeetCode,Interview::LeetCode::Extra::13 1-D Dynamic Programming,1-D Dynamic Programming,heuristic
1686038122690,Complete Binary Tree Inserter,Interview::LeetCode,Interview::LeetCode::Extra::07 Trees,Trees,heuristic
1686038122692,Number of Music Playlists,Interview::LeetCode,Interview::LeetCode::Extra::13 1-D Dynamic Programming,1-D Dynamic Programming,heuristic
1686038122694,Minimum Add to Make Parentheses Valid,Interview::LeetCode,Interview::LeetCode::Extra::04 Stack,Stack,heuristic
1686038122696,Sort Array By Parity II,Interview::LeetCode,Interview::LeetCode::Extra::02 Two Pointers,Two Pointers,heuristic
1686038122698,3Sum With Multiplicity,Interview::LeetCode,Interview::LeetCode::Extra::02 Two Pointers,Two Pointers,heuristic
1686038122700,Minimize Malware Spread,Interview::LeetCode,Interview::LeetCode::Extra::11 Graphs,Graphs,heuristic
1686038122702,Long Pressed Name,Interview::LeetCode,Interview::LeetCode::Extra::02 Two Pointers,Two Pointers,heuristic
1686038122704,Flip String to Monotone Increasing,Interview::LeetCode,Interview::LeetCode::Extra::13 1-D Dynamic Programming,1-D Dynamic Programming,heuristic
1686038122706,Three Equal Parts,Interview::LeetCode,Interview::LeetCode::Extra::17 Math & Geometry,Math & Geometry,heuristic
1686038122708,Minimize Malware Spread II,Interview::LeetCode,Interview::LeetCode::Extra::11 Graphs,Graphs,heuristic
1686038122710,Unique Email Addresses,Interview::LeetCode,Interview::LeetCode::Extra::01 Arrays & Hashing,Arrays & Hashing,heuristic
1686038122712,Binary Subarrays With Sum,Interview::LeetCode,Interview::LeetCode::Extra::03 Sliding Window,Sliding Window,heuristic
1686038122714,Minimum Falling Path Sum,Interview::LeetCode,Interview::LeetCode::Extra::14 2-D Dynamic Programming,2-D Dynamic Programming,heuristic
1686038122716,Beautiful Array,Interview::LeetCode,Interview::LeetCode::Extra::17 Math & Geometry,Math & Geometry,heuristic
1686038122718,Number of Recent Calls,Interview::LeetCode,Interview::LeetCode::Extra::01 Arrays & Hashing,Arrays & Hashing,heuristic
1686038122720,Shortest Bridge,Interview::LeetCode,Interview::LeetCode::Extra::11 Graphs,Graphs,heuristic
1686038122722,Knight Dialer,Interview::LeetCode,Interview::LeetCode::Extra::13 1-D Dynamic Programming,1-D Dynamic Programming,heuristic
1686038122724,Stamping The Sequence,Interview::LeetCode,Interview::LeetCode::Extra::04 Stack,Stack,heuristic
1686038122726,Reorder Data in Log Files,Interview::LeetCode,Interview::LeetCode::Extra::01 Arrays & Hashing,Arrays & Hashing,heuristic
1686038122728,Range Sum of BST,Interview::LeetCode,Interview::LeetCode::Extra::07 Trees,Trees,heuristic
1686038122730,Minimum Area Rectangle,Interview::LeetCode,Interview::LeetCode::Extra::17 Math & Geometry,Math & Geometry,heuristic
1686038122732,Distinct Subsequences II,Interview::LeetCode,Interview::LeetCode::Extra::14 2-D Dynamic Programming,2-D Dynamic Programming,heuristic
1686038122734,Valid Mountain Array,Interview::LeetCode,Interview::LeetCode::Extra::01 Arrays & Hashing,Arrays & Hashing,heuristic
1686038122736,DI String Match,Interview::LeetCode,Interview::LeetCode::Extra::02 Two Pointers,Two Pointers,heuristic
1686038122738,Find the Shortest Superstring,Interview::LeetCode,Interview::LeetCode::Extra::13 1-D Dynamic Programming,1-D Dynamic Programming,heuristic
1686038122740,Delete Columns to Make Sorted,Interview::LeetCode,Interview::LeetCode::Extra::01 Arrays & Hashing,Arrays & Hashing,heuristic
1686038122742,Minimum Increment to Make Array Unique,Interview::LeetCode,Interview::LeetCode::Extra::15 Greedy,Greedy,heuristic
1686038122744,Validate Stack Sequences,Interview::LeetCode,Interview::LeetCode::Extra::04 Stack,Stack,heuristic
1686038122746,Most Stones Removed with Same Row or Column,Interview::LeetCode,Interview::LeetCode::Extra::11 Graphs,Graphs,heuristic
1686038122748,Bag of Tokens,Interview::LeetCode,Interview::LeetCode::Extra::02 Two Pointers,Two Pointers,heuristic
1686038122750,Largest Time for Given Digits,Interview::LeetCode,Interview::LeetCode::Extra::01 Arrays & Hashing,Arrays & Hashing,heuristic
1686038122752,Reveal Cards In Increasing Order,Interview::LeetCode,Interview::LeetCode::Extra::01 Arrays & Hashing,Arrays & Hashing,heuristic
1686038122754,Flip Equivalent Binary Trees,Interview::LeetCode,Interview::LeetCode::Extra::07 Trees,Trees,heuristic
1686038122756,Largest Component Size by Common Factor,Interview::LeetCode,Interview::LeetCode::Extra::11 Graphs,Graphs,heuristic
1686038122758,Verifying an Alien Dictionary,Interview::LeetCode,Interview::LeetCode::Extra::01 Arrays & Hashing,Arrays & Hashing,heuristic
1686038122760,Array of Doubled Pairs,Interview::LeetCode,Interview::LeetCode::Extra::15 Greedy,Greedy,heuristic
1686038122762,Delete Columns to Make Sorted II,Interview::LeetCode,Interview::LeetCode::Extra::15 Greedy,Greedy,heuristic
1686038122764,Tallest Billboard,Interview::LeetCode,Interview::LeetCode::Extra::13 1-D Dynamic Programming,1-D Dynamic Programming,heuristic
1686038122766,Prison Cells After N Days,Interview::LeetCode,Interview::LeetCode::Extra::18 Bit Manipulation,Bit Manipulation,heuristic
1686038122768,Check Completeness of a Binary Tree,Interview::LeetCode,Interview::LeetCode::Extra::07 Trees,Trees,heuristic
1686038122770,Regions Cut By Slashes,Interview::LeetCode,Interview::LeetCode::Extra::11 Graphs,Graphs,heuristic
1686038122772,Delete Columns to Make Sorted III,Interview::LeetCode,Interview::LeetCode::Extra::13 1-D Dynamic Programming,1-D Dynamic Programming,heuristic
1686038122774,N-Repeated Element in Size 2N Array,Interview::LeetCode,Interview::LeetCode::Extra::01 Arrays & Hashing,Arrays & Hashing,heuristic
1686038122776,Maximum Width Ramp,Interview::LeetCode,Interview::LeetCode::Extra::04 Stack,Stack,heuristic
1686038122778,Minimum Area Rectangle II,Interview::LeetCode,Interview::LeetCode::Extra::17 Math & Geometry,Math & Geometry,heuristic
1686038122780,Least Operators to Express Number,Interview::LeetCode,Interview::LeetCode::Extra::13 1-D Dynamic Programming,1-D Dynamic Programming,heuristic
1686038122782,Univalued Binary Tree,Interview::LeetCode,Interview::LeetCode::Extra::07 Trees,Trees,heuristic
1686038122784,Vowel Spellchecker,Interview::LeetCode,Interview::LeetCode::Extra::01 Arrays & Hashing,Arrays & Hashing,heuristic
1686038122786,Numbers With Same Consecutive Differences,Interview::LeetCode,Interview::LeetCode::Extra::09 Backtracking,Backtracking,heuristic
1686038122788,Binary Tree Cameras,Interview::LeetCode,Interview::LeetCode::Extra::13 1-D Dynamic Programming,1-D Dynamic Programming,heuristic
1686038122790,Pancake Sorting,Interview::LeetCode,Interview::LeetCode::Extra::02 Two Pointers,Two Pointers,heuristic
1686038122792,Powerful Integers,Interview::LeetCode,Interview::LeetCode::Extra::17 Math & Geometry,Math & Geometry,heuristic
1686038122794,Flip Binary Tree To Match Preorder Traversal,Interview::LeetCode,Interview::LeetCode::Extra::07 Trees,Trees,heuristic
1686038122796,Equal Rational Numbers,Interview::LeetCode,Interview::LeetCode::Extra::17 Math & Geometry,Math & Geometry,heuristic
1686038122800,Subarray Sums Divisible by K,Interview::LeetCode,Interview::LeetCode::Extra::01 Arrays & Hashing,Arrays & Hashing,heuristic
1686038122802,Odd Even Jump,Interview::LeetCode,Interview::LeetCode::Extra::13 1-D Dynamic Programming,1-D Dynamic Programming,heuristic
1686038122804,Largest Perimeter Triangle,Interview::LeetCode,Interview::LeetCode::Extra::15 Greedy,Greedy,heuristic
1686038122806,Squares of a Sorted Array,Interview::LeetCode,Interview::LeetCode::Extra::02 Two Pointers,Two Pointers,heuristic
1686038122808,Longest Turbulent Subarray,Interview::LeetCode,Interview::LeetCode::Extra::13 1-D Dynamic Programming,1-D Dynamic Programming,heuristic
1686038122810,Distribute Coins in Binary Tree,Interview::LeetCode,Interview::LeetCode::Extra::07 Trees,Trees,heuristic
1686038122812,Unique Paths III,Interview::LeetCode,Interview::LeetCode::Extra::09 Backtracking,Backtracking,heuristic
1686038122816,Triples with Bitwise AND Equal To Zero,Interview::LeetCode,Interview::LeetCode::Extra::18 Bit Manipulation,Bit Manipulation,heuristic
1686038122818,Minimum Cost For Tickets,Interview::LeetCode,Interview::LeetCode::Extra::13 1-D Dynamic Programming,1-D Dynamic Programming,heuristic
1686038122820,String Without AAA or BBB,Interview::LeetCode,Interview::LeetCode::Extra::15 Greedy,Greedy,heuristic
1686038122822,Sum of Even Numbers After Queries,Interview::LeetCode,Interview::LeetCode::Extra::01 Arrays & Hashing,Arrays & Hashing,heuristic
1686038122824,Interval List Intersections,Interview::LeetCode,Interview::LeetCode::Extra::16 Intervals,Intervals,heuristic
1686038122826,Vertical Order Traversal of a Binary Tree,Interview::LeetCode,Interview::LeetCode::Extra::07 Trees,Trees,heuristic
1686038122828,Smallest String Starting From Leaf,Interview::LeetCode,Interview::LeetCode::Extra::07 Trees,Trees,heuristic
1686038122830,Add to Array-Form of Integer,Interview::LeetCode,Interview::LeetCode::Extra::17 Math & Geometry,Math & Geometry,heuristic
1686038122832,Satisfiability of Equality Equations,Interview::LeetCode,Interview::LeetCode::Extra::11 Graphs,Graphs,heuristic
1686038122834,Broken Calculator,Interview::LeetCode,Interview::LeetCode::Extra::15 Greedy,Greedy,heuristic
1686038122836,Subarrays with K Different Integers,Interview::LeetCode,Interview::LeetCode::Extra::03 Sliding Window,Sliding Window,heuristic
1686038122838,Cousins in Binary Tree,Interview::LeetCode,Interview::LeetCode::Extra::07 Trees,Trees,heuristic
1686038122842,Minimum Number of K Consecutive Bit Flips,Interview::LeetCode,Interview::LeetCode::Extra::03 Sliding Window,Sliding Window,heuristic
1686038122844,Number of Squareful Arrays,Interview::LeetCode,Interview::LeetCode::Extra::09 Backtracking,Backtracking,heuristic
1686038122846,Find the Town Judge,Interview::LeetCode,Interview::LeetCode::Extra::11 Graphs,Graphs,heuristic
1686038122848,Maximum Binary Tree II,Interview::LeetCode,Interview::LeetCode::Extra::07 Trees,Trees,heuristic
1686038122850,Available Captures for Rook,Interview::LeetCode,Interview::LeetCode::Extra::17 Math & Geometry,Math & Geometry,heuristic
1686038122852,Minimum Cost to Merge Stones,Interview::LeetCode,Interview::LeetCode::Extra::13 1-D Dynamic Programming,1-D Dynamic Programming,heuristic
1686038122854,Grid Illumination,Interview::LeetCode,Interview::LeetCode::Extra::01 Arrays & Hashing,Arrays & Hashing,heuristic
1686038122856,Find Common Characters,Interview::LeetCode,Interview::LeetCode::Extra::01 Arrays & Hashing,Arrays & Hashing,heuristic
1686038122858,Check If Word Is Valid After Substitutions,Interview::LeetCode,Interview::LeetCode::Extra::04 Stack,Stack,heuristic
1686038122860,Max Consecutive Ones III,Interview::LeetCode,Interview::LeetCode::Extra::03 Sliding Window,Sliding Window,heuristic
1686038122862,Maximize Sum Of Array After K Negations,Interview::LeetCode,Interview::LeetCode::Extra::15 Greedy,Greedy,heuristic
1686038122864,Clumsy Factorial,Interview::LeetCode,Interview::LeetCode::Extra::04 Stack,Stack,heuristic
1686038122866,Minimum Domino Rotations For Equal Row,Interview::LeetCode,Interview::LeetCode::Extra::15 Greedy,Greedy,heuristic
1686038122868,Construct Binary Search Tree from Preorder Traversal,Interview::LeetCode,Interview::LeetCode::Extra::07 Trees,Trees,heuristic
1686038122870,Complement of Base 10 Integer,Interview::LeetCode,Interview::LeetCode::Extra::18 Bit Manipulation,Bit Manipulation,heuristic
1686038122872,Pairs of Songs With Total Durations Divisible by 60,Interview::LeetCode,Interview::LeetCode::Extra::01 Arrays & Hashing,Arrays & Hashing,heuristic
1686038122874,Capacity To Ship Packages Within D Days,Interview::LeetCode,Interview::LeetCode::Extra::05 Binary Search,Binary Search,heuristic
1686038122876,Numbers With Repeated Digits,Interview::LeetCode,Interview::LeetCode::Extra::13 1-D Dynamic Programming,1-D Dynamic Programming,heuristic
1686038122878,Partition Array Into Three Parts With Equal Sum,Interview::LeetCode,Interview::LeetCode::Extra::15 Greedy,Greedy,heuristic
1686038122880,Best Sightseeing Pair,Interview::LeetCode,Interview::LeetCode::Extra::13 1-D Dynamic Programming,1-D Dynamic Programming,heuristic
1686038122882,Smallest Integer Divisible by K,Interview::LeetCode,Interview::LeetCode::Extra::17 Math & Geometry,Math & Geometry,heuristic
1686038122884,Binary String With Substrings Representing 1 To N,Interview::LeetCode,Interview::LeetCode::Extra::01 Arrays & Hashing,Arrays & Hashing,heuristic
1686038122886,Convert to Base -2,Interview::LeetCode,Interview::LeetCode::Extra::17 Math & Geometry,Math & Geometry,heuristic
1686038122888,Binary Prefix Divisible By 5,Interview::LeetCode,Interview::LeetCode::Extra::01 Arrays & Hashing,Arrays & Hashing,heuristic
1686038122890,Next Greater Node In Linked List,Interview::LeetCode,Interview::LeetCode::Extra::04 Stack,Stack,heuristic
1686038122892,Number of Enclaves,Interview::LeetCode,Interview::LeetCode::Extra::11 Graphs,Graphs,heuristic
1686038122894,Remove Outermost Parentheses,Interview::LeetCode,Interview::LeetCode::Extra::04 Stack,Stack,heuristic
1686038122896,Sum of Root To Leaf Binary Numbers,Interview::LeetCode,Interview::LeetCode::Extra::07 Trees,Trees,heuristic
1686038122898,Camelcase Matching,Interview::LeetCode,Interview::LeetCode::Extra::10 Tries,Tries,heuristic
1686038122900,Video Stitching,Interview::LeetCode,Interview::LeetCode::Extra::13 1-D Dynamic Programming,1-D Dynamic Programming,heuristic
1686038122902,Divisor Game,Interview::LeetCode,Interview::LeetCode::Extra::13 1-D Dynamic Programming,1-D Dynamic Programming,heuristic
1686038122904,Maximum Difference Between Node and Ancestor,Interview::LeetCode,Interview::LeetCode::Extra::07 Trees,Trees,heuristic
1686038122906,Longest Arithmetic Subsequence,Interview::LeetCode,Interview::LeetCode::Extra::13 1-D Dynamic Programming,1-D Dynamic Programming,heuristic
1686038122908,Recover a Tree From Preorder Traversal,Interview::LeetCode,Interview::LeetCode::Extra::07 Trees,Trees,heuristic
1686038122910,Two City Scheduling,Interview::LeetCode,Interview::LeetCode::Extra::15 Greedy,Greedy,heuristic
1686038122912,Matrix Cells in Distance Order,Interview::LeetCode,Interview::LeetCode::Extra::17 Math & Geometry,Math & Geometry,heuristic
1686038122914,Maximum Sum of Two Non-Overlapping Subarrays,Interview::LeetCode,Interview::LeetCode::Extra::13 1-D Dynamic Programming,1-D Dynamic Programming,heuristic
1686038122916,Stream of Characters,Interview::LeetCode,Interview::LeetCode::Extra::10 Tries,Tries,heuristic
1686038122918,Moving Stones Until Consecutive,Interview::LeetCode,Interview::LeetCode::Extra::17 Math & Geometry,Math & Geometry,heuristic
1686038122920,Coloring A Border,Interview::LeetCode,Interview::LeetCode::Extra::11 Graphs,Graphs,heuristic
1686038122922,Uncrossed Lines,Interview::LeetCode,Interview::LeetCode::Extra::13 1-D Dynamic Programming,1-D Dynamic Programming,heuristic
1686038122924,Escape a Large Maze,Interview::LeetCode,Interview::LeetCode::Extra::07 Trees,Trees,heuristic
1686038122926,Valid Boomerang,Interview::LeetCode,Interview::LeetCode::Extra::17 Math & Geometry,Math & Geometry,heuristic
1686038122928,Binary Search Tree to Greater Sum Tree,Interview::LeetCode,Interview::LeetCode::Extra::07 Trees,Trees,heuristic
1686038122930,Minimum Score Triangulation of Polygon,Interview::LeetCode,Interview::LeetCode::Extra::13 1-D Dynamic Programming,1-D Dynamic Programming,heuristic
1686038122932,Moving Stones Until Consecutive II,Interview::LeetCode,Interview::LeetCode::Extra::02 Two Pointers,Two Pointers,heuristic
1686038122934,Robot Bounded In Circle,Interview::LeetCode,Interview::LeetCode::Extra::17 Math & Geometry,Math & Geometry,heuristic
1686038122936,Flower Planting With No Adjacent,Interview::LeetCode,Interview::LeetCode::Extra::11 Graphs,Graphs,heuristic
1686038122938,Partition Array for Maximum Sum,Interview::LeetCode,Interview::LeetCode::Extra::13 1-D Dynamic Programming,1-D Dynamic Programming,heuristic
1686038122940,Longest Duplicate Substring,Interview::LeetCode,Interview::LeetCode::Extra::10 Tries,Tries,heuristic
1686038122942,Customers Who Bought All Products,Interview::LeetCode,Interview::LeetCode::Extra::99 Off-Roadmap::SQL & Database,SQL & Database,heuristic
1686038122946,Remove All Adjacent Duplicates In String,Interview::LeetCode,Interview::LeetCode::Extra::04 Stack,Stack,heuristic
1686038122948,Longest String Chain,Interview::LeetCode,Interview::LeetCode::Extra::13 1-D Dynamic Programming,1-D Dynamic Programming,heuristic
1686038122950,Last Stone Weight II,Interview::LeetCode,Interview::LeetCode::Extra::13 1-D Dynamic Programming,1-D Dynamic Programming,heuristic
1686038122952,Actors and Directors Who Cooperated At Least Three Times,Interview::LeetCode,Interview::LeetCode::Extra::99 Off-Roadmap::SQL & Database,SQL & Database,heuristic
1686038122954,Height Checker,Interview::LeetCode,Interview::LeetCode::Extra::01 Arrays & Hashing,Arrays & Hashing,heuristic
1686038122956,Grumpy Bookstore Owner,Interview::LeetCode,Interview::LeetCode::Extra::03 Sliding Window,Sliding Window,heuristic
1686038122958,Previous Permutation With One Swap,Interview::LeetCode,Interview::LeetCode::Extra::15 Greedy,Greedy,heuristic
1686038122960,Distant Barcodes,Interview::LeetCode,Interview::LeetCode::Extra::08 Heap - Priority Queue,Heap - Priority Queue,heuristic
1686038122962,Shortest Way to Form String,Interview::LeetCode,Interview::LeetCode::Extra::02 Two Pointers,Two Pointers,heuristic
1686038122964,Confusing Number,Interview::LeetCode,Interview::LeetCode::Extra::17 Math & Geometry,Math & Geometry,heuristic
1686038122966,Campus Bikes,Interview::LeetCode,Interview::LeetCode::Extra::15 Greedy,Greedy,heuristic
1686038122968,Minimize Rounding Error to Meet Target,Interview::LeetCode,Interview::LeetCode::Extra::15 Greedy,Greedy,heuristic
1686038122970,All Paths from Source Lead to Destination,Interview::LeetCode,Interview::LeetCode::Extra::11 Graphs,Graphs,heuristic
1686038122972,Missing Element in Sorted Array,Interview::LeetCode,Interview::LeetCode::Extra::05 Binary Search,Binary Search,heuristic
1686038122974,Lexicographically Smallest Equivalent String,Interview::LeetCode,Interview::LeetCode::Extra::11 Graphs,Graphs,heuristic
1686038122976,Longest Repeating Substring,Interview::LeetCode,Interview::LeetCode::Extra::10 Tries,Tries,heuristic
1686038122978,Number of Valid Subarrays,Interview::LeetCode,Interview::LeetCode::Extra::04 Stack,Stack,heuristic
1686038122980,Fixed Point,Interview::LeetCode,Interview::LeetCode::Extra::05 Binary Search,Binary Search,heuristic
1686038122982,Index Pairs of a String,Interview::LeetCode,Interview::LeetCode::Extra::10 Tries,Tries,heuristic
1686038122984,Campus Bikes II,Interview::LeetCode,Interview::LeetCode::Extra::09 Backtracking,Backtracking,heuristic
1686038122986,Digit Count in Range,Interview::LeetCode,Interview::LeetCode::Extra::13 1-D Dynamic Programming,1-D Dynamic Programming,heuristic
1686038122988,Product Sales Analysis I,Interview::LeetCode,Interview::LeetCode::Extra::99 Off-Roadmap::SQL & Database,SQL & Database,heuristic
1686038122990,Product Sales Analysis II,Interview::LeetCode,Interview::LeetCode::Extra::99 Off-Roadmap::SQL & Database,SQL & Database,heuristic
1686038122992,Product Sales Analysis III,Interview::LeetCode,Interview::LeetCode::Extra::99 Off-Roadmap::SQL & Database,SQL & Database,heuristic
1686038122994,Greatest Common Divisor of Strings,Interview::LeetCode,Interview::LeetCode::Extra::17 Math & Geometry,Math & Geometry,heuristic
1686038122996,Flip Columns For Maximum Number of Equal Rows,Interview::LeetCode,Interview::LeetCode::Extra::17 Math & Geometry,Math & Geometry,heuristic
1686038122998,Adding Two Negabinary Numbers,Interview::LeetCode,Interview::LeetCode::Extra::17 Math & Geometry,Math & Geometry,heuristic
1686038123000,Number of Submatrices That Sum to Target,Interview::LeetCode,Interview::LeetCode::Extra::17 Math & Geometry,Math & Geometry,heuristic
1686038123002,Project Employees I,Interview::LeetCode,Interview::LeetCode::Extra::99 Off-Roadmap::SQL & Database,SQL & Database,heuristic
1686038123004,Project Employees II,Interview::LeetCode,Interview::LeetCode::Extra::99 Off-Roadmap::SQL & Database,SQL & Database,heuristic
1686038123006,Project Employees III,Interview::LeetCode,Interview::LeetCode::Extra::99 Off-Roadmap::SQL & Database,SQL & Database,heuristic
1686038123008,Occurrences After Bigram,Interview::LeetCode,Interview::LeetCode::Extra::01 Arrays & Hashing,Arrays & Hashing,heuristic
1686038123010,Letter Tile Possibilities,Interview::LeetCode,Interview::LeetCode::Extra::09 Backtracking,Backtracking,heuristic
1686038123012,Insufficient Nodes in Root to Leaf Paths,Interview::LeetCode,Interview::LeetCode::Extra::07 Trees,Trees,heuristic
1686038123014,Smallest Subsequence of Distinct Characters,Interview::LeetCode,Interview::LeetCode::Extra::04 Stack,Stack,heuristic
1686038123016,Sales Analysis I,Interview::LeetCode,Interview::LeetCode::Extra::99 Off-Roadmap::SQL & Database,SQL & Database,heuristic
1686038123018,Sales Analysis II,Interview::LeetCode,Interview::LeetCode::Extra::99 Off-Roadmap::SQL & Database,SQL & Database,heuristic
1686038123020,Sales Analysis III,Interview::LeetCode,Interview::LeetCode::Extra::99 Off-Roadmap::SQL & Database,SQL & Database,heuristic
1686038123022,Sum of Digits in the Minimum Number,Interview::LeetCode,Interview::LeetCode::Extra::17 Math & Geometry,Math & Geometry,heuristic
1686038123024,High Five,Interview::LeetCode,Interview::LeetCode::Extra::01 Arrays & Hashing,Arrays & Hashing,heuristic
1686038123026,Brace Expansion,Interview::LeetCode,Interview::LeetCode::Extra::09 Backtracking,Backtracking,heuristic
1686038123028,Confusing Number II,Interview::LeetCode,Interview::LeetCode::Extra::09 Backtracking,Backtracking,heuristic
1686038123030,Duplicate Zeros,Interview::LeetCode,Interview::LeetCode::Extra::02 Two Pointers,Two Pointers,heuristic
1686038123032,Largest Values From Labels,Interview::LeetCode,Interview::LeetCode::Extra::15 Greedy,Greedy,heuristic
1686038123034,Shortest Path in Binary Matrix,Interview::LeetCode,Interview::LeetCode::Extra::11 Graphs,Graphs,heuristic
1686038123036,Shortest Common Supersequence ,Interview::LeetCode,Interview::LeetCode::Extra::14 2-D Dynamic Programming,2-D Dynamic Programming,heuristic
1686038123038,Statistics from a Large Sample,Interview::LeetCode,Interview::LeetCode::Extra::17 Math & Geometry,Math & Geometry,heuristic
1686038123040,Car Pooling,Interview::LeetCode,Interview::LeetCode::Extra::16 Intervals,Intervals,heuristic
1686038123042,Find in Mountain Array,Interview::LeetCode,Interview::LeetCode::Extra::05 Binary Search,Binary Search,heuristic
1686038123044,Brace Expansion II,Interview::LeetCode,Interview::LeetCode::Extra::09 Backtracking,Backtracking,heuristic
1686038123046,Game Play Analysis V,Interview::LeetCode,Interview::LeetCode::Extra::99 Off-Roadmap::SQL & Database,SQL & Database,heuristic
1686038123048,Unpopular Books,Interview::LeetCode,Interview::LeetCode::Extra::99 Off-Roadmap::SQL & Database,SQL & Database,heuristic
1686038123050,Two Sum Less Than K,Interview::LeetCode,Interview::LeetCode::Extra::02 Two Pointers,Two Pointers,heuristic
1686038123052,Find K-Length Substrings With No Repeated Characters,Interview::LeetCode,Interview::LeetCode::Extra::03 Sliding Window,Sliding Window,heuristic
1686038123054,The Earliest Moment When Everyone Become Friends,Interview::LeetCode,Interview::LeetCode::Extra::11 Graphs,Graphs,heuristic
1686038123056,Path With Maximum Minimum Value,Interview::LeetCode,Interview::LeetCode::Extra::11 Graphs,Graphs,heuristic
1686038123058,Distribute Candies to People,Interview::LeetCode,Interview::LeetCode::Extra::17 Math & Geometry,Math & Geometry,heuristic
1686038123060,Path In Zigzag Labelled Binary Tree,Interview::LeetCode,Interview::LeetCode::Extra::07 Trees,Trees,heuristic
1686038123062,Filling Bookcase Shelves,Interview::LeetCode,Interview::LeetCode::Extra::13 1-D Dynamic Programming,1-D Dynamic Programming,heuristic
1686038123064,Parsing A Boolean Expression,Interview::LeetCode,Interview::LeetCode::Extra::04 Stack,Stack,heuristic
1686038123066,New Users Daily Count,Interview::LeetCode,Interview::LeetCode::Extra::99 Off-Roadmap::SQL & Database,SQL & Database,heuristic
1686038123068,Defanging an IP Address,Interview::LeetCode,Interview::LeetCode::Extra::01 Arrays & Hashing,Arrays & Hashing,heuristic
1686038123070,Corporate Flight Bookings,Interview::LeetCode,Interview::LeetCode::Extra::01 Arrays & Hashing,Arrays & Hashing,heuristic
1686038123072,Delete Nodes And Return Forest,Interview::LeetCode,Interview::LeetCode::Extra::07 Trees,Trees,heuristic
1686038123074,Maximum Nesting Depth of Two Valid Parentheses Strings,Interview::LeetCode,Interview::LeetCode::Extra::04 Stack,Stack,heuristic
1686038123076,Highest Grade For Each Student,Interview::LeetCode,Interview::LeetCode::Extra::99 Off-Roadmap::SQL & Database,SQL & Database,heuristic
1686038123078,Reported Posts,Interview::LeetCode,Interview::LeetCode::Extra::99 Off-Roadmap::SQL & Database,SQL & Database,heuristic
1686038123080,Print in Order,Interview::LeetCode,Interview::LeetCode::Extra::99 Off-Roadmap::Concurrency & Shell,Concurrency & Shell,heuristic
1686038123082,Print FooBar Alternately,Interview::LeetCode,Interview::LeetCode::Extra::99 Off-Roadmap::Concurrency & Shell,Concurrency & Shell,heuristic
1686038123084,Print Zero Even Odd,Interview::LeetCode,Interview::LeetCode::Extra::99 Off-Roadmap::Concurrency & Shell,Concurrency & Shell,heuristic
1686038123086,Building H2O,Interview::LeetCode,Interview::LeetCode::Extra::99 Off-Roadmap::Concurrency & Shell,Concurrency & Shell,heuristic
1686038123088,Number of Days in a Month,Interview::LeetCode,Interview::LeetCode::Extra::17 Math & Geometry,Math & Geometry,heuristic
1686038123090,Remove Vowels from a String,Interview::LeetCode,Interview::LeetCode::Extra::01 Arrays & Hashing,Arrays & Hashing,heuristic
1686038123092,Maximum Average Subtree,Interview::LeetCode,Interview::LeetCode::Extra::07 Trees,Trees,heuristic
1686038123094,Divide Array Into Increasing Sequences,Interview::LeetCode,Interview::LeetCode::Extra::15 Greedy,Greedy,heuristic
1686038123096,Relative Sort Array,Interview::LeetCode,Interview::LeetCode::Extra::01 Arrays & Hashing,Arrays & Hashing,heuristic
1686038123098,Lowest Common Ancestor of Deepest Leaves,Interview::LeetCode,Interview::LeetCode::Extra::07 Trees,Trees,heuristic
1686038123100,Longest Well-Performing Interval,Interview::LeetCode,Interview::LeetCode::Extra::16 Intervals,Intervals,heuristic
1686038123102,Smallest Sufficient Team,Interview::LeetCode,Interview::LeetCode::Extra::13 1-D Dynamic Programming,1-D Dynamic Programming,heuristic
1686038123104,Active Businesses,Interview::LeetCode,Interview::LeetCode::Extra::99 Off-Roadmap::SQL & Database,SQL & Database,heuristic
1686038123106,User Purchase Platform,Interview::LeetCode,Interview::LeetCode::Extra::99 Off-Roadmap::SQL & Database,SQL & Database,heuristic
1686038123108,Number of Equivalent Domino Pairs,Interview::LeetCode,Interview::LeetCode::Extra::01 Arrays & Hashing,Arrays & Hashing,heuristic
1686038123110,Shortest Path with Alternating Colors,Interview::LeetCode,Interview::LeetCode::Extra::11 Graphs,Graphs,heuristic
1686038123112,Minimum Cost Tree From Leaf Values,Interview::LeetCode,Interview::LeetCode::Extra::13 1-D Dynamic Programming,1-D Dynamic Programming,heuristic
1686038123114,Maximum of Absolute Value Expression,Interview::LeetCode,Interview::LeetCode::Extra::17 Math & Geometry,Math & Geometry,heuristic
1686038123116,Reported Posts II,Interview::LeetCode,Interview::LeetCode::Extra::99 Off-Roadmap::SQL & Database,SQL & Database,heuristic
1686038123118,Largest Unique Number,Interview::LeetCode,Interview::LeetCode::Extra::01 Arrays & Hashing,Arrays & Hashing,heuristic
1686038123120,Armstrong Number,Interview::LeetCode,Interview::LeetCode::Extra::17 Math & Geometry,Math & Geometry,heuristic
1686038123122,Connecting Cities With Minimum Cost,Interview::LeetCode,Interview::LeetCode::Extra::12 Advanced Graphs,Advanced Graphs,heuristic
1686038123124,Parallel Courses,Interview::LeetCode,Interview::LeetCode::Extra::11 Graphs,Graphs,heuristic
1686038123126,N-th Tribonacci Number,Interview::LeetCode,Interview::LeetCode::Extra::13 1-D Dynamic Programming,1-D Dynamic Programming,heuristic
1686038123128,Alphabet Board Path,Interview::LeetCode,Interview::LeetCode::Extra::01 Arrays & Hashing,Arrays & Hashing,heuristic
1686038123130,Largest 1-Bordered Square,Interview::LeetCode,Interview::LeetCode::Extra::14 2-D Dynamic Programming,2-D Dynamic Programming,heuristic
1686038123132,Stone Game II,Interview::LeetCode,Interview::LeetCode::Extra::13 1-D Dynamic Programming,1-D Dynamic Programming,heuristic
1686038123134,User Activity for the Past 30 Days I,Interview::LeetCode,Interview::LeetCode::Extra::99 Off-Roadmap::SQL & Database,SQL & Database,heuristic
1686038123136,User Activity for the Past 30 Days II,Interview::LeetCode,Interview::LeetCode::Extra::99 Off-Roadmap::SQL & Database,SQL & Database,heuristic
1686038123140,Decrease Elements To Make Array Zigzag,Interview::LeetCode,Interview::LeetCode::Extra::15 Greedy,Greedy,heuristic
1686038123142,Binary Tree Coloring Game,Interview::LeetCode,Interview::LeetCode::Extra::07 Trees,Trees,heuristic
1686038123144,Snapshot Array,Interview::LeetCode,Interview::LeetCode::Extra::05 Binary Search,Binary Search,heuristic
1686038123146,Longest Chunked Palindrome Decomposition,Interview::LeetCode,Interview::LeetCode::Extra::13 1-D Dynamic Programming,1-D Dynamic Programming,heuristic
1686038123148,Article Views I,Interview::LeetCode,Interview::LeetCode::Extra::99 Off-Roadmap::SQL & Database,SQL & Database,heuristic
1686038123150,Article Views II,Interview::LeetCode,Interview::LeetCode::Extra::99 Off-Roadmap::SQL & Database,SQL & Database,heuristic
1686038123152,Check If a Number Is Majority Element in a Sorted Array,Interview::LeetCode,Interview::LeetCode::Extra::05 Binary Search,Binary Search,heuristic
1686038123154,Minimum Swaps to Group All 1's Together,Interview::LeetCode,Interview::LeetCode::Extra::03 Sliding Window,Sliding Window,heuristic
1686038123156,Analyze User Website Visit Pattern,Interview::LeetCode,Interview::LeetCode::Extra::01 Arrays & Hashing,Arrays & Hashing,heuristic
1686038123158,String Transforms Into Another String,Interview::LeetCode,Interview::LeetCode::Extra::01 Arrays & Hashing,Arrays & Hashing,heuristic
1686038123160,Day of the Year,Interview::LeetCode,Interview::LeetCode::Extra::17 Math & Geometry,Math & Geometry,heuristic
1686038123162,Number of Dice Rolls With Target Sum,Interview::LeetCode,Interview::LeetCode::Extra::13 1-D Dynamic Programming,1-D Dynamic Programming,heuristic
1686038123164,Swap For Longest Repeated Character Substring,Interview::LeetCode,Interview::LeetCode::Extra::03 Sliding Window,Sliding Window,heuristic
1686038123166,Online Majority Element In Subarray,Interview::LeetCode,Interview::LeetCode::Extra::07 Trees,Trees,heuristic
1686038123168,Market Analysis I,Interview::LeetCode,Interview::LeetCode::Extra::99 Off-Roadmap::SQL & Database,SQL & Database,heuristic
1686038123170,Market Analysis II,Interview::LeetCode,Interview::LeetCode::Extra::99 Off-Roadmap::SQL & Database,SQL & Database,heuristic
1686038123172,Find Words That Can Be Formed by Characters,Interview::LeetCode,Interview::LeetCode::Extra::01 Arrays & Hashing,Arrays & Hashing,heuristic
1686038123174,Maximum Level Sum of a Binary Tree,Interview::LeetCode,Interview::LeetCode::Extra::07 Trees,Trees,heuristic
1686038123176,As Far from Land as Possible,Interview::LeetCode,Interview::LeetCode::Extra::11 Graphs,Graphs,heuristic
1686038123178,Last Substring in Lexicographical Order,Interview::LeetCode,Interview::LeetCode::Extra::02 Two Pointers,Two Pointers,heuristic
1686038123180,Product Price at a Given Date,Interview::LeetCode,Interview::LeetCode::Extra::99 Off-Roadmap::SQL & Database,SQL & Database,heuristic
1686038123182,Single-Row Keyboard,Interview::LeetCode,Interview::LeetCode::Extra::01 Arrays & Hashing,Arrays & Hashing,heuristic
1686038123184,Design File System,Interview::LeetCode,Interview::LeetCode::Extra::10 Tries,Tries,heuristic
1686038123186,Minimum Cost to Connect Sticks,Interview::LeetCode,Interview::LeetCode::Extra::08 Heap - Priority Queue,Heap - Priority Queue,heuristic
1686038123188,Optimize Water Distribution in a Village,Interview::LeetCode,Interview::LeetCode::Extra::12 Advanced Graphs,Advanced Graphs,heuristic
1686038123190,Invalid Transactions,Interview::LeetCode,Interview::LeetCode::Extra::01 Arrays & Hashing,Arrays & Hashing,heuristic
1686038123192,Compare Strings by Frequency of the Smallest Character,Interview::LeetCode,Interview::LeetCode::Extra::05 Binary Search,Binary Search,heuristic
1686038123194,Remove Zero Sum Consecutive Nodes from Linked List,Interview::LeetCode,Interview::LeetCode::Extra::06 Linked List,Linked List,heuristic
1686038123196,Dinner Plate Stacks,Interview::LeetCode,Interview::LeetCode::Extra::08 Heap - Priority Queue,Heap - Priority Queue,heuristic
1686038123198,Immediate Food Delivery I,Interview::LeetCode,Interview::LeetCode::Extra::99 Off-Roadmap::SQL & Database,SQL & Database,heuristic
1686038123200,Immediate Food Delivery II,Interview::LeetCode,Interview::LeetCode::Extra::99 Off-Roadmap::SQL & Database,SQL & Database,heuristic
1686038123202,Prime Arrangements,Interview::LeetCode,Interview::LeetCode::Extra::17 Math & Geometry,Math & Geometry,heuristic
1686038123204,Diet Plan Performance,Interview::LeetCode,Interview::LeetCode::Extra::03 Sliding Window,Sliding Window,heuristic
1686038123206,Can Make Palindrome from Substring,Interview::LeetCode,Interview::LeetCode::Extra::18 Bit Manipulation,Bit Manipulation,heuristic
1686038123208,Number of Valid Words for Each Puzzle,Interview::LeetCode,Interview::LeetCode::Extra::10 Tries,Tries,heuristic
1686038123210,Reformat Department Table,Interview::LeetCode,Interview::LeetCode::Extra::99 Off-Roadmap::SQL & Database,SQL & Database,heuristic
1686038123212,Count Substrings with Only One Distinct Letter,Interview::LeetCode,Interview::LeetCode::Extra::17 Math & Geometry,Math & Geometry,heuristic
1686038123214,Before and After Puzzle,Interview::LeetCode,Interview::LeetCode::Extra::01 Arrays & Hashing,Arrays & Hashing,heuristic
1686038123216,Shortest Distance to Target Color,Interview::LeetCode,Interview::LeetCode::Extra::13 1-D Dynamic Programming,1-D Dynamic Programming,heuristic
1686038123218,Maximum Number of Ones,Interview::LeetCode,Interview::LeetCode::Extra::08 Heap - Priority Queue,Heap - Priority Queue,heuristic
1686038123220,Distance Between Bus Stops,Interview::LeetCode,Interview::LeetCode::Extra::01 Arrays & Hashing,Arrays & Hashing,heuristic
1686038123222,Day of the Week,Interview::LeetCode,Interview::LeetCode::Extra::17 Math & Geometry,Math & Geometry,heuristic
1686038123224,Maximum Subarray Sum with One Deletion,Interview::LeetCode,Interview::LeetCode::Extra::13 1-D Dynamic Programming,1-D Dynamic Programming,heuristic
1686038123226,Make Array Strictly Increasing,Interview::LeetCode,Interview::LeetCode::Extra::13 1-D Dynamic Programming,1-D Dynamic Programming,heuristic
1686038123228,Design Bounded Blocking Queue,Interview::LeetCode,Interview::LeetCode::Extra::99 Off-Roadmap::Concurrency & Shell,Concurrency & Shell,heuristic
1686038123230,Maximum Number of Balloons,Interview::LeetCode,Interview::LeetCode::Extra::01 Arrays & Hashing,Arrays & Hashing,heuristic
1686038123232,Reverse Substrings Between Each Pair of Parentheses,Interview::LeetCode,Interview::LeetCode::Extra::04 Stack,Stack,heuristic
1686038123234,K-Concatenation Maximum Sum,Interview::LeetCode,Interview::LeetCode::Extra::13 1-D Dynamic Programming,1-D Dynamic Programming,heuristic
1686038123236,Critical Connections in a Network,Interview::LeetCode,Interview::LeetCode::Extra::12 Advanced Graphs,Advanced Graphs,heuristic
1686038123238,Monthly Transactions I,Interview::LeetCode,Interview::LeetCode::Extra::99 Off-Roadmap::SQL & Database,SQL & Database,heuristic
1686038123240,Tournament Winners,Interview::LeetCode,Interview::LeetCode::Extra::99 Off-Roadmap::SQL & Database,SQL & Database,heuristic
1686038123242,Fizz Buzz Multithreaded,Interview::LeetCode,Interview::LeetCode::Extra::99 Off-Roadmap::Concurrency & Shell,Concurrency & Shell,heuristic
1686038123244,How Many Apples Can You Put into the Basket,Interview::LeetCode,Interview::LeetCode::Extra::15 Greedy,Greedy,heuristic
1686038123246,Minimum Knight Moves,Interview::LeetCode,Interview::LeetCode::Extra::07 Trees,Trees,heuristic
1686038123248,Find Smallest Common Element in All Rows,Interview::LeetCode,Interview::LeetCode::Extra::05 Binary Search,Binary Search,heuristic
1686038123250,Minimum Time to Build Blocks,Interview::LeetCode,Interview::LeetCode::Extra::08 Heap - Priority Queue,Heap - Priority Queue,heuristic
1686038123252,Minimum Absolute Difference,Interview::LeetCode,Interview::LeetCode::Extra::01 Arrays & Hashing,Arrays & Hashing,heuristic
1686038123254,Ugly Number III,Interview::LeetCode,Interview::LeetCode::Extra::05 Binary Search,Binary Search,heuristic
1686038123256,Smallest String With Swaps,Interview::LeetCode,Interview::LeetCode::Extra::11 Graphs,Graphs,heuristic
1686038123258,Sort Items by Groups Respecting Dependencies,Interview::LeetCode,Interview::LeetCode::Extra::11 Graphs,Graphs,heuristic
1686038123260,Last Person to Fit in the Bus,Interview::LeetCode,Interview::LeetCode::Extra::99 Off-Roadmap::SQL & Database,SQL & Database,heuristic
1686038123262,Monthly Transactions II,Interview::LeetCode,Interview::LeetCode::Extra::99 Off-Roadmap::SQL & Database,SQL & Database,heuristic
1686038123264,Design Skiplist,Interview::LeetCode,Interview::LeetCode::Extra::06 Linked List,Linked List,heuristic
1686038123266,Unique Number of Occurrences,Interview::LeetCode,Interview::LeetCode::Extra::01 Arrays & Hashing,Arrays & Hashing,heuristic
1686038123268,Get Equal Substrings Within Budget,Interview::LeetCode,Interview::LeetCode::Extra::03 Sliding Window,Sliding Window,heuristic
1686038123270,Remove All Adjacent Duplicates in String II,Interview::LeetCode,Interview::LeetCode::Extra::04 Stack,Stack,heuristic
1686038123272,Minimum Moves to Reach Target with Rotations,Interview::LeetCode,Interview::LeetCode::Extra::11 Graphs,Graphs,heuristic
1686038123274,Queries Quality and Percentage,Interview::LeetCode,Interview::LeetCode::Extra::99 Off-Roadmap::SQL & Database,SQL & Database,heuristic
1686038123276,Team Scores in Football Tournament,Interview::LeetCode,Interview::LeetCode::Extra::99 Off-Roadmap::SQL & Database,SQL & Database,heuristic
1686038123278,Intersection of Three Sorted Arrays,Interview::LeetCode,Interview::LeetCode::Extra::05 Binary Search,Binary Search,heuristic
1686038123280,Two Sum BSTs,Interview::LeetCode,Interview::LeetCode::Extra::07 Trees,Trees,heuristic
1686038123282,Stepping Numbers,Interview::LeetCode,Interview::LeetCode::Extra::09 Backtracking,Backtracking,heuristic
1686038123284,Valid Palindrome III,Interview::LeetCode,Interview::LeetCode::Extra::13 1-D Dynamic Programming,1-D Dynamic Programming,heuristic
1686038123286,Minimum Cost to Move Chips to The Same Position,Interview::LeetCode,Interview::LeetCode::Extra::15 Greedy,Greedy,heuristic
1686038123288,Longest Arithmetic Subsequence of Given Difference,Interview::LeetCode,Interview::LeetCode::Extra::13 1-D Dynamic Programming,1-D Dynamic Programming,heuristic
1686038123290,Path with Maximum Gold,Interview::LeetCode,Interview::LeetCode::Extra::09 Backtracking,Backtracking,heuristic
1686038123292,Count Vowels Permutation,Interview::LeetCode,Interview::LeetCode::Extra::13 1-D Dynamic Programming,1-D Dynamic Programming,heuristic
1686038123294,Split a String in Balanced Strings,Interview::LeetCode,Interview::LeetCode::Extra::15 Greedy,Greedy,heuristic
1686038123296,Queens That Can Attack the King,Interview::LeetCode,Interview::LeetCode::Extra::17 Math & Geometry,Math & Geometry,heuristic
1686038123298,Dice Roll Simulation,Interview::LeetCode,Interview::LeetCode::Extra::13 1-D Dynamic Programming,1-D Dynamic Programming,heuristic
1686038123300,Maximum Equal Frequency,Interview::LeetCode,Interview::LeetCode::Extra::01 Arrays & Hashing,Arrays & Hashing,heuristic
1686038123302,Report Contiguous Dates,Interview::LeetCode,Interview::LeetCode::Extra::99 Off-Roadmap::SQL & Database,SQL & Database,heuristic
1686038123304,The Dining Philosophers,Interview::LeetCode,Interview::LeetCode::Extra::99 Off-Roadmap::Concurrency & Shell,Concurrency & Shell,heuristic
1686038123306,Airplane Seat Assignment Probability,Interview::LeetCode,Interview::LeetCode::Extra::13 1-D Dynamic Programming,1-D Dynamic Programming,heuristic
1686038123308,Missing Number In Arithmetic Progression,Interview::LeetCode,Interview::LeetCode::Extra::17 Math & Geometry,Math & Geometry,heuristic
1686038123310,Meeting Scheduler,Interview::LeetCode,Interview::LeetCode::Extra::02 Two Pointers,Two Pointers,heuristic
1686038123312,Toss Strange Coins,Interview::LeetCode,Interview::LeetCode::Extra::13 1-D Dynamic Programming,1-D Dynamic Programming,heuristic
1686038123314,Divide Chocolate,Interview::LeetCode,Interview::LeetCode::Extra::05 Binary Search,Binary Search,heuristic
1686038123316,Check If It Is a Straight Line,Interview::LeetCode,Interview::LeetCode::Extra::17 Math & Geometry,Math & Geometry,heuristic
1686038123318,Remove Sub-Folders from the Filesystem,Interview::LeetCode,Interview::LeetCode::Extra::10 Tries,Tries,heuristic
1686038123320,Replace the Substring for Balanced String,Interview::LeetCode,Interview::LeetCode::Extra::03 Sliding Window,Sliding Window,heuristic
1686038123322,Maximum Profit in Job Scheduling,Interview::LeetCode,Interview::LeetCode::Extra::13 1-D Dynamic Programming,1-D Dynamic Programming,heuristic
1686038123324,Web Crawler,Interview::LeetCode,Interview::LeetCode::Extra::07 Trees,Trees,heuristic
1686038123326,Find Positive Integer Solution for a Given Equation,Interview::LeetCode,Interview::LeetCode::Extra::02 Two Pointers,Two Pointers,heuristic
1686038123328,Circular Permutation in Binary Representation,Interview::LeetCode,Interview::LeetCode::Extra::09 Backtracking,Backtracking,heuristic
1686038123330,Maximum Length of a Concatenated String with Unique Characters,Interview::LeetCode,Interview::LeetCode::Extra::09 Backtracking,Backtracking,heuristic
1686038123332,Tiling a Rectangle with the Fewest Squares,Interview::LeetCode,Interview::LeetCode::Extra::09 Backtracking,Backtracking,heuristic
1686038123334,Number of Comments per Post,Interview::LeetCode,Interview::LeetCode::Extra::99 Off-Roadmap::SQL & Database,SQL & Database,heuristic
1686038123336,Web Crawler Multithreaded,Interview::LeetCode,Interview::LeetCode::Extra::99 Off-Roadmap::Concurrency & Shell,Concurrency & Shell,heuristic
1686038123338,Array Transformation,Interview::LeetCode,Interview::LeetCode::Extra::01 Arrays & Hashing,Arrays & Hashing,heuristic
1686038123340,Design A Leaderboard,Interview::LeetCode,Interview::LeetCode::Extra::01 Arrays & Hashing,Arrays & Hashing,heuristic
1686038123342,Tree Diameter,Interview::LeetCode,Interview::LeetCode::Extra::11 Graphs,Graphs,heuristic
1686038123344,Palindrome Removal,Interview::LeetCode,Interview::LeetCode::Extra::13 1-D Dynamic Programming,1-D Dynamic Programming,heuristic
1686038123346,Minimum Swaps to Make Strings Equal,Interview::LeetCode,Interview::LeetCode::Extra::15 Greedy,Greedy,heuristic
1686038123348,Count Number of Nice Subarrays,Interview::LeetCode,Interview::LeetCode::Extra::03 Sliding Window,Sliding Window,heuristic
1686038123350,Minimum Remove to Make Valid Parentheses,Interview::LeetCode,Interview::LeetCode::Extra::04 Stack,Stack,heuristic
1686038123352,Check If It Is a Good Array,Interview::LeetCode,Interview::LeetCode::Extra::17 Math & Geometry,Math & Geometry,heuristic
1686038123354,Average Selling Price,Interview::LeetCode,Interview::LeetCode::Extra::99 Off-Roadmap::SQL & Database,SQL & Database,heuristic
1686038123356,Cells with Odd Values in a Matrix,Interview::LeetCode,Interview::LeetCode::Extra::17 Math & Geometry,Math & Geometry,heuristic
1686038123358,Reconstruct a 2-Row Binary Matrix,Interview::LeetCode,Interview::LeetCode::Extra::15 Greedy,Greedy,heuristic
1686038123360,Number of Closed Islands,Interview::LeetCode,Interview::LeetCode::Extra::11 Graphs,Graphs,heuristic
1686038123362,Maximum Score Words Formed by Letters,Interview::LeetCode,Interview::LeetCode::Extra::09 Backtracking,Backtracking,heuristic
1686038123364,Encode Number,Interview::LeetCode,Interview::LeetCode::Extra::18 Bit Manipulation,Bit Manipulation,heuristic
1686038123366,Smallest Common Region,Interview::LeetCode,Interview::LeetCode::Extra::07 Trees,Trees,heuristic
1686038123368,Synonymous Sentences,Interview::LeetCode,Interview::LeetCode::Extra::11 Graphs,Graphs,heuristic
1686038123370,Handshakes That Don't Cross,Interview::LeetCode,Interview::LeetCode::Extra::13 1-D Dynamic Programming,1-D Dynamic Programming,heuristic
1686038123372,Shift 2D Grid,Interview::LeetCode,Interview::LeetCode::Extra::17 Math & Geometry,Math & Geometry,heuristic
1686038123374,Find Elements in a Contaminated Binary Tree,Interview::LeetCode,Interview::LeetCode::Extra::07 Trees,Trees,heuristic
1686038123376,Greatest Sum Divisible by Three,Interview::LeetCode,Interview::LeetCode::Extra::13 1-D Dynamic Programming,1-D Dynamic Programming,heuristic
1686038123378,Minimum Moves to Move a Box to Their Target Location,Interview::LeetCode,Interview::LeetCode::Extra::11 Graphs,Graphs,heuristic
1686038123380,Page Recommendations,Interview::LeetCode,Interview::LeetCode::Extra::99 Off-Roadmap::SQL & Database,SQL & Database,heuristic
1686038123382,Print Immutable Linked List in Reverse,Interview::LeetCode,Interview::LeetCode::Extra::04 Stack,Stack,heuristic
1686038123384,Minimum Time Visiting All Points,Interview::LeetCode,Interview::LeetCode::Extra::17 Math & Geometry,Math & Geometry,heuristic
1686038123386,Count Servers that Communicate,Interview::LeetCode,Interview::LeetCode::Extra::11 Graphs,Graphs,heuristic
1686038123388,Search Suggestions System,Interview::LeetCode,Interview::LeetCode::Extra::10 Tries,Tries,heuristic
1686038123390,Number of Ways to Stay in the Same Place After Some Steps,Interview::LeetCode,Interview::LeetCode::Extra::13 1-D Dynamic Programming,1-D Dynamic Programming,heuristic
1686038123392,All People Report to the Given Manager,Interview::LeetCode,Interview::LeetCode::Extra::99 Off-Roadmap::SQL & Database,SQL & Database,heuristic
1686038123394,Hexspeak,Interview::LeetCode,Interview::LeetCode::Extra::17 Math & Geometry,Math & Geometry,heuristic
1686038123396,Remove Interval,Interview::LeetCode,Interview::LeetCode::Extra::16 Intervals,Intervals,heuristic
1686038123398,Delete Tree Nodes,Interview::LeetCode,Interview::LeetCode::Extra::07 Trees,Trees,heuristic
1686038123400,Number of Ships in a Rectangle,Interview::LeetCode,Interview::LeetCode::Extra::01 Arrays & Hashing,Arrays & Hashing,heuristic
1686038123402,Find Winner on a Tic Tac Toe Game,Interview::LeetCode,Interview::LeetCode::Extra::17 Math & Geometry,Math & Geometry,heuristic
1686038123404,Number of Burgers with No Waste of Ingredients,Interview::LeetCode,Interview::LeetCode::Extra::17 Math & Geometry,Math & Geometry,heuristic
1686038123406,Count Square Submatrices with All Ones,Interview::LeetCode,Interview::LeetCode::Extra::14 2-D Dynamic Programming,2-D Dynamic Programming,heuristic
1686038123408,Palindrome Partitioning III,Interview::LeetCode,Interview::LeetCode::Extra::13 1-D Dynamic Programming,1-D Dynamic Programming,heuristic
1686038123410,Traffic Light Controlled Intersection,Interview::LeetCode,Interview::LeetCode::Extra::99 Off-Roadmap::Concurrency & Shell,Concurrency & Shell,heuristic
1686038123412,Students and Examinations,Interview::LeetCode,Interview::LeetCode::Extra::99 Off-Roadmap::SQL & Database,SQL & Database,heuristic
1686038123414,Subtract the Product and Sum of Digits of an Integer,Interview::LeetCode,Interview::LeetCode::Extra::17 Math & Geometry,Math & Geometry,heuristic
1686038123416,Group the People Given the Group Size They Belong To,Interview::LeetCode,Interview::LeetCode::Extra::01 Arrays & Hashing,Arrays & Hashing,heuristic
1686038123418,Find the Smallest Divisor Given a Threshold,Interview::LeetCode,Interview::LeetCode::Extra::05 Binary Search,Binary Search,heuristic
1686038123420,Minimum Number of Flips to Convert Binary Matrix to Zero Matrix,Interview::LeetCode,Interview::LeetCode::Extra::11 Graphs,Graphs,heuristic
1686038123422,Find the Start and End Number of Continuous Ranges,Interview::LeetCode,Interview::LeetCode::Extra::99 Off-Roadmap::SQL & Database,SQL & Database,heuristic
1686038123424,Iterator for Combination,Interview::LeetCode,Interview::LeetCode::Extra::09 Backtracking,Backtracking,heuristic
1686038123426,Element Appearing More Than 25% In Sorted Array,Interview::LeetCode,Interview::LeetCode::Extra::01 Arrays & Hashing,Arrays & Hashing,heuristic
1686038123428,Remove Covered Intervals,Interview::LeetCode,Interview::LeetCode::Extra::16 Intervals,Intervals,heuristic
1686038123430,Minimum Falling Path Sum II,Interview::LeetCode,Interview::LeetCode::Extra::14 2-D Dynamic Programming,2-D Dynamic Programming,heuristic
1686038123432,Convert Binary Number in a Linked List to Integer,Interview::LeetCode,Interview::LeetCode::Extra::06 Linked List,Linked List,heuristic
1686038123434,Sequential Digits,Interview::LeetCode,Interview::LeetCode::Extra::01 Arrays & Hashing,Arrays & Hashing,heuristic
1686038123436,Maximum Side Length of a Square with Sum Less than or Equal to Threshold,Interview::LeetCode,Interview::LeetCode::Extra::05 Binary Search,Binary Search,heuristic
1686038123438,Shortest Path in a Grid with Obstacles Elimination,Interview::LeetCode,Interview::LeetCode::Extra::11 Graphs,Graphs,heuristic
1686038123440,Weather Type in Each Country,Interview::LeetCode,Interview::LeetCode::Extra::99 Off-Roadmap::SQL & Database,SQL & Database,heuristic
1686038123442,Find Numbers with Even Number of Digits,Interview::LeetCode,Interview::LeetCode::Extra::01 Arrays & Hashing,Arrays & Hashing,heuristic
1686038123444,Divide Array in Sets of K Consecutive Numbers,Interview::LeetCode,Interview::LeetCode::Extra::15 Greedy,Greedy,heuristic
1686038123446,Maximum Number of Occurrences of a Substring,Interview::LeetCode,Interview::LeetCode::Extra::03 Sliding Window,Sliding Window,heuristic
1686038123448,Maximum Candies You Can Get from Boxes,Interview::LeetCode,Interview::LeetCode::Extra::11 Graphs,Graphs,heuristic
1686038123450,Replace Elements with Greatest Element on Right Side,Interview::LeetCode,Interview::LeetCode::Extra::01 Arrays & Hashing,Arrays & Hashing,heuristic
1686038123452,Sum of Mutated Array Closest to Target,Interview::LeetCode,Interview::LeetCode::Extra::05 Binary Search,Binary Search,heuristic
1686038123454,Number of Paths with Max Score,Interview::LeetCode,Interview::LeetCode::Extra::14 2-D Dynamic Programming,2-D Dynamic Programming,heuristic
1686038123456,Deepest Leaves Sum,Interview::LeetCode,Interview::LeetCode::Extra::07 Trees,Trees,heuristic
1686038123458,Find the Team Size,Interview::LeetCode,Interview::LeetCode::Extra::99 Off-Roadmap::SQL & Database,SQL & Database,heuristic
1686038123460,Find N Unique Integers Sum up to Zero,Interview::LeetCode,Interview::LeetCode::Extra::17 Math & Geometry,Math & Geometry,heuristic
1686038123462,All Elements in Two Binary Search Trees,Interview::LeetCode,Interview::LeetCode::Extra::07 Trees,Trees,heuristic
1686038123464,Jump Game III,Interview::LeetCode,Interview::LeetCode::Extra::07 Trees,Trees,heuristic
1686038123466,Verbal Arithmetic Puzzle,Interview::LeetCode,Interview::LeetCode::Extra::09 Backtracking,Backtracking,heuristic
1686038123468,Running Total for Different Genders,Interview::LeetCode,Interview::LeetCode::Extra::99 Off-Roadmap::SQL & Database,SQL & Database,heuristic
1686038123470,Decrypt String from Alphabet to Integer Mapping,Interview::LeetCode,Interview::LeetCode::Extra::01 Arrays & Hashing,Arrays & Hashing,heuristic
1686038123472,XOR Queries of a Subarray,Interview::LeetCode,Interview::LeetCode::Extra::18 Bit Manipulation,Bit Manipulation,heuristic
1686038123474,Get Watched Videos by Your Friends,Interview::LeetCode,Interview::LeetCode::Extra::11 Graphs,Graphs,heuristic
1686038123476,Minimum Insertion Steps to Make a String Palindrome,Interview::LeetCode,Interview::LeetCode::Extra::13 1-D Dynamic Programming,1-D Dynamic Programming,heuristic
1686038123478,Decompress Run-Length Encoded List,Interview::LeetCode,Interview::LeetCode::Extra::01 Arrays & Hashing,Arrays & Hashing,heuristic
1686038123480,Matrix Block Sum,Interview::LeetCode,Interview::LeetCode::Extra::17 Math & Geometry,Math & Geometry,heuristic
1686038123482,Sum of Nodes with Even-Valued Grandparent,Interview::LeetCode,Interview::LeetCode::Extra::07 Trees,Trees,heuristic
1686038123484,Distinct Echo Substrings,Interview::LeetCode,Interview::LeetCode::Extra::10 Tries,Tries,heuristic
1686038123486,Convert Integer to the Sum of Two No-Zero Integers,Interview::LeetCode,Interview::LeetCode::Extra::17 Math & Geometry,Math & Geometry,heuristic
1686038123488,Minimum Flips to Make a OR b Equal to c,Interview::LeetCode,Interview::LeetCode::Extra::18 Bit Manipulation,Bit Manipulation,heuristic
1686038123490,Number of Operations to Make Network Connected,Interview::LeetCode,Interview::LeetCode::Extra::11 Graphs,Graphs,heuristic
1686038123492,Minimum Distance to Type a Word Using Two Fingers,Interview::LeetCode,Interview::LeetCode::Extra::14 2-D Dynamic Programming,2-D Dynamic Programming,heuristic
1686038123494,Restaurant Growth,Interview::LeetCode,Interview::LeetCode::Extra::99 Off-Roadmap::SQL & Database,SQL & Database,heuristic
1686038123496,Ads Performance,Interview::LeetCode,Interview::LeetCode::Extra::99 Off-Roadmap::SQL & Database,SQL & Database,heuristic
1686038123498,Maximum 69 Number,Interview::LeetCode,Interview::LeetCode::Extra::15 Greedy,Greedy,heuristic
1686038123500,Print Words Vertically,Interview::LeetCode,Interview::LeetCode::Extra::01 Arrays & Hashing,Arrays & Hashing,heuristic
1686038123502,Delete Leaves With a Given Value,Interview::LeetCode,Interview::LeetCode::Extra::07 Trees,Trees,heuristic
1686038123504,Minimum Number of Taps to Open to Water a Garden,Interview::LeetCode,Interview::LeetCode::Extra::13 1-D Dynamic Programming,1-D Dynamic Programming,heuristic
1686038123506,List the Products Ordered in a Period,Interview::LeetCode,Interview::LeetCode::Extra::99 Off-Roadmap::SQL & Database,SQL & Database,heuristic
1686038123508,Break a Palindrome,Interview::LeetCode,Interview::LeetCode::Extra::15 Greedy,Greedy,heuristic
1686038123510,Sort the Matrix Diagonally,Interview::LeetCode,Interview::LeetCode::Extra::17 Math & Geometry,Math & Geometry,heuristic
1686038123512,Reverse Subarray To Maximize Array Value,Interview::LeetCode,Interview::LeetCode::Extra::15 Greedy,Greedy,heuristic
1686038123514,Rank Transform of an Array,Interview::LeetCode,Interview::LeetCode::Extra::01 Arrays & Hashing,Arrays & Hashing,heuristic
1686038123516,Remove Palindromic Subsequences,Interview::LeetCode,Interview::LeetCode::Extra::02 Two Pointers,Two Pointers,heuristic
1686038123518,"Filter Restaurants by Vegan-Friendly, Price and Distance",Interview::LeetCode,Interview::LeetCode::Extra::01 Arrays & Hashing,Arrays & Hashing,heuristic
1686038123520,Find the City With the Smallest Number of Neighbors at a Threshold Distance,Interview::LeetCode,Interview::LeetCode::Extra::12 Advanced Graphs,Advanced Graphs,heuristic
1686038123522,Minimum Difficulty of a Job Schedule,Interview::LeetCode,Interview::LeetCode::Extra::13 1-D Dynamic Programming,1-D Dynamic Programming,heuristic
1686038123524,Number of Transactions per Visit,Interview::LeetCode,Interview::LeetCode::Extra::99 Off-Roadmap::SQL & Database,SQL & Database,heuristic
1686038123526,The K Weakest Rows in a Matrix,Interview::LeetCode,Interview::LeetCode::Extra::08 Heap - Priority Queue,Heap - Priority Queue,heuristic
1686038123528,Reduce Array Size to The Half,Interview::LeetCode,Interview::LeetCode::Extra::08 Heap - Priority Queue,Heap - Priority Queue,heuristic
1686038123530,Maximum Product of Splitted Binary Tree,Interview::LeetCode,Interview::LeetCode::Extra::07 Trees,Trees,heuristic
1686038123532,Jump Game V,Interview::LeetCode,Interview::LeetCode::Extra::13 1-D Dynamic Programming,1-D Dynamic Programming,heuristic
1686038123534,Movie Rating,Interview::LeetCode,Interview::LeetCode::Extra::99 Off-Roadmap::SQL & Database,SQL & Database,heuristic
1686038123536,Number of Steps to Reduce a Number to Zero,Interview::LeetCode,Interview::LeetCode::Extra::18 Bit Manipulation,Bit Manipulation,heuristic
1686038123538,Number of Sub-arrays of Size K and Average Greater than or Equal to Threshold,Interview::LeetCode,Interview::LeetCode::Extra::03 Sliding Window,Sliding Window,heuristic
1686038123540,Angle Between Hands of a Clock,Interview::LeetCode,Interview::LeetCode::Extra::17 Math & Geometry,Math & Geometry,heuristic
1686038123542,Jump Game IV,Interview::LeetCode,Interview::LeetCode::Extra::07 Trees,Trees,heuristic
1686038123544,Check If N and Its Double Exist,Interview::LeetCode,Interview::LeetCode::Extra::02 Two Pointers,Two Pointers,heuristic
1686038123546,Minimum Number of Steps to Make Two Strings Anagram,Interview::LeetCode,Interview::LeetCode::Extra::01 Arrays & Hashing,Arrays & Hashing,heuristic
1686038123548,Tweet Counts Per Frequency,Interview::LeetCode,Interview::LeetCode::Extra::05 Binary Search,Binary Search,heuristic
1686038123550,Maximum Students Taking Exam,Interview::LeetCode,Interview::LeetCode::Extra::14 2-D Dynamic Programming,2-D Dynamic Programming,heuristic
1686038123552,Students With Invalid Departments,Interview::LeetCode,Interview::LeetCode::Extra::99 Off-Roadmap::SQL & Database,SQL & Database,heuristic
1686038123554,Count Negative Numbers in a Sorted Matrix,Interview::LeetCode,Interview::LeetCode::Extra::05 Binary Search,Binary Search,heuristic
1686038123556,Product of the Last K Numbers,Interview::LeetCode,Interview::LeetCode::Extra::17 Math & Geometry,Math & Geometry,heuristic
1686038123558,Maximum Number of Events That Can Be Attended,Interview::LeetCode,Interview::LeetCode::Extra::08 Heap - Priority Queue,Heap - Priority Queue,heuristic
1686038123560,Construct Target Array With Multiple Sums,Interview::LeetCode,Interview::LeetCode::Extra::08 Heap - Priority Queue,Heap - Priority Queue,heuristic
1686038123562,Activity Participants,Interview::LeetCode,Interview::LeetCode::Extra::99 Off-Roadmap::SQL & Database,SQL & Database,heuristic
1686038123564,Sort Integers by The Number of 1 Bits,Interview::LeetCode,Interview::LeetCode::Extra::18 Bit Manipulation,Bit Manipulation,heuristic
1686038123566,Apply Discount Every n Orders,Interview::LeetCode,Interview::LeetCode::Extra::01 Arrays & Hashing,Arrays & Hashing,heuristic
1686038123568,Number of Substrings Containing All Three Characters,Interview::LeetCode,Interview::LeetCode::Extra::03 Sliding Window,Sliding Window,heuristic
1686038123570,Count All Valid Pickup and Delivery Options,Interview::LeetCode,Interview::LeetCode::Extra::13 1-D Dynamic Programming,1-D Dynamic Programming,heuristic
1686038123572,Number of Days Between Two Dates,Interview::LeetCode,Interview::LeetCode::Extra::17 Math & Geometry,Math & Geometry,heuristic
1686038123574,Validate Binary Tree Nodes,Interview::LeetCode,Interview::LeetCode::Extra::11 Graphs,Graphs,heuristic
1686038123576,Closest Divisors,Interview::LeetCode,Interview::LeetCode::Extra::17 Math & Geometry,Math & Geometry,heuristic
1686038123578,Largest Multiple of Three,Interview::LeetCode,Interview::LeetCode::Extra::13 1-D Dynamic Programming,1-D Dynamic Programming,heuristic
1686038123580,Number of Trusted Contacts of a Customer,Interview::LeetCode,Interview::LeetCode::Extra::99 Off-Roadmap::SQL & Database,SQL & Database,heuristic
1686038123582,How Many Numbers Are Smaller Than the Current Number,Interview::LeetCode,Interview::LeetCode::Extra::01 Arrays & Hashing,Arrays & Hashing,heuristic
1686038123584,Rank Teams by Votes,Interview::LeetCode,Interview::LeetCode::Extra::01 Arrays & Hashing,Arrays & Hashing,heuristic
1686038123586,Linked List in Binary Tree,Interview::LeetCode,Interview::LeetCode::Extra::07 Trees,Trees,heuristic
1686038123588,Minimum Cost to Make at Least One Valid Path in a Grid,Interview::LeetCode,Interview::LeetCode::Extra::12 Advanced Graphs,Advanced Graphs,heuristic
1686038123590,Get the Second Most Recent Activity,Interview::LeetCode,Interview::LeetCode::Extra::99 Off-Roadmap::SQL & Database,SQL & Database,heuristic
1686038123592,Increasing Decreasing String,Interview::LeetCode,Interview::LeetCode::Extra::01 Arrays & Hashing,Arrays & Hashing,heuristic
1686038123594,Find the Longest Substring Containing Vowels in Even Counts,Interview::LeetCode,Interview::LeetCode::Extra::18 Bit Manipulation,Bit Manipulation,heuristic
1686038123596,Longest ZigZag Path in a Binary Tree,Interview::LeetCode,Interview::LeetCode::Extra::13 1-D Dynamic Programming,1-D Dynamic Programming,heuristic
1686038123598,Maximum Sum BST in Binary Tree,Interview::LeetCode,Interview::LeetCode::Extra::13 1-D Dynamic Programming,1-D Dynamic Programming,heuristic
1686038123600,Generate a String With Characters That Have Odd Counts,Interview::LeetCode,Interview::LeetCode::Extra::01 Arrays & Hashing,Arrays & Hashing,heuristic
1686038123602,Number of Times Binary String Is Prefix-Aligned,Interview::LeetCode,Interview::LeetCode::Extra::01 Arrays & Hashing,Arrays & Hashing,heuristic
1686038123604,Time Needed to Inform All Employees,Interview::LeetCode,Interview::LeetCode::Extra::07 Trees,Trees,heuristic
1686038123606,Frog Position After T Seconds,Interview::LeetCode,Interview::LeetCode::Extra::11 Graphs,Graphs,heuristic
1686038123608,Replace Employee ID With The Unique Identifier,Interview::LeetCode,Interview::LeetCode::Extra::99 Off-Roadmap::SQL & Database,SQL & Database,heuristic
1686038123610,Find a Corresponding Node of a Binary Tree in a Clone of That Tree,Interview::LeetCode,Interview::LeetCode::Extra::07 Trees,Trees,heuristic
1686038123612,Lucky Numbers in a Matrix,Interview::LeetCode,Interview::LeetCode::Extra::17 Math & Geometry,Math & Geometry,heuristic
1686038123614,Design a Stack With Increment Operation,Interview::LeetCode,Interview::LeetCode::Extra::04 Stack,Stack,heuristic
1686038123616,Balance a Binary Search Tree,Interview::LeetCode,Interview::LeetCode::Extra::07 Trees,Trees,heuristic
1686038123618,Maximum Performance of a Team,Interview::LeetCode,Interview::LeetCode::Extra::08 Heap - Priority Queue,Heap - Priority Queue,heuristic
1686038123620,Total Sales Amount by Year,Interview::LeetCode,Interview::LeetCode::Extra::99 Off-Roadmap::SQL & Database,SQL & Database,heuristic
1686038123622,Find the Distance Value Between Two Arrays,Interview::LeetCode,Interview::LeetCode::Extra::02 Two Pointers,Two Pointers,heuristic
1686038123624,Cinema Seat Allocation,Interview::LeetCode,Interview::LeetCode::Extra::15 Greedy,Greedy,heuristic
1686038123626,Sort Integers by The Power Value,Interview::LeetCode,Interview::LeetCode::Extra::13 1-D Dynamic Programming,1-D Dynamic Programming,heuristic
1686038123628,Pizza With 3n Slices,Interview::LeetCode,Interview::LeetCode::Extra::13 1-D Dynamic Programming,1-D Dynamic Programming,heuristic
1686038123630,Create Target Array in the Given Order,Interview::LeetCode,Interview::LeetCode::Extra::01 Arrays & Hashing,Arrays & Hashing,heuristic
1686038123632,Four Divisors,Interview::LeetCode,Interview::LeetCode::Extra::17 Math & Geometry,Math & Geometry,heuristic
1686038123634,Check if There is a Valid Path in a Grid,Interview::LeetCode,Interview::LeetCode::Extra::11 Graphs,Graphs,heuristic
1686038123636,Longest Happy Prefix,Interview::LeetCode,Interview::LeetCode::Extra::01 Arrays & Hashing,Arrays & Hashing,heuristic
1686038123638,Capital Gain/Loss,Interview::LeetCode,Interview::LeetCode::Extra::99 Off-Roadmap::SQL & Database,SQL & Database,heuristic
1686038123640,Find Lucky Integer in an Array,Interview::LeetCode,Interview::LeetCode::Extra::01 Arrays & Hashing,Arrays & Hashing,heuristic
1686038123642,Count Number of Teams,Interview::LeetCode,Interview::LeetCode::Extra::13 1-D Dynamic Programming,1-D Dynamic Programming,heuristic
1686038123644,Design Underground System,Interview::LeetCode,Interview::LeetCode::Extra::01 Arrays & Hashing,Arrays & Hashing,heuristic
1686038123646,Find All Good Strings,Interview::LeetCode,Interview::LeetCode::Extra::13 1-D Dynamic Programming,1-D Dynamic Programming,heuristic
1686038123648,Customers Who Bought Products A and B but Not C,Interview::LeetCode,Interview::LeetCode::Extra::99 Off-Roadmap::SQL & Database,SQL & Database,heuristic
1686038123650,Count Largest Group,Interview::LeetCode,Interview::LeetCode::Extra::17 Math & Geometry,Math & Geometry,heuristic
1686038123652,Construct K Palindrome Strings,Interview::LeetCode,Interview::LeetCode::Extra::15 Greedy,Greedy,heuristic
1686038123654,Circle and Rectangle Overlapping,Interview::LeetCode,Interview::LeetCode::Extra::17 Math & Geometry,Math & Geometry,heuristic
1686038123656,Reducing Dishes,Interview::LeetCode,Interview::LeetCode::Extra::13 1-D Dynamic Programming,1-D Dynamic Programming,heuristic
1686038123658,Minimum Subsequence in Non-Increasing Order,Interview::LeetCode,Interview::LeetCode::Extra::15 Greedy,Greedy,heuristic
1686038123660,Number of Steps to Reduce a Number in Binary Representation to One,Interview::LeetCode,Interview::LeetCode::Extra::18 Bit Manipulation,Bit Manipulation,heuristic
1686038123662,Longest Happy String,Interview::LeetCode,Interview::LeetCode::Extra::08 Heap - Priority Queue,Heap - Priority Queue,heuristic
1686038123664,Stone Game III,Interview::LeetCode,Interview::LeetCode::Extra::13 1-D Dynamic Programming,1-D Dynamic Programming,heuristic
1686038123666,Top Travellers,Interview::LeetCode,Interview::LeetCode::Extra::99 Off-Roadmap::SQL & Database,SQL & Database,heuristic
1686038123668,String Matching in an Array,Interview::LeetCode,Interview::LeetCode::Extra::01 Arrays & Hashing,Arrays & Hashing,heuristic
1686038123670,Queries on a Permutation With Key,Interview::LeetCode,Interview::LeetCode::Extra::07 Trees,Trees,heuristic
1686038123672,HTML Entity Parser,Interview::LeetCode,Interview::LeetCode::Extra::01 Arrays & Hashing,Arrays & Hashing,heuristic
1686038123674,Number of Ways to Paint N × 3 Grid,Interview::LeetCode,Interview::LeetCode::Extra::13 1-D Dynamic Programming,1-D Dynamic Programming,heuristic
1686038123676,Find the Quiet Students in All Exams,Interview::LeetCode,Interview::LeetCode::Extra::99 Off-Roadmap::SQL & Database,SQL & Database,heuristic
1686038123678,Minimum Value to Get Positive Step by Step Sum,Interview::LeetCode,Interview::LeetCode::Extra::01 Arrays & Hashing,Arrays & Hashing,heuristic
1686038123680,Find the Minimum Number of Fibonacci Numbers Whose Sum Is K,Interview::LeetCode,Interview::LeetCode::Extra::15 Greedy,Greedy,heuristic
1686038123682,The k-th Lexicographical String of All Happy Strings of Length n,Interview::LeetCode,Interview::LeetCode::Extra::09 Backtracking,Backtracking,heuristic
1686038123684,Restore The Array,Interview::LeetCode,Interview::LeetCode::Extra::13 1-D Dynamic Programming,1-D Dynamic Programming,heuristic
1686038123686,Reformat The String,Interview::LeetCode,Interview::LeetCode::Extra::01 Arrays & Hashing,Arrays & Hashing,heuristic
1686038123688,Display Table of Food Orders in a Restaurant,Interview::LeetCode,Interview::LeetCode::Extra::01 Arrays & Hashing,Arrays & Hashing,heuristic
1686038123690,Minimum Number of Frogs Croaking,Interview::LeetCode,Interview::LeetCode::Extra::01 Arrays & Hashing,Arrays & Hashing,heuristic
1686038123692,Build Array Where You Can Find The Maximum Exactly K Comparisons,Interview::LeetCode,Interview::LeetCode::Extra::13 1-D Dynamic Programming,1-D Dynamic Programming,heuristic
1686038123694,NPV Queries,Interview::LeetCode,Interview::LeetCode::Extra::99 Off-Roadmap::SQL & Database,SQL & Database,heuristic
1686038123696,Maximum Score After Splitting a String,Interview::LeetCode,Interview::LeetCode::Extra::01 Arrays & Hashing,Arrays & Hashing,heuristic
1686038123698,Maximum Points You Can Obtain from Cards,Interview::LeetCode,Interview::LeetCode::Extra::03 Sliding Window,Sliding Window,heuristic
1686038123700,Diagonal Traverse II,Interview::LeetCode,Interview::LeetCode::Extra::08 Heap - Priority Queue,Heap - Priority Queue,heuristic
1686038123702,Constrained Subsequence Sum,Interview::LeetCode,Interview::LeetCode::Extra::13 1-D Dynamic Programming,1-D Dynamic Programming,heuristic
1686038123704,Counting Elements,Interview::LeetCode,Interview::LeetCode::Extra::01 Arrays & Hashing,Arrays & Hashing,heuristic
1686038123706,Perform String Shifts,Interview::LeetCode,Interview::LeetCode::Extra::17 Math & Geometry,Math & Geometry,heuristic
1686038123708,Leftmost Column with at Least a One,Interview::LeetCode,Interview::LeetCode::Extra::05 Binary Search,Binary Search,heuristic
1686038123710,First Unique Number,Interview::LeetCode,Interview::LeetCode::Extra::01 Arrays & Hashing,Arrays & Hashing,heuristic
1686038123712,Check If a String Is a Valid Sequence from Root to Leaves Path in a Binary Tree,Interview::LeetCode,Interview::LeetCode::Extra::07 Trees,Trees,heuristic
1686038123714,Kids With the Greatest Number of Candies,Interview::LeetCode,Interview::LeetCode::Extra::01 Arrays & Hashing,Arrays & Hashing,heuristic
1686038123716,Max Difference You Can Get From Changing an Integer,Interview::LeetCode,Interview::LeetCode::Extra::15 Greedy,Greedy,heuristic
1686038123718,Check If a String Can Break Another String,Interview::LeetCode,Interview::LeetCode::Extra::15 Greedy,Greedy,heuristic
1686038123720,Number of Ways to Wear Different Hats to Each Other,Interview::LeetCode,Interview::LeetCode::Extra::13 1-D Dynamic Programming,1-D Dynamic Programming,heuristic
1686038123722,Create a Session Bar Chart,Interview::LeetCode,Interview::LeetCode::Extra::99 Off-Roadmap::SQL & Database,SQL & Database,heuristic
1686038123724,Destination City,Interview::LeetCode,Interview::LeetCode::Extra::01 Arrays & Hashing,Arrays & Hashing,heuristic
1686038123726,Check If All 1's Are at Least Length K Places Away,Interview::LeetCode,Interview::LeetCode::Extra::01 Arrays & Hashing,Arrays & Hashing,heuristic
1686038123728,Longest Continuous Subarray With Absolute Diff Less Than or Equal to Limit,Interview::LeetCode,Interview::LeetCode::Extra::08 Heap - Priority Queue,Heap - Priority Queue,heuristic
1686038123730,Find the Kth Smallest Sum of a Matrix With Sorted Rows,Interview::LeetCode,Interview::LeetCode::Extra::08 Heap - Priority Queue,Heap - Priority Queue,heuristic
1686038123732,Evaluate Boolean Expression,Interview::LeetCode,Interview::LeetCode::Extra::99 Off-Roadmap::SQL & Database,SQL & Database,heuristic
1686038123734,Build an Array With Stack Operations,Interview::LeetCode,Interview::LeetCode::Extra::04 Stack,Stack,heuristic
1686038123736,Count Triplets That Can Form Two Arrays of Equal XOR,Interview::LeetCode,Interview::LeetCode::Extra::18 Bit Manipulation,Bit Manipulation,heuristic
1686038123738,Minimum Time to Collect All Apples in a Tree,Interview::LeetCode,Interview::LeetCode::Extra::07 Trees,Trees,heuristic
1686038123740,Number of Ways of Cutting a Pizza,Interview::LeetCode,Interview::LeetCode::Extra::14 2-D Dynamic Programming,2-D Dynamic Programming,heuristic
1686038123742,Apples & Oranges,Interview::LeetCode,Interview::LeetCode::Extra::99 Off-Roadmap::SQL & Database,SQL & Database,heuristic
1686038123744,Consecutive Characters,Interview::LeetCode,Interview::LeetCode::Extra::01 Arrays & Hashing,Arrays & Hashing,heuristic
1686038123746,Simplified Fractions,Interview::LeetCode,Interview::LeetCode::Extra::17 Math & Geometry,Math & Geometry,heuristic
1686038123750,Form Largest Integer With Digits That Add up to Target,Interview::LeetCode,Interview::LeetCode::Extra::13 1-D Dynamic Programming,1-D Dynamic Programming,heuristic
1686038123752,Number of Students Doing Homework at a Given Time,Interview::LeetCode,Interview::LeetCode::Extra::01 Arrays & Hashing,Arrays & Hashing,heuristic
1686038123754,Rearrange Words in a Sentence,Interview::LeetCode,Interview::LeetCode::Extra::01 Arrays & Hashing,Arrays & Hashing,heuristic
1686038123756,People Whose List of Favorite Companies Is Not a Subset of Another List,Interview::LeetCode,Interview::LeetCode::Extra::01 Arrays & Hashing,Arrays & Hashing,heuristic
1686038123758,Maximum Number of Darts Inside of a Circular Dartboard,Interview::LeetCode,Interview::LeetCode::Extra::17 Math & Geometry,Math & Geometry,heuristic
1686038123760,Active Users,Interview::LeetCode,Interview::LeetCode::Extra::99 Off-Roadmap::SQL & Database,SQL & Database,heuristic
1686038123762,Check If a Word Occurs As a Prefix of Any Word in a Sentence,Interview::LeetCode,Interview::LeetCode::Extra::01 Arrays & Hashing,Arrays & Hashing,heuristic
1686038123764,Maximum Number of Vowels in a Substring of Given Length,Interview::LeetCode,Interview::LeetCode::Extra::03 Sliding Window,Sliding Window,heuristic
1686038123766,Pseudo-Palindromic Paths in a Binary Tree,Interview::LeetCode,Interview::LeetCode::Extra::07 Trees,Trees,heuristic
1686038123768,Max Dot Product of Two Subsequences,Interview::LeetCode,Interview::LeetCode::Extra::13 1-D Dynamic Programming,1-D Dynamic Programming,heuristic
1686038123770,Rectangles Area,Interview::LeetCode,Interview::LeetCode::Extra::99 Off-Roadmap::SQL & Database,SQL & Database,heuristic
1686038123772,Make Two Arrays Equal by Reversing Subarrays,Interview::LeetCode,Interview::LeetCode::Extra::01 Arrays & Hashing,Arrays & Hashing,heuristic
1686038123774,Check If a String Contains All Binary Codes of Size K,Interview::LeetCode,Interview::LeetCode::Extra::18 Bit Manipulation,Bit Manipulation,heuristic
1686038123776,Course Schedule IV,Interview::LeetCode,Interview::LeetCode::Extra::11 Graphs,Graphs,heuristic
1686038123778,Cherry Pickup II,Interview::LeetCode,Interview::LeetCode::Extra::14 2-D Dynamic Programming,2-D Dynamic Programming,heuristic
1686038123780,Maximum Product of Two Elements in an Array,Interview::LeetCode,Interview::LeetCode::Extra::08 Heap - Priority Queue,Heap - Priority Queue,heuristic
1686038123782,Maximum Area of a Piece of Cake After Horizontal and Vertical Cuts,Interview::LeetCode,Interview::LeetCode::Extra::15 Greedy,Greedy,heuristic
1686038123784,Reorder Routes to Make All Paths Lead to the City Zero,Interview::LeetCode,Interview::LeetCode::Extra::11 Graphs,Graphs,heuristic
1686038123786,Probability of a Two Boxes Having The Same Number of Distinct Balls,Interview::LeetCode,Interview::LeetCode::Extra::09 Backtracking,Backtracking,heuristic
1686038123788,Calculate Salaries,Interview::LeetCode,Interview::LeetCode::Extra::99 Off-Roadmap::SQL & Database,SQL & Database,heuristic
1686038123790,Find All The Lonely Nodes,Interview::LeetCode,Interview::LeetCode::Extra::07 Trees,Trees,heuristic
1686038123792,Shuffle the Array,Interview::LeetCode,Interview::LeetCode::Extra::01 Arrays & Hashing,Arrays & Hashing,heuristic
1686038123794,The k Strongest Values in an Array,Interview::LeetCode,Interview::LeetCode::Extra::02 Two Pointers,Two Pointers,heuristic
1686038123796,Design Browser History,Interview::LeetCode,Interview::LeetCode::Extra::04 Stack,Stack,heuristic
1686038123798,Paint House III,Interview::LeetCode,Interview::LeetCode::Extra::13 1-D Dynamic Programming,1-D Dynamic Programming,heuristic
1686038123800,Delete N Nodes After M Nodes of a Linked List,Interview::LeetCode,Interview::LeetCode::Extra::06 Linked List,Linked List,heuristic
1686038123802,Final Prices With a Special Discount in a Shop,Interview::LeetCode,Interview::LeetCode::Extra::04 Stack,Stack,heuristic
1686038123804,Subrectangle Queries,Interview::LeetCode,Interview::LeetCode::Extra::17 Math & Geometry,Math & Geometry,heuristic
1686038123806,Find Two Non-overlapping Sub-arrays Each With Target Sum,Interview::LeetCode,Interview::LeetCode::Extra::13 1-D Dynamic Programming,1-D Dynamic Programming,heuristic
1686038123808,Allocate Mailboxes,Interview::LeetCode,Interview::LeetCode::Extra::13 1-D Dynamic Programming,1-D Dynamic Programming,heuristic
1686038123810,Sales by Day of the Week,Interview::LeetCode,Interview::LeetCode::Extra::99 Off-Roadmap::SQL & Database,SQL & Database,heuristic
1686038123812,Running Sum of 1d Array,Interview::LeetCode,Interview::LeetCode::Extra::01 Arrays & Hashing,Arrays & Hashing,heuristic
1686038123814,Least Number of Unique Integers after K Removals,Interview::LeetCode,Interview::LeetCode::Extra::15 Greedy,Greedy,heuristic
1686038123816,Minimum Number of Days to Make m Bouquets,Interview::LeetCode,Interview::LeetCode::Extra::05 Binary Search,Binary Search,heuristic
1686038123818,Kth Ancestor of a Tree Node,Interview::LeetCode,Interview::LeetCode::Extra::13 1-D Dynamic Programming,1-D Dynamic Programming,heuristic
1686038123820,Group Sold Products By The Date,Interview::LeetCode,Interview::LeetCode::Extra::99 Off-Roadmap::SQL & Database,SQL & Database,heuristic
1686038123822,Clone Binary Tree With Random Pointer,Interview::LeetCode,Interview::LeetCode::Extra::07 Trees,Trees,heuristic
1686038123824,XOR Operation in an Array,Interview::LeetCode,Interview::LeetCode::Extra::18 Bit Manipulation,Bit Manipulation,heuristic
1686038123826,Making File Names Unique,Interview::LeetCode,Interview::LeetCode::Extra::01 Arrays & Hashing,Arrays & Hashing,heuristic
1686038123828,Avoid Flood in The City,Interview::LeetCode,Interview::LeetCode::Extra::08 Heap - Priority Queue,Heap - Priority Queue,heuristic
1686038123830,Find Critical and Pseudo-Critical Edges in Minimum Spanning Tree,Interview::LeetCode,Interview::LeetCode::Extra::12 Advanced Graphs,Advanced Graphs,heuristic
1686038123832,Clone N-ary Tree,Interview::LeetCode,Interview::LeetCode::Extra::07 Trees,Trees,heuristic
1686038123834,Average Salary Excluding the Minimum and Maximum Salary,Interview::LeetCode,Interview::LeetCode::Extra::01 Arrays & Hashing,Arrays & Hashing,heuristic
1686038123836,The kth Factor of n,Interview::LeetCode,Interview::LeetCode::Extra::17 Math & Geometry,Math & Geometry,heuristic
1686038123838,Longest Subarray of 1's After Deleting One Element,Interview::LeetCode,Interview::LeetCode::Extra::13 1-D Dynamic Programming,1-D Dynamic Programming,heuristic
1686038123840,Parallel Courses II,Interview::LeetCode,Interview::LeetCode::Extra::11 Graphs,Graphs,heuristic
1686038123842,Friendly Movies Streamed Last Month,Interview::LeetCode,Interview::LeetCode::Extra::99 Off-Roadmap::SQL & Database,SQL & Database,heuristic
1686038123844,Path Crossing,Interview::LeetCode,Interview::LeetCode::Extra::01 Arrays & Hashing,Arrays & Hashing,heuristic
1686038123846,Check If Array Pairs Are Divisible by k,Interview::LeetCode,Interview::LeetCode::Extra::01 Arrays & Hashing,Arrays & Hashing,heuristic
1686038123848,Number of Subsequences That Satisfy the Given Sum Condition,Interview::LeetCode,Interview::LeetCode::Extra::02 Two Pointers,Two Pointers,heuristic
1686038123850,Max Value of Equation,Interview::LeetCode,Interview::LeetCode::Extra::08 Heap - Priority Queue,Heap - Priority Queue,heuristic
1686038123852,Design a File Sharing System,Interview::LeetCode,Interview::LeetCode::Extra::08 Heap - Priority Queue,Heap - Priority Queue,heuristic
1686038123854,Countries You Can Safely Invest In,Interview::LeetCode,Interview::LeetCode::Extra::99 Off-Roadmap::SQL & Database,SQL & Database,heuristic
1686038123856,Can Make Arithmetic Progression From Sequence,Interview::LeetCode,Interview::LeetCode::Extra::01 Arrays & Hashing,Arrays & Hashing,heuristic
1686038123858,Last Moment Before All Ants Fall Out of a Plank,Interview::LeetCode,Interview::LeetCode::Extra::17 Math & Geometry,Math & Geometry,heuristic
1686038123860,Count Submatrices With All Ones,Interview::LeetCode,Interview::LeetCode::Extra::14 2-D Dynamic Programming,2-D Dynamic Programming,heuristic
1686038123862,Minimum Possible Integer After at Most K Adjacent Swaps On Digits,Interview::LeetCode,Interview::LeetCode::Extra::07 Trees,Trees,heuristic
1686038123864,Find Root of N-Ary Tree,Interview::LeetCode,Interview::LeetCode::Extra::07 Trees,Trees,heuristic
1686038123866,Reformat Date,Interview::LeetCode,Interview::LeetCode::Extra::01 Arrays & Hashing,Arrays & Hashing,heuristic
1686038123868,Range Sum of Sorted Subarray Sums,Interview::LeetCode,Interview::LeetCode::Extra::02 Two Pointers,Two Pointers,heuristic
1686038123870,Minimum Difference Between Largest and Smallest Value in Three Moves,Interview::LeetCode,Interview::LeetCode::Extra::15 Greedy,Greedy,heuristic
1686038123872,Stone Game IV,Interview::LeetCode,Interview::LeetCode::Extra::13 1-D Dynamic Programming,1-D Dynamic Programming,heuristic
1686038123874,Customer Order Frequency,Interview::LeetCode,Interview::LeetCode::Extra::99 Off-Roadmap::SQL & Database,SQL & Database,heuristic
1686038123876,Number of Good Pairs,Interview::LeetCode,Interview::LeetCode::Extra::17 Math & Geometry,Math & Geometry,heuristic
1686038123878,Number of Substrings With Only 1s,Interview::LeetCode,Interview::LeetCode::Extra::17 Math & Geometry,Math & Geometry,heuristic
1686038123880,Path with Maximum Probability,Interview::LeetCode,Interview::LeetCode::Extra::12 Advanced Graphs,Advanced Graphs,heuristic
1686038123882,Best Position for a Service Centre,Interview::LeetCode,Interview::LeetCode::Extra::17 Math & Geometry,Math & Geometry,heuristic
1686038123884,Move Sub-Tree of N-Ary Tree,Interview::LeetCode,Interview::LeetCode::Extra::07 Trees,Trees,heuristic
1686038123886,Find Users With Valid E-Mails,Interview::LeetCode,Interview::LeetCode::Extra::99 Off-Roadmap::SQL & Database,SQL & Database,heuristic
1686038123888,Water Bottles,Interview::LeetCode,Interview::LeetCode::Extra::17 Math & Geometry,Math & Geometry,heuristic
1686038123890,Number of Nodes in the Sub-Tree With the Same Label,Interview::LeetCode,Interview::LeetCode::Extra::07 Trees,Trees,heuristic
1686038123892,Maximum Number of Non-Overlapping Substrings,Interview::LeetCode,Interview::LeetCode::Extra::15 Greedy,Greedy,heuristic
1686038123894,Find a Value of a Mysterious Function Closest to Target,Interview::LeetCode,Interview::LeetCode::Extra::07 Trees,Trees,heuristic
1686038123896,Diameter of N-Ary Tree,Interview::LeetCode,Interview::LeetCode::Extra::07 Trees,Trees,heuristic
1686038123898,Count Odd Numbers in an Interval Range,Interview::LeetCode,Interview::LeetCode::Extra::16 Intervals,Intervals,heuristic
1686038123900,Number of Sub-arrays With Odd Sum,Interview::LeetCode,Interview::LeetCode::Extra::13 1-D Dynamic Programming,1-D Dynamic Programming,heuristic
1686038123902,Number of Good Ways to Split a String,Interview::LeetCode,Interview::LeetCode::Extra::13 1-D Dynamic Programming,1-D Dynamic Programming,heuristic
1686038123904,Minimum Number of Increments on Subarrays to Form a Target Array,Interview::LeetCode,Interview::LeetCode::Extra::13 1-D Dynamic Programming,1-D Dynamic Programming,heuristic
1686038123906,Patients With a Condition,Interview::LeetCode,Interview::LeetCode::Extra::99 Off-Roadmap::SQL & Database,SQL & Database,heuristic
1686038123908,Shuffle String,Interview::LeetCode,Interview::LeetCode::Extra::01 Arrays & Hashing,Arrays & Hashing,heuristic
1686038123910,Minimum Suffix Flips,Interview::LeetCode,Interview::LeetCode::Extra::15 Greedy,Greedy,heuristic
1686038123912,Number of Good Leaf Nodes Pairs,Interview::LeetCode,Interview::LeetCode::Extra::07 Trees,Trees,heuristic
1686038123914,String Compression II,Interview::LeetCode,Interview::LeetCode::Extra::13 1-D Dynamic Programming,1-D Dynamic Programming,heuristic
1686038123916,The Most Recent Three Orders,Interview::LeetCode,Interview::LeetCode::Extra::99 Off-Roadmap::SQL & Database,SQL & Database,heuristic
1686038123918,Find the Index of the Large Integer,Interview::LeetCode,Interview::LeetCode::Extra::05 Binary Search,Binary Search,heuristic
1686038123920,Count Good Triplets,Interview::LeetCode,Interview::LeetCode::Extra::01 Arrays & Hashing,Arrays & Hashing,heuristic
1686038123922,Find the Winner of an Array Game,Interview::LeetCode,Interview::LeetCode::Extra::01 Arrays & Hashing,Arrays & Hashing,heuristic
1686038123924,Minimum Swaps to Arrange a Binary Grid,Interview::LeetCode,Interview::LeetCode::Extra::15 Greedy,Greedy,heuristic
1686038123926,Get the Maximum Score,Interview::LeetCode,Interview::LeetCode::Extra::13 1-D Dynamic Programming,1-D Dynamic Programming,heuristic
1686038123928,Guess the Majority in a Hidden Array,Interview::LeetCode,Interview::LeetCode::Extra::17 Math & Geometry,Math & Geometry,heuristic
1686038123930,Kth Missing Positive Number,Interview::LeetCode,Interview::LeetCode::Extra::05 Binary Search,Binary Search,heuristic
1686038123932,Can Convert String in K Moves,Interview::LeetCode,Interview::LeetCode::Extra::01 Arrays & Hashing,Arrays & Hashing,heuristic
1686038123934,Minimum Insertions to Balance a Parentheses String,Interview::LeetCode,Interview::LeetCode::Extra::04 Stack,Stack,heuristic
1686038123936,Find Longest Awesome Substring,Interview::LeetCode,Interview::LeetCode::Extra::18 Bit Manipulation,Bit Manipulation,heuristic
1686038123938,Fix Product Name Format,Interview::LeetCode,Interview::LeetCode::Extra::99 Off-Roadmap::SQL & Database,SQL & Database,heuristic
1686038123940,Make The String Great,Interview::LeetCode,Interview::LeetCode::Extra::04 Stack,Stack,heuristic
1686038123942,Find Kth Bit in Nth Binary String,Interview::LeetCode,Interview::LeetCode::Extra::01 Arrays & Hashing,Arrays & Hashing,heuristic
1686038123944,Maximum Number of Non-Overlapping Subarrays With Sum Equals Target,Interview::LeetCode,Interview::LeetCode::Extra::15 Greedy,Greedy,heuristic
1686038123946,Minimum Cost to Cut a Stick,Interview::LeetCode,Interview::LeetCode::Extra::13 1-D Dynamic Programming,1-D Dynamic Programming,heuristic
1686038123948,The Most Similar Path in a Graph,Interview::LeetCode,Interview::LeetCode::Extra::11 Graphs,Graphs,heuristic
1686038123950,The Most Recent Orders for Each Product,Interview::LeetCode,Interview::LeetCode::Extra::99 Off-Roadmap::SQL & Database,SQL & Database,heuristic
1686038123952,Three Consecutive Odds,Interview::LeetCode,Interview::LeetCode::Extra::01 Arrays & Hashing,Arrays & Hashing,heuristic
1686038123954,Minimum Operations to Make Array Equal,Interview::LeetCode,Interview::LeetCode::Extra::17 Math & Geometry,Math & Geometry,heuristic
1686038123956,Magnetic Force Between Two Balls,Interview::LeetCode,Interview::LeetCode::Extra::05 Binary Search,Binary Search,heuristic
1686038123958,Minimum Number of Days to Eat N Oranges,Interview::LeetCode,Interview::LeetCode::Extra::13 1-D Dynamic Programming,1-D Dynamic Programming,heuristic
1686038123960,Strings Differ by One Character,Interview::LeetCode,Interview::LeetCode::Extra::01 Arrays & Hashing,Arrays & Hashing,heuristic
1686038123962,Bank Account Summary,Interview::LeetCode,Interview::LeetCode::Extra::99 Off-Roadmap::SQL & Database,SQL & Database,heuristic
1686038123964,Thousand Separator,Interview::LeetCode,Interview::LeetCode::Extra::01 Arrays & Hashing,Arrays & Hashing,heuristic
1686038123966,Minimum Number of Vertices to Reach All Nodes,Interview::LeetCode,Interview::LeetCode::Extra::11 Graphs,Graphs,heuristic
1686038123968,Minimum Numbers of Function Calls to Make Target Array,Interview::LeetCode,Interview::LeetCode::Extra::15 Greedy,Greedy,heuristic
1686038123970,Detect Cycles in 2D Grid,Interview::LeetCode,Interview::LeetCode::Extra::11 Graphs,Graphs,heuristic
1686038123972,Most Visited Sector in  a Circular Track,Interview::LeetCode,Interview::LeetCode::Extra::01 Arrays & Hashing,Arrays & Hashing,heuristic
1686038123974,Maximum Number of Coins You Can Get,Interview::LeetCode,Interview::LeetCode::Extra::13 1-D Dynamic Programming,1-D Dynamic Programming,heuristic
1686038123976,Find Latest Group of Size M,Interview::LeetCode,Interview::LeetCode::Extra::05 Binary Search,Binary Search,heuristic
1686038123978,Stone Game V,Interview::LeetCode,Interview::LeetCode::Extra::13 1-D Dynamic Programming,1-D Dynamic Programming,heuristic
1686038123980,Put Boxes Into the Warehouse I,Interview::LeetCode,Interview::LeetCode::Extra::15 Greedy,Greedy,heuristic
1686038123982,Unique Orders and Customers Per Month,Interview::LeetCode,Interview::LeetCode::Extra::99 Off-Roadmap::SQL & Database,SQL & Database,heuristic
1686038123984,Detect Pattern of Length M Repeated K or More Times,Interview::LeetCode,Interview::LeetCode::Extra::01 Arrays & Hashing,Arrays & Hashing,heuristic
1686038123986,Maximum Length of Subarray With Positive Product,Interview::LeetCode,Interview::LeetCode::Extra::13 1-D Dynamic Programming,1-D Dynamic Programming,heuristic
1686038123988,Minimum Number of Days to Disconnect Island,Interview::LeetCode,Interview::LeetCode::Extra::12 Advanced Graphs,Advanced Graphs,heuristic
1686038123990,Number of Ways to Reorder Array to Get Same BST,Interview::LeetCode,Interview::LeetCode::Extra::11 Graphs,Graphs,heuristic
1686038123992,Dot Product of Two Sparse Vectors,Interview::LeetCode,Interview::LeetCode::Extra::02 Two Pointers,Two Pointers,heuristic
1686038123994,Warehouse Manager,Interview::LeetCode,Interview::LeetCode::Extra::99 Off-Roadmap::SQL & Database,SQL & Database,heuristic
1686038123996,Matrix Diagonal Sum,Interview::LeetCode,Interview::LeetCode::Extra::17 Math & Geometry,Math & Geometry,heuristic
1686038123998,Number of Ways to Split a String,Interview::LeetCode,Interview::LeetCode::Extra::17 Math & Geometry,Math & Geometry,heuristic
1686038124000,Shortest Subarray to be Removed to Make Array Sorted,Interview::LeetCode,Interview::LeetCode::Extra::04 Stack,Stack,heuristic
1686038124002,Count All Possible Routes,Interview::LeetCode,Interview::LeetCode::Extra::13 1-D Dynamic Programming,1-D Dynamic Programming,heuristic
1686038124004,Replace All ?'s to Avoid Consecutive Repeating Characters,Interview::LeetCode,Interview::LeetCode::Extra::01 Arrays & Hashing,Arrays & Hashing,heuristic
1686038124006,Number of Ways Where Square of Number Is Equal to Product of Two Numbers,Interview::LeetCode,Interview::LeetCode::Extra::02 Two Pointers,Two Pointers,heuristic
1686038124008,Minimum Time to Make Rope Colorful,Interview::LeetCode,Interview::LeetCode::Extra::13 1-D Dynamic Programming,1-D Dynamic Programming,heuristic
1686038124010,Remove Max Number of Edges to Keep Graph Fully Traversable,Interview::LeetCode,Interview::LeetCode::Extra::11 Graphs,Graphs,heuristic
1686038124012,Put Boxes Into the Warehouse II,Interview::LeetCode,Interview::LeetCode::Extra::15 Greedy,Greedy,heuristic
1686038124014,Customer Who Visited but Did Not Make Any Transactions,Interview::LeetCode,Interview::LeetCode::Extra::99 Off-Roadmap::SQL & Database,SQL & Database,heuristic
1686038124016,Special Positions in a Binary Matrix,Interview::LeetCode,Interview::LeetCode::Extra::17 Math & Geometry,Math & Geometry,heuristic
1686038124018,Count Unhappy Friends,Interview::LeetCode,Interview::LeetCode::Extra::01 Arrays & Hashing,Arrays & Hashing,heuristic
1686038124022,Check If String Is Transformable With Substring Sort Operations,Interview::LeetCode,Interview::LeetCode::Extra::15 Greedy,Greedy,heuristic
1686038124024,Binary Search Tree Iterator II,Interview::LeetCode,Interview::LeetCode::Extra::07 Trees,Trees,heuristic
1686038124026,Bank Account Summary II,Interview::LeetCode,Interview::LeetCode::Extra::99 Off-Roadmap::SQL & Database,SQL & Database,heuristic
1686038124028,Sum of All Odd Length Subarrays,Interview::LeetCode,Interview::LeetCode::Extra::17 Math & Geometry,Math & Geometry,heuristic
1686038124030,Maximum Sum Obtained of Any Permutation,Interview::LeetCode,Interview::LeetCode::Extra::15 Greedy,Greedy,heuristic
1686038124032,Make Sum Divisible by P,Interview::LeetCode,Interview::LeetCode::Extra::01 Arrays & Hashing,Arrays & Hashing,heuristic
1686038124034,Strange Printer II,Interview::LeetCode,Interview::LeetCode::Extra::11 Graphs,Graphs,heuristic
1686038124036,Rearrange Spaces Between Words,Interview::LeetCode,Interview::LeetCode::Extra::01 Arrays & Hashing,Arrays & Hashing,heuristic
1686038124038,Split a String Into the Max Number of Unique Substrings,Interview::LeetCode,Interview::LeetCode::Extra::09 Backtracking,Backtracking,heuristic
1686038124040,Maximum Non Negative Product in a Matrix,Interview::LeetCode,Interview::LeetCode::Extra::14 2-D Dynamic Programming,2-D Dynamic Programming,heuristic
1686038124042,Minimum Cost to Connect Two Groups of Points,Interview::LeetCode,Interview::LeetCode::Extra::14 2-D Dynamic Programming,2-D Dynamic Programming,heuristic
1686038124044,The Most Frequently Ordered Products for Each Customer,Interview::LeetCode,Interview::LeetCode::Extra::99 Off-Roadmap::SQL & Database,SQL & Database,heuristic
1686038124046,Build Binary Expression Tree From Infix Expression,Interview::LeetCode,Interview::LeetCode::Extra::07 Trees,Trees,heuristic
1686038124048,Crawler Log Folder,Interview::LeetCode,Interview::LeetCode::Extra::04 Stack,Stack,heuristic
1686038124050,Maximum Profit of Operating a Centennial Wheel,Interview::LeetCode,Interview::LeetCode::Extra::01 Arrays & Hashing,Arrays & Hashing,heuristic
1686038124052,Throne Inheritance,Interview::LeetCode,Interview::LeetCode::Extra::07 Trees,Trees,heuristic
1686038124054,Maximum Number of Achievable Transfer Requests,Interview::LeetCode,Interview::LeetCode::Extra::09 Backtracking,Backtracking,heuristic
1686038124056,Find Nearest Right Node in Binary Tree,Interview::LeetCode,Interview::LeetCode::Extra::07 Trees,Trees,heuristic
1686038124058,Design Parking System,Interview::LeetCode,Interview::LeetCode::Extra::01 Arrays & Hashing,Arrays & Hashing,heuristic
1686038124060,Alert Using Same Key-Card Three or More Times in a One Hour Period,Interview::LeetCode,Interview::LeetCode::Extra::01 Arrays & Hashing,Arrays & Hashing,heuristic
1686038124062,Find Valid Matrix Given Row and Column Sums,Interview::LeetCode,Interview::LeetCode::Extra::15 Greedy,Greedy,heuristic
1686038124064,Find Servers That Handled Most Number of Requests,Interview::LeetCode,Interview::LeetCode::Extra::08 Heap - Priority Queue,Heap - Priority Queue,heuristic
1686038124066,Sellers With No Sales,Interview::LeetCode,Interview::LeetCode::Extra::99 Off-Roadmap::SQL & Database,SQL & Database,heuristic
1686038124068,Special Array With X Elements Greater Than or Equal X,Interview::LeetCode,Interview::LeetCode::Extra::05 Binary Search,Binary Search,heuristic
1686038124070,Even Odd Tree,Interview::LeetCode,Interview::LeetCode::Extra::07 Trees,Trees,heuristic
1686038124072,Maximum Number of Visible Points,Interview::LeetCode,Interview::LeetCode::Extra::03 Sliding Window,Sliding Window,heuristic
1686038124074,Minimum One Bit Operations to Make Integers Zero,Interview::LeetCode,Interview::LeetCode::Extra::13 1-D Dynamic Programming,1-D Dynamic Programming,heuristic
1686038124076,Check If Two Expression Trees are Equivalent,Interview::LeetCode,Interview::LeetCode::Extra::07 Trees,Trees,heuristic
1686038124078,Find the Missing IDs,Interview::LeetCode,Interview::LeetCode::Extra::99 Off-Roadmap::SQL & Database,SQL & Database,heuristic
1686038124080,Maximum Nesting Depth of the Parentheses,Interview::LeetCode,Interview::LeetCode::Extra::04 Stack,Stack,heuristic
1686038124082,Maximal Network Rank,Interview::LeetCode,Interview::LeetCode::Extra::11 Graphs,Graphs,heuristic
1686038124084,Split Two Strings to Make Palindrome,Interview::LeetCode,Interview::LeetCode::Extra::02 Two Pointers,Two Pointers,heuristic
1686038124086,Count Subtrees With Max Distance Between Cities,Interview::LeetCode,Interview::LeetCode::Extra::13 1-D Dynamic Programming,1-D Dynamic Programming,heuristic
1686038124088,Maximum Font to Fit a Sentence in a Screen,Interview::LeetCode,Interview::LeetCode::Extra::05 Binary Search,Binary Search,heuristic
1686038124090,Mean of Array After Removing Some Elements,Interview::LeetCode,Interview::LeetCode::Extra::01 Arrays & Hashing,Arrays & Hashing,heuristic
1686038124092,Coordinate With Maximum Network Quality,Interview::LeetCode,Interview::LeetCode::Extra::01 Arrays & Hashing,Arrays & Hashing,heuristic
1686038124094,Number of Sets of K Non-Overlapping Line Segments,Interview::LeetCode,Interview::LeetCode::Extra::13 1-D Dynamic Programming,1-D Dynamic Programming,heuristic
1686038124096,Fancy Sequence,Interview::LeetCode,Interview::LeetCode::Extra::07 Trees,Trees,heuristic
1686038124098,All Valid Triplets That Can Represent a Country,Interview::LeetCode,Interview::LeetCode::Extra::99 Off-Roadmap::SQL & Database,SQL & Database,heuristic
1686038124100,Largest Substring Between Two Equal Characters,Interview::LeetCode,Interview::LeetCode::Extra::01 Arrays & Hashing,Arrays & Hashing,heuristic
1686038124102,Lexicographically Smallest String After Applying Operations,Interview::LeetCode,Interview::LeetCode::Extra::07 Trees,Trees,heuristic
1686038124104,Best Team With No Conflicts,Interview::LeetCode,Interview::LeetCode::Extra::13 1-D Dynamic Programming,1-D Dynamic Programming,heuristic
1686038124106,Graph Connectivity With Threshold,Interview::LeetCode,Interview::LeetCode::Extra::11 Graphs,Graphs,heuristic
1686038124108,Design an Expression Tree With Evaluate Function,Interview::LeetCode,Interview::LeetCode::Extra::07 Trees,Trees,heuristic
1686038124110,Slowest Key,Interview::LeetCode,Interview::LeetCode::Extra::01 Arrays & Hashing,Arrays & Hashing,heuristic
1686038124112,Arithmetic Subarrays,Interview::LeetCode,Interview::LeetCode::Extra::01 Arrays & Hashing,Arrays & Hashing,heuristic
1686038124114,Path With Minimum Effort,Interview::LeetCode,Interview::LeetCode::Extra::11 Graphs,Graphs,heuristic
1686038124116,Rank Transform of a Matrix,Interview::LeetCode,Interview::LeetCode::Extra::11 Graphs,Graphs,heuristic
1686038124118,Percentage of Users Attended a Contest,Interview::LeetCode,Interview::LeetCode::Extra::99 Off-Roadmap::SQL & Database,SQL & Database,heuristic
1686038124120,Add Two Polynomials Represented as Linked Lists,Interview::LeetCode,Interview::LeetCode::Extra::06 Linked List,Linked List,heuristic
1686038124122,Hopper Company Queries I,Interview::LeetCode,Interview::LeetCode::Extra::99 Off-Roadmap::SQL & Database,SQL & Database,heuristic
1686038124124,Sort Array by Increasing Frequency,Interview::LeetCode,Interview::LeetCode::Extra::01 Arrays & Hashing,Arrays & Hashing,heuristic
1686038124126,Widest Vertical Area Between Two Points Containing No Points,Interview::LeetCode,Interview::LeetCode::Extra::01 Arrays & Hashing,Arrays & Hashing,heuristic
1686038124128,Count Substrings That Differ by One Character,Interview::LeetCode,Interview::LeetCode::Extra::13 1-D Dynamic Programming,1-D Dynamic Programming,heuristic
1686038124130,Number of Ways to Form a Target String Given a Dictionary,Interview::LeetCode,Interview::LeetCode::Extra::13 1-D Dynamic Programming,1-D Dynamic Programming,heuristic
1686038124132,Check Array Formation Through Concatenation,Interview::LeetCode,Interview::LeetCode::Extra::01 Arrays & Hashing,Arrays & Hashing,heuristic
1686038124134,Count Sorted Vowel Strings,Interview::LeetCode,Interview::LeetCode::Extra::13 1-D Dynamic Programming,1-D Dynamic Programming,heuristic
1686038124136,Furthest Building You Can Reach,Interview::LeetCode,Interview::LeetCode::Extra::08 Heap - Priority Queue,Heap - Priority Queue,heuristic
1686038124138,Kth Smallest Instructions,Interview::LeetCode,Interview::LeetCode::Extra::13 1-D Dynamic Programming,1-D Dynamic Programming,heuristic
1686038124140,Lowest Common Ancestor of a Binary Tree II,Interview::LeetCode,Interview::LeetCode::Extra::07 Trees,Trees,heuristic
1686038124142,Hopper Company Queries II,Interview::LeetCode,Interview::LeetCode::Extra::99 Off-Roadmap::SQL & Database,SQL & Database,heuristic
1686038124144,Get Maximum in Generated Array,Interview::LeetCode,Interview::LeetCode::Extra::13 1-D Dynamic Programming,1-D Dynamic Programming,heuristic
1686038124146,Minimum Deletions to Make Character Frequencies Unique,Interview::LeetCode,Interview::LeetCode::Extra::15 Greedy,Greedy,heuristic
1686038124148,Sell Diminishing-Valued Colored Balls,Interview::LeetCode,Interview::LeetCode::Extra::08 Heap - Priority Queue,Heap - Priority Queue,heuristic
1686038124150,Create Sorted Array through Instructions,Interview::LeetCode,Interview::LeetCode::Extra::07 Trees,Trees,heuristic
1686038124152,Lowest Common Ancestor of a Binary Tree III,Interview::LeetCode,Interview::LeetCode::Extra::07 Trees,Trees,heuristic
1686038124154,Hopper Company Queries III,Interview::LeetCode,Interview::LeetCode::Extra::99 Off-Roadmap::SQL & Database,SQL & Database,heuristic
1686038124156,Defuse the Bomb,Interview::LeetCode,Interview::LeetCode::Extra::01 Arrays & Hashing,Arrays & Hashing,heuristic
1686038124158,Minimum Deletions to Make String Balanced,Interview::LeetCode,Interview::LeetCode::Extra::13 1-D Dynamic Programming,1-D Dynamic Programming,heuristic
1686038124160,Minimum Jumps to Reach Home,Interview::LeetCode,Interview::LeetCode::Extra::13 1-D Dynamic Programming,1-D Dynamic Programming,heuristic
1686038124162,Distribute Repeating Integers,Interview::LeetCode,Interview::LeetCode::Extra::09 Backtracking,Backtracking,heuristic
1686038124164,Design an Ordered Stream,Interview::LeetCode,Interview::LeetCode::Extra::01 Arrays & Hashing,Arrays & Hashing,heuristic
1686038124166,Determine if Two Strings Are Close,Interview::LeetCode,Interview::LeetCode::Extra::01 Arrays & Hashing,Arrays & Hashing,heuristic
1686038124168,Minimum Operations to Reduce X to Zero,Interview::LeetCode,Interview::LeetCode::Extra::03 Sliding Window,Sliding Window,heuristic
1686038124170,Maximize Grid Happiness,Interview::LeetCode,Interview::LeetCode::Extra::13 1-D Dynamic Programming,1-D Dynamic Programming,heuristic
1686038124172,Correct a Binary Tree,Interview::LeetCode,Interview::LeetCode::Extra::07 Trees,Trees,heuristic
1686038124174,Average Time of Process per Machine,Interview::LeetCode,Interview::LeetCode::Extra::99 Off-Roadmap::SQL & Database,SQL & Database,heuristic
1686038124176,Check If Two String Arrays are Equivalent,Interview::LeetCode,Interview::LeetCode::Extra::01 Arrays & Hashing,Arrays & Hashing,heuristic
1686038124178,Smallest String With A Given Numeric Value,Interview::LeetCode,Interview::LeetCode::Extra::15 Greedy,Greedy,heuristic
1686038124180,Ways to Make a Fair Array,Interview::LeetCode,Interview::LeetCode::Extra::13 1-D Dynamic Programming,1-D Dynamic Programming,heuristic
1686038124182,Minimum Initial Energy to Finish Tasks,Interview::LeetCode,Interview::LeetCode::Extra::15 Greedy,Greedy,heuristic
1686038124184,Change the Root of a Binary Tree,Interview::LeetCode,Interview::LeetCode::Extra::07 Trees,Trees,heuristic
1686038124186,Fix Names in a Table,Interview::LeetCode,Interview::LeetCode::Extra::99 Off-Roadmap::SQL & Database,SQL & Database,heuristic
1686038124188,Maximum Repeating Substring,Interview::LeetCode,Interview::LeetCode::Extra::01 Arrays & Hashing,Arrays & Hashing,heuristic
1686038124190,Merge In Between Linked Lists,Interview::LeetCode,Interview::LeetCode::Extra::06 Linked List,Linked List,heuristic
1686038124192,Design Front Middle Back Queue,Interview::LeetCode,Interview::LeetCode::Extra::06 Linked List,Linked List,heuristic
1686038124194,Minimum Number of Removals to Make Mountain Array,Interview::LeetCode,Interview::LeetCode::Extra::13 1-D Dynamic Programming,1-D Dynamic Programming,heuristic
1686038124196,Richest Customer Wealth,Interview::LeetCode,Interview::LeetCode::Extra::17 Math & Geometry,Math & Geometry,heuristic
1686038124198,Find the Most Competitive Subsequence,Interview::LeetCode,Interview::LeetCode::Extra::04 Stack,Stack,heuristic
1686038124200,Minimum Moves to Make Array Complementary,Interview::LeetCode,Interview::LeetCode::Extra::01 Arrays & Hashing,Arrays & Hashing,heuristic
1686038124202,Minimize Deviation in Array,Interview::LeetCode,Interview::LeetCode::Extra::08 Heap - Priority Queue,Heap - Priority Queue,heuristic
1686038124204,Lowest Common Ancestor of a Binary Tree IV,Interview::LeetCode,Interview::LeetCode::Extra::07 Trees,Trees,heuristic
1686038124206,Product's Worth Over Invoices,Interview::LeetCode,Interview::LeetCode::Extra::99 Off-Roadmap::SQL & Database,SQL & Database,heuristic
1686038124208,Goal Parser Interpretation,Interview::LeetCode,Interview::LeetCode::Extra::01 Arrays & Hashing,Arrays & Hashing,heuristic
1686038124210,Max Number of K-Sum Pairs,Interview::LeetCode,Interview::LeetCode::Extra::02 Two Pointers,Two Pointers,heuristic
1686038124212,Concatenation of Consecutive Binary Numbers,Interview::LeetCode,Interview::LeetCode::Extra::18 Bit Manipulation,Bit Manipulation,heuristic
1686038124214,Minimum Incompatibility,Interview::LeetCode,Interview::LeetCode::Extra::13 1-D Dynamic Programming,1-D Dynamic Programming,heuristic
1686038124216,Longest Palindromic Subsequence II,Interview::LeetCode,Interview::LeetCode::Extra::13 1-D Dynamic Programming,1-D Dynamic Programming,heuristic
1686038124218,Invalid Tweets,Interview::LeetCode,Interview::LeetCode::Extra::99 Off-Roadmap::SQL & Database,SQL & Database,heuristic
1686038124220,Count the Number of Consistent Strings,Interview::LeetCode,Interview::LeetCode::Extra::18 Bit Manipulation,Bit Manipulation,heuristic
1686038124222,Sum of Absolute Differences in a Sorted Array,Interview::LeetCode,Interview::LeetCode::Extra::17 Math & Geometry,Math & Geometry,heuristic
1686038124224,Stone Game VI,Interview::LeetCode,Interview::LeetCode::Extra::13 1-D Dynamic Programming,1-D Dynamic Programming,heuristic
1686038124226,Delivering Boxes from Storage to Ports,Interview::LeetCode,Interview::LeetCode::Extra::13 1-D Dynamic Programming,1-D Dynamic Programming,heuristic
1686038124228,Count of Matches in Tournament,Interview::LeetCode,Interview::LeetCode::Extra::17 Math & Geometry,Math & Geometry,heuristic
1686038124230,Partitioning Into Minimum Number Of Deci-Binary Numbers,Interview::LeetCode,Interview::LeetCode::Extra::15 Greedy,Greedy,heuristic
1686038124232,Stone Game VII,Interview::LeetCode,Interview::LeetCode::Extra::13 1-D Dynamic Programming,1-D Dynamic Programming,heuristic
1686038124234,Maximum Height by Stacking Cuboids ,Interview::LeetCode,Interview::LeetCode::Extra::13 1-D Dynamic Programming,1-D Dynamic Programming,heuristic
1686038124236,Count Ways to Distribute Candies,Interview::LeetCode,Interview::LeetCode::Extra::13 1-D Dynamic Programming,1-D Dynamic Programming,heuristic
1686038124238,Daily Leads and Partners,Interview::LeetCode,Interview::LeetCode::Extra::99 Off-Roadmap::SQL & Database,SQL & Database,heuristic
1686038124240,Reformat Phone Number,Interview::LeetCode,Interview::LeetCode::Extra::01 Arrays & Hashing,Arrays & Hashing,heuristic
1686038124242,Maximum Erasure Value,Interview::LeetCode,Interview::LeetCode::Extra::03 Sliding Window,Sliding Window,heuristic
1686038124244,Jump Game VI,Interview::LeetCode,Interview::LeetCode::Extra::13 1-D Dynamic Programming,1-D Dynamic Programming,heuristic
1686038124246,Checking Existence of Edge Length Limited Paths,Interview::LeetCode,Interview::LeetCode::Extra::11 Graphs,Graphs,heuristic
1686038124248,Number of Distinct Substrings in a String,Interview::LeetCode,Interview::LeetCode::Extra::10 Tries,Tries,heuristic
1686038124250,Number of Calls Between Two Persons,Interview::LeetCode,Interview::LeetCode::Extra::99 Off-Roadmap::SQL & Database,SQL & Database,heuristic
1686038124252,Number of Students Unable to Eat Lunch,Interview::LeetCode,Interview::LeetCode::Extra::04 Stack,Stack,heuristic
1686038124254,Average Waiting Time,Interview::LeetCode,Interview::LeetCode::Extra::01 Arrays & Hashing,Arrays & Hashing,heuristic
1686038124256,Maximum Binary String After Change,Interview::LeetCode,Interview::LeetCode::Extra::15 Greedy,Greedy,heuristic
1686038124258,Minimum Adjacent Swaps for K Consecutive Ones,Interview::LeetCode,Interview::LeetCode::Extra::03 Sliding Window,Sliding Window,heuristic
1686038124260,Determine if String Halves Are Alike,Interview::LeetCode,Interview::LeetCode::Extra::01 Arrays & Hashing,Arrays & Hashing,heuristic
1686038124262,Maximum Number of Eaten Apples,Interview::LeetCode,Interview::LeetCode::Extra::08 Heap - Priority Queue,Heap - Priority Queue,heuristic
1686038124264,Where Will the Ball Fall,Interview::LeetCode,Interview::LeetCode::Extra::11 Graphs,Graphs,heuristic
1686038124266,Maximum XOR With an Element From Array,Interview::LeetCode,Interview::LeetCode::Extra::10 Tries,Tries,heuristic
1686038124268,Largest Subarray Length K,Interview::LeetCode,Interview::LeetCode::Extra::15 Greedy,Greedy,heuristic
1686038124270,Biggest Window Between Visits,Interview::LeetCode,Interview::LeetCode::Extra::99 Off-Roadmap::SQL & Database,SQL & Database,heuristic
1686038124272,Maximum Units on a Truck,Interview::LeetCode,Interview::LeetCode::Extra::15 Greedy,Greedy,heuristic
1686038124274,Count Good Meals,Interview::LeetCode,Interview::LeetCode::Extra::01 Arrays & Hashing,Arrays & Hashing,heuristic
1686038124276,Ways to Split Array Into Three Subarrays,Interview::LeetCode,Interview::LeetCode::Extra::02 Two Pointers,Two Pointers,heuristic
1686038124278,Minimum Operations to Make a Subsequence,Interview::LeetCode,Interview::LeetCode::Extra::05 Binary Search,Binary Search,heuristic
1686038124280,Sum Of Special Evenly-Spaced Elements In Array,Interview::LeetCode,Interview::LeetCode::Extra::13 1-D Dynamic Programming,1-D Dynamic Programming,heuristic
1686038124282,Count Apples and Oranges,Interview::LeetCode,Interview::LeetCode::Extra::99 Off-Roadmap::SQL & Database,SQL & Database,heuristic
1686038124284,Calculate Money in Leetcode Bank,Interview::LeetCode,Interview::LeetCode::Extra::17 Math & Geometry,Math & Geometry,heuristic
1686038124286,Maximum Score From Removing Substrings,Interview::LeetCode,Interview::LeetCode::Extra::04 Stack,Stack,heuristic
1686038124288,Construct the Lexicographically Largest Valid Sequence,Interview::LeetCode,Interview::LeetCode::Extra::09 Backtracking,Backtracking,heuristic
1686038124290,Number Of Ways To Reconstruct A Tree,Interview::LeetCode,Interview::LeetCode::Extra::11 Graphs,Graphs,heuristic
1686038124292,Decode XORed Array,Interview::LeetCode,Interview::LeetCode::Extra::18 Bit Manipulation,Bit Manipulation,heuristic
1686038124294,Swapping Nodes in a Linked List,Interview::LeetCode,Interview::LeetCode::Extra::06 Linked List,Linked List,heuristic
1686038124296,Minimize Hamming Distance After Swap Operations,Interview::LeetCode,Interview::LeetCode::Extra::11 Graphs,Graphs,heuristic
1686038124298,Find Minimum Time to Finish All Jobs,Interview::LeetCode,Interview::LeetCode::Extra::09 Backtracking,Backtracking,heuristic
1686038124300,Checking Existence of Edge Length Limited Paths II,Interview::LeetCode,Interview::LeetCode::Extra::12 Advanced Graphs,Advanced Graphs,heuristic
1686038124302,Number Of Rectangles That Can Form The Largest Square,Interview::LeetCode,Interview::LeetCode::Extra::01 Arrays & Hashing,Arrays & Hashing,heuristic
1686038124304,Tuple with Same Product,Interview::LeetCode,Interview::LeetCode::Extra::01 Arrays & Hashing,Arrays & Hashing,heuristic
1686038124306,Largest Submatrix With Rearrangements,Interview::LeetCode,Interview::LeetCode::Extra::15 Greedy,Greedy,heuristic
1686038124308,Cat and Mouse II,Interview::LeetCode,Interview::LeetCode::Extra::11 Graphs,Graphs,heuristic
1686038124310,Find Followers Count,Interview::LeetCode,Interview::LeetCode::Extra::99 Off-Roadmap::SQL & Database,SQL & Database,heuristic
1686038124312,Shortest Path to Get Food,Interview::LeetCode,Interview::LeetCode::Extra::11 Graphs,Graphs,heuristic
1686038124314,The Number of Employees Which Report to Each Employee,Interview::LeetCode,Interview::LeetCode::Extra::99 Off-Roadmap::SQL & Database,SQL & Database,heuristic
1686038124316,Find the Highest Altitude,Interview::LeetCode,Interview::LeetCode::Extra::01 Arrays & Hashing,Arrays & Hashing,heuristic
1686038124318,Minimum Number of People to Teach,Interview::LeetCode,Interview::LeetCode::Extra::15 Greedy,Greedy,heuristic
1686038124320,Decode XORed Permutation,Interview::LeetCode,Interview::LeetCode::Extra::18 Bit Manipulation,Bit Manipulation,heuristic
1686038124322,Count Ways to Make Array With Product,Interview::LeetCode,Interview::LeetCode::Extra::13 1-D Dynamic Programming,1-D Dynamic Programming,heuristic
1686038124324,Latest Time by Replacing Hidden Digits,Interview::LeetCode,Interview::LeetCode::Extra::15 Greedy,Greedy,heuristic
1686038124326,Change Minimum Characters to Satisfy One of Three Conditions,Interview::LeetCode,Interview::LeetCode::Extra::01 Arrays & Hashing,Arrays & Hashing,heuristic
1686038124328,Find Kth Largest XOR Coordinate Value,Interview::LeetCode,Interview::LeetCode::Extra::08 Heap - Priority Queue,Heap - Priority Queue,heuristic
1686038124330,Building Boxes,Interview::LeetCode,Interview::LeetCode::Extra::05 Binary Search,Binary Search,heuristic
1686038124332,Find Distance in a Binary Tree,Interview::LeetCode,Interview::LeetCode::Extra::07 Trees,Trees,heuristic
1686038124334,Find Total Time Spent by Each Employee,Interview::LeetCode,Interview::LeetCode::Extra::99 Off-Roadmap::SQL & Database,SQL & Database,heuristic
1686038124336,Maximum Number of Balls in a Box,Interview::LeetCode,Interview::LeetCode::Extra::17 Math & Geometry,Math & Geometry,heuristic
1686038124338,Restore the Array From Adjacent Pairs,Interview::LeetCode,Interview::LeetCode::Extra::01 Arrays & Hashing,Arrays & Hashing,heuristic
1686038124340,Can You Eat Your Favorite Candy on Your Favorite Day?,Interview::LeetCode,Interview::LeetCode::Extra::01 Arrays & Hashing,Arrays & Hashing,heuristic
1686038124342,Palindrome Partitioning IV,Interview::LeetCode,Interview::LeetCode::Extra::13 1-D Dynamic Programming,1-D Dynamic Programming,heuristic
1686038124344,Maximum Subarray Sum After One Operation,Interview::LeetCode,Interview::LeetCode::Extra::13 1-D Dynamic Programming,1-D Dynamic Programming,heuristic
1686038124346,Leetflex Banned Accounts,Interview::LeetCode,Interview::LeetCode::Extra::99 Off-Roadmap::SQL & Database,SQL & Database,heuristic
1686038124348,Sum of Unique Elements,Interview::LeetCode,Interview::LeetCode::Extra::01 Arrays & Hashing,Arrays & Hashing,heuristic
1686038124350,Maximum Absolute Sum of Any Subarray,Interview::LeetCode,Interview::LeetCode::Extra::13 1-D Dynamic Programming,1-D Dynamic Programming,heuristic
1686038124352,Minimum Length of String After Deleting Similar Ends,Interview::LeetCode,Interview::LeetCode::Extra::02 Two Pointers,Two Pointers,heuristic
1686038124354,Maximum Number of Events That Can Be Attended II,Interview::LeetCode,Interview::LeetCode::Extra::13 1-D Dynamic Programming,1-D Dynamic Programming,heuristic
1686038124356,Check if Array Is Sorted and Rotated,Interview::LeetCode,Interview::LeetCode::Extra::01 Arrays & Hashing,Arrays & Hashing,heuristic
1686038124358,Maximum Score From Removing Stones,Interview::LeetCode,Interview::LeetCode::Extra::08 Heap - Priority Queue,Heap - Priority Queue,heuristic
1686038124360,Largest Merge Of Two Strings,Interview::LeetCode,Interview::LeetCode::Extra::02 Two Pointers,Two Pointers,heuristic
1686038124362,Closest Subsequence Sum,Interview::LeetCode,Interview::LeetCode::Extra::13 1-D Dynamic Programming,1-D Dynamic Programming,heuristic
1686038124364,Design Most Recently Used Queue,Interview::LeetCode,Interview::LeetCode::Extra::07 Trees,Trees,heuristic
1686038124366,Recyclable and Low Fat Products,Interview::LeetCode,Interview::LeetCode::Extra::99 Off-Roadmap::SQL & Database,SQL & Database,heuristic
1686038124368,Minimum Changes To Make Alternating Binary String,Interview::LeetCode,Interview::LeetCode::Extra::01 Arrays & Hashing,Arrays & Hashing,heuristic
1686038124370,Count Number of Homogenous Substrings,Interview::LeetCode,Interview::LeetCode::Extra::17 Math & Geometry,Math & Geometry,heuristic
1686038124372,Minimum Limit of Balls in a Bag,Interview::LeetCode,Interview::LeetCode::Extra::05 Binary Search,Binary Search,heuristic
1686038124374,Minimum Degree of a Connected Trio in a Graph,Interview::LeetCode,Interview::LeetCode::Extra::11 Graphs,Graphs,heuristic
1686038124376,Buildings With an Ocean View,Interview::LeetCode,Interview::LeetCode::Extra::04 Stack,Stack,heuristic
1686038124378,Longest Nice Substring,Interview::LeetCode,Interview::LeetCode::Extra::03 Sliding Window,Sliding Window,heuristic
1686038124380,Form Array by Concatenating Subarrays of Another Array,Interview::LeetCode,Interview::LeetCode::Extra::15 Greedy,Greedy,heuristic
1686038124382,Map of Highest Peak,Interview::LeetCode,Interview::LeetCode::Extra::11 Graphs,Graphs,heuristic
1686038124384,Tree of Coprimes,Interview::LeetCode,Interview::LeetCode::Extra::07 Trees,Trees,heuristic
1686038124386,Find the Subtasks That Did Not Execute,Interview::LeetCode,Interview::LeetCode::Extra::99 Off-Roadmap::SQL & Database,SQL & Database,heuristic
1686038124388,Merge Strings Alternately,Interview::LeetCode,Interview::LeetCode::Extra::02 Two Pointers,Two Pointers,heuristic
1686038124390,Minimum Number of Operations to Move All Balls to Each Box,Interview::LeetCode,Interview::LeetCode::Extra::01 Arrays & Hashing,Arrays & Hashing,heuristic
1686038124392,Maximum Score from Performing Multiplication Operations,Interview::LeetCode,Interview::LeetCode::Extra::13 1-D Dynamic Programming,1-D Dynamic Programming,heuristic
1686038124394,Maximize Palindrome Length From Subsequences,Interview::LeetCode,Interview::LeetCode::Extra::13 1-D Dynamic Programming,1-D Dynamic Programming,heuristic
1686038124396,Sort Features by Popularity,Interview::LeetCode,Interview::LeetCode::Extra::01 Arrays & Hashing,Arrays & Hashing,heuristic
1686038124398,Count Items Matching a Rule,Interview::LeetCode,Interview::LeetCode::Extra::01 Arrays & Hashing,Arrays & Hashing,heuristic
1686038124400,Closest Dessert Cost,Interview::LeetCode,Interview::LeetCode::Extra::09 Backtracking,Backtracking,heuristic
1686038124402,Equal Sum Arrays With Minimum Number of Operations,Interview::LeetCode,Interview::LeetCode::Extra::15 Greedy,Greedy,heuristic
1686038124404,Car Fleet II,Interview::LeetCode,Interview::LeetCode::Extra::08 Heap - Priority Queue,Heap - Priority Queue,heuristic
1686038124406,Product's Price for Each Store,Interview::LeetCode,Interview::LeetCode::Extra::99 Off-Roadmap::SQL & Database,SQL & Database,heuristic
1686038124408,Shortest Path in a Hidden Grid,Interview::LeetCode,Interview::LeetCode::Extra::11 Graphs,Graphs,heuristic
1686038124410,Find Nearest Point That Has the Same X or Y Coordinate,Interview::LeetCode,Interview::LeetCode::Extra::01 Arrays & Hashing,Arrays & Hashing,heuristic
1686038124412,Check if Number is a Sum of Powers of Three,Interview::LeetCode,Interview::LeetCode::Extra::17 Math & Geometry,Math & Geometry,heuristic
1686038124414,Sum of Beauty of All Substrings,Interview::LeetCode,Interview::LeetCode::Extra::01 Arrays & Hashing,Arrays & Hashing,heuristic
1686038124416,Count Pairs Of Nodes,Interview::LeetCode,Interview::LeetCode::Extra::11 Graphs,Graphs,heuristic
1686038124418,Grand Slam Titles,Interview::LeetCode,Interview::LeetCode::Extra::99 Off-Roadmap::SQL & Database,SQL & Database,heuristic
1686038124420,Check if Binary String Has at Most One Segment of Ones,Interview::LeetCode,Interview::LeetCode::Extra::01 Arrays & Hashing,Arrays & Hashing,heuristic
1686038124422,Minimum Elements to Add to Form a Given Sum,Interview::LeetCode,Interview::LeetCode::Extra::15 Greedy,Greedy,heuristic
1686038124424,Number of Restricted Paths From First to Last Node,Interview::LeetCode,Interview::LeetCode::Extra::12 Advanced Graphs,Advanced Graphs,heuristic
1686038124426,Make the XOR of All Segments Equal to Zero,Interview::LeetCode,Interview::LeetCode::Extra::13 1-D Dynamic Programming,1-D Dynamic Programming,heuristic
1686038124428,Maximize the Beauty of the Garden,Interview::LeetCode,Interview::LeetCode::Extra::15 Greedy,Greedy,heuristic
1686038124430,Primary Department for Each Employee,Interview::LeetCode,Interview::LeetCode::Extra::99 Off-Roadmap::SQL & Database,SQL & Database,heuristic
1686038124432,Check if One String Swap Can Make Strings Equal,Interview::LeetCode,Interview::LeetCode::Extra::01 Arrays & Hashing,Arrays & Hashing,heuristic
1686038124434,Find Center of Star Graph,Interview::LeetCode,Interview::LeetCode::Extra::11 Graphs,Graphs,heuristic
1686038124436,Maximum Average Pass Ratio,Interview::LeetCode,Interview::LeetCode::Extra::08 Heap - Priority Queue,Heap - Priority Queue,heuristic
1686038124438,Maximum Score of a Good Subarray,Interview::LeetCode,Interview::LeetCode::Extra::04 Stack,Stack,heuristic
1686038124440,Count Pairs of Equal Substrings With Minimum Difference,Interview::LeetCode,Interview::LeetCode::Extra::15 Greedy,Greedy,heuristic
1686038124442,Rearrange Products Table,Interview::LeetCode,Interview::LeetCode::Extra::99 Off-Roadmap::SQL & Database,SQL & Database,heuristic
1686038124444,Second Largest Digit in a String,Interview::LeetCode,Interview::LeetCode::Extra::01 Arrays & Hashing,Arrays & Hashing,heuristic
1686038124446,Design Authentication Manager,Interview::LeetCode,Interview::LeetCode::Extra::01 Arrays & Hashing,Arrays & Hashing,heuristic
1686038124448,Maximum Number of Consecutive Values You Can Make,Interview::LeetCode,Interview::LeetCode::Extra::15 Greedy,Greedy,heuristic
1686038124450,Maximize Score After N Operations,Interview::LeetCode,Interview::LeetCode::Extra::09 Backtracking,Backtracking,heuristic
1686038124452,Maximum Ascending Subarray Sum,Interview::LeetCode,Interview::LeetCode::Extra::01 Arrays & Hashing,Arrays & Hashing,heuristic
1686038124454,Number of Orders in the Backlog,Interview::LeetCode,Interview::LeetCode::Extra::08 Heap - Priority Queue,Heap - Priority Queue,heuristic
1686038124456,Maximum Value at a Given Index in a Bounded Array,Interview::LeetCode,Interview::LeetCode::Extra::05 Binary Search,Binary Search,heuristic
1686038124458,Count Pairs With XOR in a Range,Interview::LeetCode,Interview::LeetCode::Extra::10 Tries,Tries,heuristic
1686038124460,Implement Trie II (Prefix Tree),Interview::LeetCode,Interview::LeetCode::Extra::10 Tries,Tries,heuristic
1686038124462,Number of Different Integers in a String,Interview::LeetCode,Interview::LeetCode::Extra::01 Arrays & Hashing,Arrays & Hashing,heuristic
1686038124464,Minimum Number of Operations to Reinitialize a Permutation,Interview::LeetCode,Interview::LeetCode::Extra::17 Math & Geometry,Math & Geometry,heuristic
1686038124466,Evaluate the Bracket Pairs of a String,Interview::LeetCode,Interview::LeetCode::Extra::01 Arrays & Hashing,Arrays & Hashing,heuristic
1686038124468,Maximize Number of Nice Divisors,Interview::LeetCode,Interview::LeetCode::Extra::17 Math & Geometry,Math & Geometry,heuristic
1686038124470,Ad-Free Sessions,Interview::LeetCode,Interview::LeetCode::Extra::99 Off-Roadmap::SQL & Database,SQL & Database,heuristic
1686038124472,Minimum Path Cost in a Hidden Grid,Interview::LeetCode,Interview::LeetCode::Extra::11 Graphs,Graphs,heuristic
1686038124474,Find Interview Candidates,Interview::LeetCode,Interview::LeetCode::Extra::99 Off-Roadmap::SQL & Database,SQL & Database,heuristic
1686038124476,Determine Color of a Chessboard Square,Interview::LeetCode,Interview::LeetCode::Extra::17 Math & Geometry,Math & Geometry,heuristic
1686038124478,Sentence Similarity III,Interview::LeetCode,Interview::LeetCode::Extra::02 Two Pointers,Two Pointers,heuristic
1686038124480,Count Nice Pairs in an Array,Interview::LeetCode,Interview::LeetCode::Extra::17 Math & Geometry,Math & Geometry,heuristic
1686038124482,Maximum Number of Groups Getting Fresh Donuts,Interview::LeetCode,Interview::LeetCode::Extra::13 1-D Dynamic Programming,1-D Dynamic Programming,heuristic
1686038124484,Truncate Sentence,Interview::LeetCode,Interview::LeetCode::Extra::01 Arrays & Hashing,Arrays & Hashing,heuristic
1686038124486,Finding the Users Active Minutes,Interview::LeetCode,Interview::LeetCode::Extra::01 Arrays & Hashing,Arrays & Hashing,heuristic
1686038124488,Minimum Absolute Sum Difference,Interview::LeetCode,Interview::LeetCode::Extra::05 Binary Search,Binary Search,heuristic
1686038124490,Number of Different Subsequences GCDs,Interview::LeetCode,Interview::LeetCode::Extra::17 Math & Geometry,Math & Geometry,heuristic
1686038124492,Maximum Number of Accepted Invitations,Interview::LeetCode,Interview::LeetCode::Extra::09 Backtracking,Backtracking,heuristic
1686038124494,Find Customers With Positive Revenue this Year,Interview::LeetCode,Interview::LeetCode::Extra::99 Off-Roadmap::SQL & Database,SQL & Database,heuristic
1686038124496,Sign of the Product of an Array,Interview::LeetCode,Interview::LeetCode::Extra::17 Math & Geometry,Math & Geometry,heuristic
1686038124498,Find the Winner of the Circular Game,Interview::LeetCode,Interview::LeetCode::Extra::17 Math & Geometry,Math & Geometry,heuristic
1686038124500,Minimum Sideway Jumps,Interview::LeetCode,Interview::LeetCode::Extra::13 1-D Dynamic Programming,1-D Dynamic Programming,heuristic
1686038124502,Finding MK Average,Interview::LeetCode,Interview::LeetCode::Extra::08 Heap - Priority Queue,Heap - Priority Queue,heuristic
1686038124504,Faulty Sensor,Interview::LeetCode,Interview::LeetCode::Extra::02 Two Pointers,Two Pointers,heuristic
1686038124506,Minimum Operations to Make the Array Increasing,Interview::LeetCode,Interview::LeetCode::Extra::15 Greedy,Greedy,heuristic
1686038124508,Queries on Number of Points Inside a Circle,Interview::LeetCode,Interview::LeetCode::Extra::17 Math & Geometry,Math & Geometry,heuristic
1686038124510,Maximum XOR for Each Query,Interview::LeetCode,Interview::LeetCode::Extra::18 Bit Manipulation,Bit Manipulation,heuristic
1686038124512,Minimum Number of Operations to Make String Sorted,Interview::LeetCode,Interview::LeetCode::Extra::17 Math & Geometry,Math & Geometry,heuristic
1686038124514,Maximum Transaction Each Day,Interview::LeetCode,Interview::LeetCode::Extra::99 Off-Roadmap::SQL & Database,SQL & Database,heuristic
1686038124516,Check if the Sentence Is Pangram,Interview::LeetCode,Interview::LeetCode::Extra::01 Arrays & Hashing,Arrays & Hashing,heuristic
1686038124518,Maximum Ice Cream Bars,Interview::LeetCode,Interview::LeetCode::Extra::15 Greedy,Greedy,heuristic
1686038124520,Single-Threaded CPU,Interview::LeetCode,Interview::LeetCode::Extra::08 Heap - Priority Queue,Heap - Priority Queue,heuristic
1686038124522,Find XOR Sum of All Pairs Bitwise AND,Interview::LeetCode,Interview::LeetCode::Extra::18 Bit Manipulation,Bit Manipulation,heuristic
1686038124524,Remove Duplicates From an Unsorted Linked List,Interview::LeetCode,Interview::LeetCode::Extra::06 Linked List,Linked List,heuristic
1686038124526,Sum of Digits in Base K,Interview::LeetCode,Interview::LeetCode::Extra::17 Math & Geometry,Math & Geometry,heuristic
1686038124528,Frequency of the Most Frequent Element,Interview::LeetCode,Interview::LeetCode::Extra::03 Sliding Window,Sliding Window,heuristic
1686038124530,Longest Substring Of All Vowels in Order,Interview::LeetCode,Interview::LeetCode::Extra::03 Sliding Window,Sliding Window,heuristic
1686038124532,Maximum Building Height,Interview::LeetCode,Interview::LeetCode::Extra::17 Math & Geometry,Math & Geometry,heuristic
1686038124534,League Statistics,Interview::LeetCode,Interview::LeetCode::Extra::99 Off-Roadmap::SQL & Database,SQL & Database,heuristic
1686038124536,Next Palindrome Using Same Digits,Interview::LeetCode,Interview::LeetCode::Extra::02 Two Pointers,Two Pointers,heuristic
1686038124538,Suspicious Bank Accounts,Interview::LeetCode,Interview::LeetCode::Extra::99 Off-Roadmap::SQL & Database,SQL & Database,heuristic
1686038124540,Replace All Digits with Characters,Interview::LeetCode,Interview::LeetCode::Extra::01 Arrays & Hashing,Arrays & Hashing,heuristic
1686038124542,Seat Reservation Manager,Interview::LeetCode,Interview::LeetCode::Extra::08 Heap - Priority Queue,Heap - Priority Queue,heuristic
1686038124544,Maximum Element After Decreasing and Rearranging,Interview::LeetCode,Interview::LeetCode::Extra::15 Greedy,Greedy,heuristic
1686038124546,Closest Room,Interview::LeetCode,Interview::LeetCode::Extra::05 Binary Search,Binary Search,heuristic
1686038124548,Minimum Distance to the Target Element,Interview::LeetCode,Interview::LeetCode::Extra::01 Arrays & Hashing,Arrays & Hashing,heuristic
1686038124550,Splitting a String Into Descending Consecutive Values,Interview::LeetCode,Interview::LeetCode::Extra::09 Backtracking,Backtracking,heuristic
1686038124552,Minimum Adjacent Swaps to Reach the Kth Smallest Number,Interview::LeetCode,Interview::LeetCode::Extra::02 Two Pointers,Two Pointers,heuristic
1686038124556,Distinct Numbers in Each Subarray,Interview::LeetCode,Interview::LeetCode::Extra::03 Sliding Window,Sliding Window,heuristic
1686038124558,Convert Date Format,Interview::LeetCode,Interview::LeetCode::Extra::99 Off-Roadmap::SQL & Database,SQL & Database,heuristic
1686038124560,Maximum Population Year,Interview::LeetCode,Interview::LeetCode::Extra::01 Arrays & Hashing,Arrays & Hashing,heuristic
1686038124562,Maximum Distance Between a Pair of Values,Interview::LeetCode,Interview::LeetCode::Extra::02 Two Pointers,Two Pointers,heuristic
1686038124564,Maximum Subarray Min-Product,Interview::LeetCode,Interview::LeetCode::Extra::04 Stack,Stack,heuristic
1686038124566,Largest Color Value in a Directed Graph,Interview::LeetCode,Interview::LeetCode::Extra::11 Graphs,Graphs,heuristic
1686038124568,Longest Word With All Prefixes,Interview::LeetCode,Interview::LeetCode::Extra::10 Tries,Tries,heuristic
1686038124570,Sorting the Sentence,Interview::LeetCode,Interview::LeetCode::Extra::01 Arrays & Hashing,Arrays & Hashing,heuristic
1686038124572,Incremental Memory Leak,Interview::LeetCode,Interview::LeetCode::Extra::01 Arrays & Hashing,Arrays & Hashing,heuristic
1686038124574,Rotating the Box,Interview::LeetCode,Interview::LeetCode::Extra::02 Two Pointers,Two Pointers,heuristic
1686038124576,Sum of Floored Pairs,Interview::LeetCode,Interview::LeetCode::Extra::05 Binary Search,Binary Search,heuristic
1686038124578,Sum of All Subset XOR Totals,Interview::LeetCode,Interview::LeetCode::Extra::09 Backtracking,Backtracking,heuristic
1686038124580,Minimum Number of Swaps to Make the Binary String Alternating,Interview::LeetCode,Interview::LeetCode::Extra::15 Greedy,Greedy,heuristic
1686038124582,Finding Pairs With a Certain Sum,Interview::LeetCode,Interview::LeetCode::Extra::01 Arrays & Hashing,Arrays & Hashing,heuristic
1686038124584,Number of Ways to Rearrange Sticks With K Sticks Visible,Interview::LeetCode,Interview::LeetCode::Extra::13 1-D Dynamic Programming,1-D Dynamic Programming,heuristic
1686038124586,Orders With Maximum Quantity Above Average,Interview::LeetCode,Interview::LeetCode::Extra::99 Off-Roadmap::SQL & Database,SQL & Database,heuristic
1686038124588,Product of Two Run-Length Encoded Arrays,Interview::LeetCode,Interview::LeetCode::Extra::02 Two Pointers,Two Pointers,heuristic
1686038124590,Longer Contiguous Segments of Ones than Zeros,Interview::LeetCode,Interview::LeetCode::Extra::01 Arrays & Hashing,Arrays & Hashing,heuristic
1686038124592,Minimum Speed to Arrive on Time,Interview::LeetCode,Interview::LeetCode::Extra::05 Binary Search,Binary Search,heuristic
1686038124594,Jump Game VII,Interview::LeetCode,Interview::LeetCode::Extra::02 Two Pointers,Two Pointers,heuristic
1686038124596,Stone Game VIII,Interview::LeetCode,Interview::LeetCode::Extra::13 1-D Dynamic Programming,1-D Dynamic Programming,heuristic
1686038124598,Calculate Special Bonus,Interview::LeetCode,Interview::LeetCode::Extra::99 Off-Roadmap::SQL & Database,SQL & Database,heuristic
1686038124600,Minimize Product Sum of Two Arrays,Interview::LeetCode,Interview::LeetCode::Extra::15 Greedy,Greedy,heuristic
1686038124602,Group Employees of the Same Salary,Interview::LeetCode,Interview::LeetCode::Extra::99 Off-Roadmap::SQL & Database,SQL & Database,heuristic
1686038124604,Substrings of Size Three with Distinct Characters,Interview::LeetCode,Interview::LeetCode::Extra::03 Sliding Window,Sliding Window,heuristic
1686038124606,Minimize Maximum Pair Sum in Array,Interview::LeetCode,Interview::LeetCode::Extra::02 Two Pointers,Two Pointers,heuristic
1686038124608,Get Biggest Three Rhombus Sums in a Grid,Interview::LeetCode,Interview::LeetCode::Extra::08 Heap - Priority Queue,Heap - Priority Queue,heuristic
1686038124610,Minimum XOR Sum of Two Arrays,Interview::LeetCode,Interview::LeetCode::Extra::13 1-D Dynamic Programming,1-D Dynamic Programming,heuristic
1686038124612,Check if Word Equals Summation of Two Words,Interview::LeetCode,Interview::LeetCode::Extra::01 Arrays & Hashing,Arrays & Hashing,heuristic
1686038124614,Maximum Value after Insertion,Interview::LeetCode,Interview::LeetCode::Extra::15 Greedy,Greedy,heuristic
1686038124616,Process Tasks Using Servers,Interview::LeetCode,Interview::LeetCode::Extra::08 Heap - Priority Queue,Heap - Priority Queue,heuristic
1686038124618,Minimum Skips to Arrive at Meeting On Time,Interview::LeetCode,Interview::LeetCode::Extra::13 1-D Dynamic Programming,1-D Dynamic Programming,heuristic
1686038124620,Egg Drop With 2 Eggs and N Floors,Interview::LeetCode,Interview::LeetCode::Extra::13 1-D Dynamic Programming,1-D Dynamic Programming,heuristic
1686038124622,Count Pairs in Two Arrays,Interview::LeetCode,Interview::LeetCode::Extra::05 Binary Search,Binary Search,heuristic
1686038124624,Determine Whether Matrix Can Be Obtained By Rotation,Interview::LeetCode,Interview::LeetCode::Extra::17 Math & Geometry,Math & Geometry,heuristic
1686038124626,Reduction Operations to Make the Array Elements Equal,Interview::LeetCode,Interview::LeetCode::Extra::01 Arrays & Hashing,Arrays & Hashing,heuristic
1686038124628,Minimum Number of Flips to Make the Binary String Alternating,Interview::LeetCode,Interview::LeetCode::Extra::13 1-D Dynamic Programming,1-D Dynamic Programming,heuristic
1686038124630,Minimum Space Wasted From Packaging,Interview::LeetCode,Interview::LeetCode::Extra::05 Binary Search,Binary Search,heuristic
1686038124632,The Latest Login in 2020,Interview::LeetCode,Interview::LeetCode::Extra::99 Off-Roadmap::SQL & Database,SQL & Database,heuristic
1686038124634,Cutting Ribbons,Interview::LeetCode,Interview::LeetCode::Extra::05 Binary Search,Binary Search,heuristic
1686038124636,Page Recommendations II,Interview::LeetCode,Interview::LeetCode::Extra::99 Off-Roadmap::SQL & Database,SQL & Database,heuristic
1686038124638,Check if All the Integers in a Range Are Covered,Interview::LeetCode,Interview::LeetCode::Extra::01 Arrays & Hashing,Arrays & Hashing,heuristic
1686038124640,Find the Student that Will Replace the Chalk,Interview::LeetCode,Interview::LeetCode::Extra::05 Binary Search,Binary Search,heuristic
1686038124642,Largest Magic Square,Interview::LeetCode,Interview::LeetCode::Extra::17 Math & Geometry,Math & Geometry,heuristic
1686038124644,Minimum Cost to Change the Final Value of Expression,Interview::LeetCode,Interview::LeetCode::Extra::13 1-D Dynamic Programming,1-D Dynamic Programming,heuristic
1686038124646,Redistribute Characters to Make All Strings Equal,Interview::LeetCode,Interview::LeetCode::Extra::01 Arrays & Hashing,Arrays & Hashing,heuristic
1686038124648,Maximum Number of Removable Characters,Interview::LeetCode,Interview::LeetCode::Extra::05 Binary Search,Binary Search,heuristic
1686038124652,The Earliest and Latest Rounds Where Players Compete,Interview::LeetCode,Interview::LeetCode::Extra::13 1-D Dynamic Programming,1-D Dynamic Programming,heuristic
1686038124654,Find a Peak Element II,Interview::LeetCode,Interview::LeetCode::Extra::05 Binary Search,Binary Search,heuristic
1686038124656,Depth of BST Given Insertion Order,Interview::LeetCode,Interview::LeetCode::Extra::07 Trees,Trees,heuristic
1686038124658,Largest Odd Number in String,Interview::LeetCode,Interview::LeetCode::Extra::15 Greedy,Greedy,heuristic
1686038124660,The Number of Full Rounds You Have Played,Interview::LeetCode,Interview::LeetCode::Extra::17 Math & Geometry,Math & Geometry,heuristic
1686038124662,Count Sub Islands,Interview::LeetCode,Interview::LeetCode::Extra::11 Graphs,Graphs,heuristic
1686038124664,Minimum Absolute Difference Queries,Interview::LeetCode,Interview::LeetCode::Extra::01 Arrays & Hashing,Arrays & Hashing,heuristic
1686038124666,Count Salary Categories,Interview::LeetCode,Interview::LeetCode::Extra::99 Off-Roadmap::SQL & Database,SQL & Database,heuristic
1686038124668,Game of Nim,Interview::LeetCode,Interview::LeetCode::Extra::13 1-D Dynamic Programming,1-D Dynamic Programming,heuristic
1686038124670,Remove One Element to Make the Array Strictly Increasing,Interview::LeetCode,Interview::LeetCode::Extra::01 Arrays & Hashing,Arrays & Hashing,heuristic
1686038124672,Remove All Occurrences of a Substring,Interview::LeetCode,Interview::LeetCode::Extra::01 Arrays & Hashing,Arrays & Hashing,heuristic
1686038124674,Maximum Alternating Subsequence Sum,Interview::LeetCode,Interview::LeetCode::Extra::13 1-D Dynamic Programming,1-D Dynamic Programming,heuristic
1686038124676,Design Movie Rental System,Interview::LeetCode,Interview::LeetCode::Extra::08 Heap - Priority Queue,Heap - Priority Queue,heuristic
1686038124678,Maximum Product Difference Between Two Pairs,Interview::LeetCode,Interview::LeetCode::Extra::01 Arrays & Hashing,Arrays & Hashing,heuristic
1686038124680,Cyclically Rotating a Grid,Interview::LeetCode,Interview::LeetCode::Extra::17 Math & Geometry,Math & Geometry,heuristic
1686038124682,Number of Wonderful Substrings,Interview::LeetCode,Interview::LeetCode::Extra::18 Bit Manipulation,Bit Manipulation,heuristic
1686038124684,Count Ways to Build Rooms in an Ant Colony,Interview::LeetCode,Interview::LeetCode::Extra::11 Graphs,Graphs,heuristic
1686038124686,Leetcodify Friends Recommendations,Interview::LeetCode,Interview::LeetCode::Extra::99 Off-Roadmap::SQL & Database,SQL & Database,heuristic
1686038124688,Kth Smallest Subarray Sum,Interview::LeetCode,Interview::LeetCode::Extra::03 Sliding Window,Sliding Window,heuristic
1686038124690,Leetcodify Similar Friends,Interview::LeetCode,Interview::LeetCode::Extra::99 Off-Roadmap::SQL & Database,SQL & Database,heuristic
1686038124692,Build Array from Permutation,Interview::LeetCode,Interview::LeetCode::Extra::01 Arrays & Hashing,Arrays & Hashing,heuristic
1686038124694,Eliminate Maximum Number of Monsters,Interview::LeetCode,Interview::LeetCode::Extra::15 Greedy,Greedy,heuristic
1686038124696,Count Good Numbers,Interview::LeetCode,Interview::LeetCode::Extra::17 Math & Geometry,Math & Geometry,heuristic
1686038124698,Longest Common Subpath,Interview::LeetCode,Interview::LeetCode::Extra::10 Tries,Tries,heuristic
1686038124700,Erect the Fence II,Interview::LeetCode,Interview::LeetCode::Extra::17 Math & Geometry,Math & Geometry,heuristic
1686038124702,Count Square Sum Triples,Interview::LeetCode,Interview::LeetCode::Extra::17 Math & Geometry,Math & Geometry,heuristic
1686038124704,Nearest Exit from Entrance in Maze,Interview::LeetCode,Interview::LeetCode::Extra::11 Graphs,Graphs,heuristic
1686038124706,Sum Game,Interview::LeetCode,Interview::LeetCode::Extra::13 1-D Dynamic Programming,1-D Dynamic Programming,heuristic
1686038124708,Minimum Cost to Reach Destination in Time,Interview::LeetCode,Interview::LeetCode::Extra::11 Graphs,Graphs,heuristic
1686038124710,Concatenation of Array,Interview::LeetCode,Interview::LeetCode::Extra::01 Arrays & Hashing,Arrays & Hashing,heuristic
1686038124712,Unique Length-3 Palindromic Subsequences,Interview::LeetCode,Interview::LeetCode::Extra::01 Arrays & Hashing,Arrays & Hashing,heuristic
1686038124714,Painting a Grid With Three Different Colors,Interview::LeetCode,Interview::LeetCode::Extra::13 1-D Dynamic Programming,1-D Dynamic Programming,heuristic
1686038124716,Merge BSTs to Create Single BST,Interview::LeetCode,Interview::LeetCode::Extra::07 Trees,Trees,heuristic
1686038124718,Check if String Is Decomposable Into Value-Equal Substrings,Interview::LeetCode,Interview::LeetCode::Extra::01 Arrays & Hashing,Arrays & Hashing,heuristic
1686038124720,Confirmation Rate,Interview::LeetCode,Interview::LeetCode::Extra::99 Off-Roadmap::SQL & Database,SQL & Database,heuristic
1686038124722,Maximum Number of Words You Can Type,Interview::LeetCode,Interview::LeetCode::Extra::01 Arrays & Hashing,Arrays & Hashing,heuristic
1686038124724,Add Minimum Number of Rungs,Interview::LeetCode,Interview::LeetCode::Extra::15 Greedy,Greedy,heuristic
1686038124726,Maximum Number of Points with Cost,Interview::LeetCode,Interview::LeetCode::Extra::13 1-D Dynamic Programming,1-D Dynamic Programming,heuristic
1686038124728,Maximum Genetic Difference Query,Interview::LeetCode,Interview::LeetCode::Extra::10 Tries,Tries,heuristic
1686038124730,Users That Actively Request Confirmation Messages,Interview::LeetCode,Interview::LeetCode::Extra::99 Off-Roadmap::SQL & Database,SQL & Database,heuristic
1686038124732,Longest Common Subsequence Between Sorted Arrays,Interview::LeetCode,Interview::LeetCode::Extra::01 Arrays & Hashing,Arrays & Hashing,heuristic
1686038124734,Check if All Characters Have Equal Number of Occurrences,Interview::LeetCode,Interview::LeetCode::Extra::01 Arrays & Hashing,Arrays & Hashing,heuristic
1686038124736,The Number of the Smallest Unoccupied Chair,Interview::LeetCode,Interview::LeetCode::Extra::08 Heap - Priority Queue,Heap - Priority Queue,heuristic
1686038124738,Describe the Painting,Interview::LeetCode,Interview::LeetCode::Extra::01 Arrays & Hashing,Arrays & Hashing,heuristic
1686038124740,Number of Visible People in a Queue,Interview::LeetCode,Interview::LeetCode::Extra::04 Stack,Stack,heuristic
1686038124742,Sum of Digits of String After Convert,Interview::LeetCode,Interview::LeetCode::Extra::01 Arrays & Hashing,Arrays & Hashing,heuristic
1686038124744,Largest Number After Mutating Substring,Interview::LeetCode,Interview::LeetCode::Extra::15 Greedy,Greedy,heuristic
1686038124746,Maximum Compatibility Score Sum,Interview::LeetCode,Interview::LeetCode::Extra::09 Backtracking,Backtracking,heuristic
1686038124748,Delete Duplicate Folders in System,Interview::LeetCode,Interview::LeetCode::Extra::10 Tries,Tries,heuristic
1686038124750,Strong Friendship,Interview::LeetCode,Interview::LeetCode::Extra::99 Off-Roadmap::SQL & Database,SQL & Database,heuristic
1686038124752,Maximum of Minimum Values in All Subarrays,Interview::LeetCode,Interview::LeetCode::Extra::04 Stack,Stack,heuristic
1686038124754,All the Pairs With the Maximum Number of Common Followers,Interview::LeetCode,Interview::LeetCode::Extra::99 Off-Roadmap::SQL & Database,SQL & Database,heuristic
1686038124756,Three Divisors,Interview::LeetCode,Interview::LeetCode::Extra::17 Math & Geometry,Math & Geometry,heuristic
1686038124758,Maximum Number of Weeks for Which You Can Work,Interview::LeetCode,Interview::LeetCode::Extra::15 Greedy,Greedy,heuristic
1686038124760,Minimum Garden Perimeter to Collect Enough Apples,Interview::LeetCode,Interview::LeetCode::Extra::05 Binary Search,Binary Search,heuristic
1686038124762,Count Number of Special Subsequences,Interview::LeetCode,Interview::LeetCode::Extra::13 1-D Dynamic Programming,1-D Dynamic Programming,heuristic
1686038124764,Minimum Time For K Virus Variants to Spread,Interview::LeetCode,Interview::LeetCode::Extra::05 Binary Search,Binary Search,heuristic
1686038124766,Delete Characters to Make Fancy String,Interview::LeetCode,Interview::LeetCode::Extra::01 Arrays & Hashing,Arrays & Hashing,heuristic
1686038124768,Check if Move is Legal,Interview::LeetCode,Interview::LeetCode::Extra::17 Math & Geometry,Math & Geometry,heuristic
1686038124770,Minimum Total Space Wasted With K Resizing Operations,Interview::LeetCode,Interview::LeetCode::Extra::13 1-D Dynamic Programming,1-D Dynamic Programming,heuristic
1686038124772,Maximum Product of the Length of Two Palindromic Substrings,Interview::LeetCode,Interview::LeetCode::Extra::01 Arrays & Hashing,Arrays & Hashing,heuristic
1686038124774,Check If String Is a Prefix of Array,Interview::LeetCode,Interview::LeetCode::Extra::01 Arrays & Hashing,Arrays & Hashing,heuristic
1686038124776,Remove Stones to Minimize the Total,Interview::LeetCode,Interview::LeetCode::Extra::08 Heap - Priority Queue,Heap - Priority Queue,heuristic
1686038124778,Minimum Number of Swaps to Make the String Balanced,Interview::LeetCode,Interview::LeetCode::Extra::04 Stack,Stack,heuristic
1686038124780,Find the Longest Valid Obstacle Course at Each Position,Interview::LeetCode,Interview::LeetCode::Extra::07 Trees,Trees,heuristic
1686038124782,Employees With Missing Information,Interview::LeetCode,Interview::LeetCode::Extra::99 Off-Roadmap::SQL & Database,SQL & Database,heuristic
1686038124784,Binary Searchable Numbers in an Unsorted Array,Interview::LeetCode,Interview::LeetCode::Extra::05 Binary Search,Binary Search,heuristic
1686038124786,Number of Strings That Appear as Substrings in Word,Interview::LeetCode,Interview::LeetCode::Extra::01 Arrays & Hashing,Arrays & Hashing,heuristic
1686038124788,Array With Elements Not Equal to Average of Neighbors,Interview::LeetCode,Interview::LeetCode::Extra::15 Greedy,Greedy,heuristic
1686038124790,Minimum Non-Zero Product of the Array Elements,Interview::LeetCode,Interview::LeetCode::Extra::15 Greedy,Greedy,heuristic
1686038124792,Last Day Where You Can Still Cross,Interview::LeetCode,Interview::LeetCode::Extra::11 Graphs,Graphs,heuristic
1686038124794,Find if Path Exists in Graph,Interview::LeetCode,Interview::LeetCode::Extra::11 Graphs,Graphs,heuristic
1686038124796,First and Last Call On the Same Day,Interview::LeetCode,Interview::LeetCode::Extra::99 Off-Roadmap::SQL & Database,SQL & Database,heuristic
1686038124798,Count Nodes Equal to Sum of Descendants,Interview::LeetCode,Interview::LeetCode::Extra::07 Trees,Trees,heuristic
1686038124800,Minimum Time to Type Word Using Special Typewriter,Interview::LeetCode,Interview::LeetCode::Extra::15 Greedy,Greedy,heuristic
1686038124802,Maximum Matrix Sum,Interview::LeetCode,Interview::LeetCode::Extra::15 Greedy,Greedy,heuristic
1686038124804,Number of Ways to Arrive at Destination,Interview::LeetCode,Interview::LeetCode::Extra::12 Advanced Graphs,Advanced Graphs,heuristic
1686038124806,Number of Ways to Separate Numbers,Interview::LeetCode,Interview::LeetCode::Extra::10 Tries,Tries,heuristic
1686038124808,Employees Whose Manager Left the Company,Interview::LeetCode,Interview::LeetCode::Extra::99 Off-Roadmap::SQL & Database,SQL & Database,heuristic
1686038124810,Find Greatest Common Divisor of Array,Interview::LeetCode,Interview::LeetCode::Extra::17 Math & Geometry,Math & Geometry,heuristic
1686038124812,Find Unique Binary String,Interview::LeetCode,Interview::LeetCode::Extra::09 Backtracking,Backtracking,heuristic
1686038124814,Minimize the Difference Between Target and Chosen Elements,Interview::LeetCode,Interview::LeetCode::Extra::14 2-D Dynamic Programming,2-D Dynamic Programming,heuristic
1686038124816,Find Array Given Subset Sums,Interview::LeetCode,Interview::LeetCode::Extra::01 Arrays & Hashing,Arrays & Hashing,heuristic
1686038124818,Widest Pair of Indices With Equal Range Sum,Interview::LeetCode,Interview::LeetCode::Extra::01 Arrays & Hashing,Arrays & Hashing,heuristic
1686038124820,Minimum Difference Between Highest and Lowest of K Scores,Interview::LeetCode,Interview::LeetCode::Extra::03 Sliding Window,Sliding Window,heuristic
1686038124822,Find the Kth Largest Integer in the Array,Interview::LeetCode,Interview::LeetCode::Extra::08 Heap - Priority Queue,Heap - Priority Queue,heuristic
1686038124824,Minimum Number of Work Sessions to Finish the Tasks,Interview::LeetCode,Interview::LeetCode::Extra::09 Backtracking,Backtracking,heuristic
1686038124826,Number of Unique Good Subsequences,Interview::LeetCode,Interview::LeetCode::Extra::13 1-D Dynamic Programming,1-D Dynamic Programming,heuristic
1686038124828,Find Cutoff Score for Each School,Interview::LeetCode,Interview::LeetCode::Extra::99 Off-Roadmap::SQL & Database,SQL & Database,heuristic
1686038124830,Maximum Number of People That Can Be Caught in Tag,Interview::LeetCode,Interview::LeetCode::Extra::15 Greedy,Greedy,heuristic
1686038124832,Count the Number of Experiments,Interview::LeetCode,Interview::LeetCode::Extra::99 Off-Roadmap::SQL & Database,SQL & Database,heuristic
1686038124834,Find the Middle Index in Array,Interview::LeetCode,Interview::LeetCode::Extra::01 Arrays & Hashing,Arrays & Hashing,heuristic
1686038124836,Find All Groups of Farmland,Interview::LeetCode,Interview::LeetCode::Extra::11 Graphs,Graphs,heuristic
1686038124838,Operations on Tree,Interview::LeetCode,Interview::LeetCode::Extra::07 Trees,Trees,heuristic
1686038124840,The Number of Good Subsets,Interview::LeetCode,Interview::LeetCode::Extra::13 1-D Dynamic Programming,1-D Dynamic Programming,heuristic
1686038124842,Count Special Quadruplets,Interview::LeetCode,Interview::LeetCode::Extra::01 Arrays & Hashing,Arrays & Hashing,heuristic
1686038124844,The Number of Weak Characters in the Game,Interview::LeetCode,Interview::LeetCode::Extra::04 Stack,Stack,heuristic
1686038124846,First Day Where You Have Been in All the Rooms,Interview::LeetCode,Interview::LeetCode::Extra::13 1-D Dynamic Programming,1-D Dynamic Programming,heuristic
1686038124848,GCD Sort of an Array,Interview::LeetCode,Interview::LeetCode::Extra::11 Graphs,Graphs,heuristic
1686038124850,Smallest Greater Multiple Made of Two Digits,Interview::LeetCode,Interview::LeetCode::Extra::17 Math & Geometry,Math & Geometry,heuristic
1686038124852,Reverse Prefix of Word,Interview::LeetCode,Interview::LeetCode::Extra::02 Two Pointers,Two Pointers,heuristic
1686038124854,Number of Pairs of Interchangeable Rectangles,Interview::LeetCode,Interview::LeetCode::Extra::17 Math & Geometry,Math & Geometry,heuristic
1686038124856,Maximum Product of the Length of Two Palindromic Subsequences,Interview::LeetCode,Interview::LeetCode::Extra::09 Backtracking,Backtracking,heuristic
1686038124858,Smallest Missing Genetic Value in Each Subtree,Interview::LeetCode,Interview::LeetCode::Extra::11 Graphs,Graphs,heuristic
1686038124860,The Number of Seniors and Juniors to Join the Company,Interview::LeetCode,Interview::LeetCode::Extra::99 Off-Roadmap::SQL & Database,SQL & Database,heuristic
1686038124862,Subtree Removal Game with Fibonacci Tree,Interview::LeetCode,Interview::LeetCode::Extra::13 1-D Dynamic Programming,1-D Dynamic Programming,heuristic
1686038124864,Count Number of Pairs With Absolute Difference K,Interview::LeetCode,Interview::LeetCode::Extra::01 Arrays & Hashing,Arrays & Hashing,heuristic
1686038124866,Find Original Array From Doubled Array,Interview::LeetCode,Interview::LeetCode::Extra::15 Greedy,Greedy,heuristic
1686038124868,Maximum Earnings From Taxi,Interview::LeetCode,Interview::LeetCode::Extra::13 1-D Dynamic Programming,1-D Dynamic Programming,heuristic
1686038124870,Minimum Number of Operations to Make Array Continuous,Interview::LeetCode,Interview::LeetCode::Extra::05 Binary Search,Binary Search,heuristic
1686038124872,The Number of Seniors and Juniors to Join the Company II,Interview::LeetCode,Interview::LeetCode::Extra::99 Off-Roadmap::SQL & Database,SQL & Database,heuristic
1686038124874,Final Value of Variable After Performing Operations,Interview::LeetCode,Interview::LeetCode::Extra::01 Arrays & Hashing,Arrays & Hashing,heuristic
1686038124876,Sum of Beauty in the Array,Interview::LeetCode,Interview::LeetCode::Extra::01 Arrays & Hashing,Arrays & Hashing,heuristic
1686038124880,Longest Subsequence Repeated k Times,Interview::LeetCode,Interview::LeetCode::Extra::09 Backtracking,Backtracking,heuristic
1686038124882,Average Height of Buildings in Each Segment,Interview::LeetCode,Interview::LeetCode::Extra::08 Heap - Priority Queue,Heap - Priority Queue,heuristic
1686038124884,Maximum Difference Between Increasing Elements,Interview::LeetCode,Interview::LeetCode::Extra::01 Arrays & Hashing,Arrays & Hashing,heuristic
1686038124886,Grid Game,Interview::LeetCode,Interview::LeetCode::Extra::17 Math & Geometry,Math & Geometry,heuristic
1686038124888,Check if Word Can Be Placed In Crossword,Interview::LeetCode,Interview::LeetCode::Extra::17 Math & Geometry,Math & Geometry,heuristic
1686038124890,The Score of Students Solving Math Expression,Interview::LeetCode,Interview::LeetCode::Extra::13 1-D Dynamic Programming,1-D Dynamic Programming,heuristic
1686038124892,Number of Accounts That Did Not Stream,Interview::LeetCode,Interview::LeetCode::Extra::99 Off-Roadmap::SQL & Database,SQL & Database,heuristic
1686038124894,Brightest Position on Street,Interview::LeetCode,Interview::LeetCode::Extra::01 Arrays & Hashing,Arrays & Hashing,heuristic
1686038124896,Convert 1D Array Into 2D Array,Interview::LeetCode,Interview::LeetCode::Extra::17 Math & Geometry,Math & Geometry,heuristic
1686038124898,Number of Pairs of Strings With Concatenation Equal to Target,Interview::LeetCode,Interview::LeetCode::Extra::01 Arrays & Hashing,Arrays & Hashing,heuristic
1686038124900,Maximize the Confusion of an Exam,Interview::LeetCode,Interview::LeetCode::Extra::03 Sliding Window,Sliding Window,heuristic
1686038124902,Maximum Number of Ways to Partition an Array,Interview::LeetCode,Interview::LeetCode::Extra::01 Arrays & Hashing,Arrays & Hashing,heuristic
1686038124904,Low-Quality Problems,Interview::LeetCode,Interview::LeetCode::Extra::99 Off-Roadmap::SQL & Database,SQL & Database,heuristic
1686038124906,Minimum Moves to Convert String,Interview::LeetCode,Interview::LeetCode::Extra::15 Greedy,Greedy,heuristic
1686038124908,Find Missing Observations,Interview::LeetCode,Interview::LeetCode::Extra::17 Math & Geometry,Math & Geometry,heuristic
1686038124910,Stone Game IX,Interview::LeetCode,Interview::LeetCode::Extra::13 1-D Dynamic Programming,1-D Dynamic Programming,heuristic
1686038124912,Smallest K-Length Subsequence With Occurrences of a Letter,Interview::LeetCode,Interview::LeetCode::Extra::04 Stack,Stack,heuristic
1686038124914,Count Subarrays With More Ones Than Zeros,Interview::LeetCode,Interview::LeetCode::Extra::07 Trees,Trees,heuristic
1686038124916,Two Out of Three,Interview::LeetCode,Interview::LeetCode::Extra::01 Arrays & Hashing,Arrays & Hashing,heuristic
1686038124918,Minimum Operations to Make a Uni-Value Grid,Interview::LeetCode,Interview::LeetCode::Extra::17 Math & Geometry,Math & Geometry,heuristic
1686038124920,Stock Price Fluctuation ,Interview::LeetCode,Interview::LeetCode::Extra::08 Heap - Priority Queue,Heap - Priority Queue,heuristic
1686038124922,Partition Array Into Two Arrays to Minimize Sum Difference,Interview::LeetCode,Interview::LeetCode::Extra::13 1-D Dynamic Programming,1-D Dynamic Programming,heuristic
1686038124924,Maximum Alternating Subarray Sum,Interview::LeetCode,Interview::LeetCode::Extra::13 1-D Dynamic Programming,1-D Dynamic Programming,heuristic
1686038124926,Minimum Number of Moves to Seat Everyone,Interview::LeetCode,Interview::LeetCode::Extra::01 Arrays & Hashing,Arrays & Hashing,heuristic
1686038124928,Remove Colored Pieces if Both Neighbors are the Same Color,Interview::LeetCode,Interview::LeetCode::Extra::13 1-D Dynamic Programming,1-D Dynamic Programming,heuristic
1686038124930,The Time When the Network Becomes Idle,Interview::LeetCode,Interview::LeetCode::Extra::11 Graphs,Graphs,heuristic
1686038124932,Kth Smallest Product of Two Sorted Arrays,Interview::LeetCode,Interview::LeetCode::Extra::05 Binary Search,Binary Search,heuristic
1686038124934,Accepted Candidates From the Interviews,Interview::LeetCode,Interview::LeetCode::Extra::99 Off-Roadmap::SQL & Database,SQL & Database,heuristic
1686038124936,Check if Numbers Are Ascending in a Sentence,Interview::LeetCode,Interview::LeetCode::Extra::01 Arrays & Hashing,Arrays & Hashing,heuristic
1686038124938,Simple Bank System,Interview::LeetCode,Interview::LeetCode::Extra::01 Arrays & Hashing,Arrays & Hashing,heuristic
1686038124940,Count Number of Maximum Bitwise-OR Subsets,Interview::LeetCode,Interview::LeetCode::Extra::09 Backtracking,Backtracking,heuristic
1686038124942,Second Minimum Time to Reach Destination,Interview::LeetCode,Interview::LeetCode::Extra::12 Advanced Graphs,Advanced Graphs,heuristic
1686038124944,Sort Linked List Already Sorted Using Absolute Values,Interview::LeetCode,Interview::LeetCode::Extra::06 Linked List,Linked List,heuristic
1686038124946,Number of Valid Words in a Sentence,Interview::LeetCode,Interview::LeetCode::Extra::01 Arrays & Hashing,Arrays & Hashing,heuristic
1686038124948,Next Greater Numerically Balanced Number,Interview::LeetCode,Interview::LeetCode::Extra::09 Backtracking,Backtracking,heuristic
1686038124950,Count Nodes With the Highest Score,Interview::LeetCode,Interview::LeetCode::Extra::07 Trees,Trees,heuristic
1686038124952,Parallel Courses III,Interview::LeetCode,Interview::LeetCode::Extra::11 Graphs,Graphs,heuristic
1686038124954,The Category of Each Member in the Store,Interview::LeetCode,Interview::LeetCode::Extra::99 Off-Roadmap::SQL & Database,SQL & Database,heuristic
1686038124956,Minimum Cost to Separate Sentence Into Rows,Interview::LeetCode,Interview::LeetCode::Extra::13 1-D Dynamic Programming,1-D Dynamic Programming,heuristic
1686038124958,Kth Distinct String in an Array,Interview::LeetCode,Interview::LeetCode::Extra::01 Arrays & Hashing,Arrays & Hashing,heuristic
1686038124960,Two Best Non-Overlapping Events,Interview::LeetCode,Interview::LeetCode::Extra::13 1-D Dynamic Programming,1-D Dynamic Programming,heuristic
1686038124962,Plates Between Candles,Interview::LeetCode,Interview::LeetCode::Extra::05 Binary Search,Binary Search,heuristic
1686038124964,Number of Valid Move Combinations On Chessboard,Interview::LeetCode,Interview::LeetCode::Extra::09 Backtracking,Backtracking,heuristic
1686038124966,Smallest Index With Equal Value,Interview::LeetCode,Interview::LeetCode::Extra::01 Arrays & Hashing,Arrays & Hashing,heuristic
1686038124968,Find the Minimum and Maximum Number of Nodes Between Critical Points,Interview::LeetCode,Interview::LeetCode::Extra::06 Linked List,Linked List,heuristic
1686038124970,Minimum Operations to Convert Number,Interview::LeetCode,Interview::LeetCode::Extra::07 Trees,Trees,heuristic
1686038124972,Check if an Original String Exists Given Two Encoded Strings,Interview::LeetCode,Interview::LeetCode::Extra::14 2-D Dynamic Programming,2-D Dynamic Programming,heuristic
1686038124974,Number of Spaces Cleaning Robot Cleaned,Interview::LeetCode,Interview::LeetCode::Extra::17 Math & Geometry,Math & Geometry,heuristic
1686038124976,Count Vowel Substrings of a String,Interview::LeetCode,Interview::LeetCode::Extra::01 Arrays & Hashing,Arrays & Hashing,heuristic
1686038124978,Vowels of All Substrings,Interview::LeetCode,Interview::LeetCode::Extra::13 1-D Dynamic Programming,1-D Dynamic Programming,heuristic
1686038124980,Minimized Maximum of Products Distributed to Any Store,Interview::LeetCode,Interview::LeetCode::Extra::05 Binary Search,Binary Search,heuristic
1686038124982,Maximum Path Quality of a Graph,Interview::LeetCode,Interview::LeetCode::Extra::11 Graphs,Graphs,heuristic
1686038124984,Account Balance,Interview::LeetCode,Interview::LeetCode::Extra::99 Off-Roadmap::SQL & Database,SQL & Database,heuristic
1686038124986,Number of Equal Count Substrings,Interview::LeetCode,Interview::LeetCode::Extra::01 Arrays & Hashing,Arrays & Hashing,heuristic
1686038124988,Check Whether Two Strings are Almost Equivalent,Interview::LeetCode,Interview::LeetCode::Extra::01 Arrays & Hashing,Arrays & Hashing,heuristic
1686038124990,Walking Robot Simulation II,Interview::LeetCode,Interview::LeetCode::Extra::01 Arrays & Hashing,Arrays & Hashing,heuristic
1686038124992,Most Beautiful Item for Each Query,Interview::LeetCode,Interview::LeetCode::Extra::05 Binary Search,Binary Search,heuristic
1686038124994,Maximum Number of Tasks You Can Assign,Interview::LeetCode,Interview::LeetCode::Extra::03 Sliding Window,Sliding Window,heuristic
1686038124996,The Winner University,Interview::LeetCode,Interview::LeetCode::Extra::99 Off-Roadmap::SQL & Database,SQL & Database,heuristic
1686038124998,Time Needed to Buy Tickets,Interview::LeetCode,Interview::LeetCode::Extra::01 Arrays & Hashing,Arrays & Hashing,heuristic
1686038125000,Reverse Nodes in Even Length Groups,Interview::LeetCode,Interview::LeetCode::Extra::06 Linked List,Linked List,heuristic
1686038125002,Decode the Slanted Ciphertext,Interview::LeetCode,Interview::LeetCode::Extra::01 Arrays & Hashing,Arrays & Hashing,heuristic
1686038125004,Process Restricted Friend Requests,Interview::LeetCode,Interview::LeetCode::Extra::11 Graphs,Graphs,heuristic
1686038125006,Paths in Maze That Lead to Same Room,Interview::LeetCode,Interview::LeetCode::Extra::11 Graphs,Graphs,heuristic
1686038125008,Two Furthest Houses With Different Colors,Interview::LeetCode,Interview::LeetCode::Extra::15 Greedy,Greedy,heuristic
1686038125010,Watering Plants,Interview::LeetCode,Interview::LeetCode::Extra::01 Arrays & Hashing,Arrays & Hashing,heuristic
1686038125012,Range Frequency Queries,Interview::LeetCode,Interview::LeetCode::Extra::07 Trees,Trees,heuristic
1686038125014,Sum of k-Mirror Numbers,Interview::LeetCode,Interview::LeetCode::Extra::17 Math & Geometry,Math & Geometry,heuristic
1686038125016,The Number of Rich Customers,Interview::LeetCode,Interview::LeetCode::Extra::99 Off-Roadmap::SQL & Database,SQL & Database,heuristic
1686038125018,Substrings That Begin and End With the Same Letter,Interview::LeetCode,Interview::LeetCode::Extra::17 Math & Geometry,Math & Geometry,heuristic
1686038125020,Drop Type 1 Orders for Customers With Type 0 Orders,Interview::LeetCode,Interview::LeetCode::Extra::99 Off-Roadmap::SQL & Database,SQL & Database,heuristic
1686038125022,Count Common Words With One Occurrence,Interview::LeetCode,Interview::LeetCode::Extra::01 Arrays & Hashing,Arrays & Hashing,heuristic
1686038125024,Minimum Number of Food Buckets to Feed the Hamsters,Interview::LeetCode,Interview::LeetCode::Extra::13 1-D Dynamic Programming,1-D Dynamic Programming,heuristic
1686038125026,Minimum Cost Homecoming of a Robot in a Grid,Interview::LeetCode,Interview::LeetCode::Extra::15 Greedy,Greedy,heuristic
1686038125028,Count Fertile Pyramids in a Land,Interview::LeetCode,Interview::LeetCode::Extra::14 2-D Dynamic Programming,2-D Dynamic Programming,heuristic
1686038125030,Find Target Indices After Sorting Array,Interview::LeetCode,Interview::LeetCode::Extra::05 Binary Search,Binary Search,heuristic
1686038125032,K Radius Subarray Averages,Interview::LeetCode,Interview::LeetCode::Extra::03 Sliding Window,Sliding Window,heuristic
1686038125034,Removing Minimum and Maximum From Array,Interview::LeetCode,Interview::LeetCode::Extra::15 Greedy,Greedy,heuristic
1686038125036,Find All People With Secret,Interview::LeetCode,Interview::LeetCode::Extra::11 Graphs,Graphs,heuristic
1686038125038,Minimum Cost to Reach City With Discounts,Interview::LeetCode,Interview::LeetCode::Extra::12 Advanced Graphs,Advanced Graphs,heuristic
1686038125040,Finding 3-Digit Even Numbers,Interview::LeetCode,Interview::LeetCode::Extra::01 Arrays & Hashing,Arrays & Hashing,heuristic
1686038125042,Delete the Middle Node of a Linked List,Interview::LeetCode,Interview::LeetCode::Extra::06 Linked List,Linked List,heuristic
1686038125044,Step-By-Step Directions From a Binary Tree Node to Another,Interview::LeetCode,Interview::LeetCode::Extra::07 Trees,Trees,heuristic
1686038125046,Valid Arrangement of Pairs,Interview::LeetCode,Interview::LeetCode::Extra::12 Advanced Graphs,Advanced Graphs,heuristic
1686038125048,Subsequence of Size K With the Largest Even Sum,Interview::LeetCode,Interview::LeetCode::Extra::15 Greedy,Greedy,heuristic
1686038125050,Find Subsequence of Length K With the Largest Sum,Interview::LeetCode,Interview::LeetCode::Extra::08 Heap - Priority Queue,Heap - Priority Queue,heuristic
1686038125052,Find Good Days to Rob the Bank,Interview::LeetCode,Interview::LeetCode::Extra::13 1-D Dynamic Programming,1-D Dynamic Programming,heuristic
1686038125054,Detonate the Maximum Bombs,Interview::LeetCode,Interview::LeetCode::Extra::11 Graphs,Graphs,heuristic
1686038125056,Sequentially Ordinal Rank Tracker,Interview::LeetCode,Interview::LeetCode::Extra::08 Heap - Priority Queue,Heap - Priority Queue,heuristic
1686038125058,Rings and Rods,Interview::LeetCode,Interview::LeetCode::Extra::01 Arrays & Hashing,Arrays & Hashing,heuristic
1686038125060,Sum of Subarray Ranges,Interview::LeetCode,Interview::LeetCode::Extra::04 Stack,Stack,heuristic
1686038125062,Watering Plants II,Interview::LeetCode,Interview::LeetCode::Extra::02 Two Pointers,Two Pointers,heuristic
1686038125064,Maximum Fruits Harvested After at Most K Steps,Interview::LeetCode,Interview::LeetCode::Extra::03 Sliding Window,Sliding Window,heuristic
1686038125066,Number of Unique Flavors After Sharing K Candies,Interview::LeetCode,Interview::LeetCode::Extra::03 Sliding Window,Sliding Window,heuristic
1686038125068,Find First Palindromic String in the Array,Interview::LeetCode,Interview::LeetCode::Extra::02 Two Pointers,Two Pointers,heuristic
1686038125070,Adding Spaces to a String,Interview::LeetCode,Interview::LeetCode::Extra::01 Arrays & Hashing,Arrays & Hashing,heuristic
1686038125072,Number of Smooth Descent Periods of a Stock,Interview::LeetCode,Interview::LeetCode::Extra::13 1-D Dynamic Programming,1-D Dynamic Programming,heuristic
1686038125074,Minimum Operations to Make the Array K-Increasing,Interview::LeetCode,Interview::LeetCode::Extra::05 Binary Search,Binary Search,heuristic
1686038125076,The Airport With the Most Traffic,Interview::LeetCode,Interview::LeetCode::Extra::99 Off-Roadmap::SQL & Database,SQL & Database,heuristic
1686038125078,Elements in Array After Removing and Replacing Elements,Interview::LeetCode,Interview::LeetCode::Extra::01 Arrays & Hashing,Arrays & Hashing,heuristic
1686038125080,Maximum Number of Words Found in Sentences,Interview::LeetCode,Interview::LeetCode::Extra::01 Arrays & Hashing,Arrays & Hashing,heuristic
1686038125082,Find All Possible Recipes from Given Supplies,Interview::LeetCode,Interview::LeetCode::Extra::11 Graphs,Graphs,heuristic
1686038125084,Check if a Parentheses String Can Be Valid,Interview::LeetCode,Interview::LeetCode::Extra::04 Stack,Stack,heuristic
1686038125086,Abbreviating the Product of a Range,Interview::LeetCode,Interview::LeetCode::Extra::17 Math & Geometry,Math & Geometry,heuristic
1686038125088,Build the Equation,Interview::LeetCode,Interview::LeetCode::Extra::99 Off-Roadmap::SQL & Database,SQL & Database,heuristic
1686038125090,A Number After a Double Reversal,Interview::LeetCode,Interview::LeetCode::Extra::17 Math & Geometry,Math & Geometry,heuristic
1686038125092,Execution of All Suffix Instructions Staying in a Grid,Interview::LeetCode,Interview::LeetCode::Extra::01 Arrays & Hashing,Arrays & Hashing,heuristic
1686038125094,Intervals Between Identical Elements,Interview::LeetCode,Interview::LeetCode::Extra::16 Intervals,Intervals,heuristic
1686038125096,Recover the Original Array,Interview::LeetCode,Interview::LeetCode::Extra::01 Arrays & Hashing,Arrays & Hashing,heuristic
1686038125098,Minimum Operations to Remove Adjacent Ones in Matrix,Interview::LeetCode,Interview::LeetCode::Extra::11 Graphs,Graphs,heuristic
1686038125100,Check if All A's Appears Before All B's,Interview::LeetCode,Interview::LeetCode::Extra::01 Arrays & Hashing,Arrays & Hashing,heuristic
1686038125102,Number of Laser Beams in a Bank,Interview::LeetCode,Interview::LeetCode::Extra::17 Math & Geometry,Math & Geometry,heuristic
1686038125104,Destroying Asteroids,Interview::LeetCode,Interview::LeetCode::Extra::15 Greedy,Greedy,heuristic
1686038125106,Maximum Employees to Be Invited to a Meeting,Interview::LeetCode,Interview::LeetCode::Extra::11 Graphs,Graphs,heuristic
1686038125108,Remove All Ones With Row and Column Flips,Interview::LeetCode,Interview::LeetCode::Extra::18 Bit Manipulation,Bit Manipulation,heuristic
1686038125110,Capitalize the Title,Interview::LeetCode,Interview::LeetCode::Extra::01 Arrays & Hashing,Arrays & Hashing,heuristic
1686038125112,Maximum Twin Sum of a Linked List,Interview::LeetCode,Interview::LeetCode::Extra::04 Stack,Stack,heuristic
1686038125114,Longest Palindrome by Concatenating Two Letter Words,Interview::LeetCode,Interview::LeetCode::Extra::15 Greedy,Greedy,heuristic
1686038125116,Stamping the Grid,Interview::LeetCode,Interview::LeetCode::Extra::15 Greedy,Greedy,heuristic
1686038125118,Check if Every Row and Column Contains All Numbers,Interview::LeetCode,Interview::LeetCode::Extra::17 Math & Geometry,Math & Geometry,heuristic
1686038125120,Minimum Swaps to Group All 1's Together II,Interview::LeetCode,Interview::LeetCode::Extra::03 Sliding Window,Sliding Window,heuristic
1686038125122,Count Words Obtained After Adding a Letter,Interview::LeetCode,Interview::LeetCode::Extra::18 Bit Manipulation,Bit Manipulation,heuristic
1686038125124,Earliest Possible Day of Full Bloom,Interview::LeetCode,Interview::LeetCode::Extra::15 Greedy,Greedy,heuristic
1686038125126,Pour Water Between Buckets to Make Water Levels Equal,Interview::LeetCode,Interview::LeetCode::Extra::05 Binary Search,Binary Search,heuristic
1686038125128,Divide a String Into Groups of Size k,Interview::LeetCode,Interview::LeetCode::Extra::01 Arrays & Hashing,Arrays & Hashing,heuristic
1686038125130,Minimum Moves to Reach Target Score,Interview::LeetCode,Interview::LeetCode::Extra::15 Greedy,Greedy,heuristic
1686038125132,Solving Questions With Brainpower,Interview::LeetCode,Interview::LeetCode::Extra::13 1-D Dynamic Programming,1-D Dynamic Programming,heuristic
1686038125134,Maximum Running Time of N Computers,Interview::LeetCode,Interview::LeetCode::Extra::05 Binary Search,Binary Search,heuristic
1686038125136,The Number of Passengers in Each Bus I,Interview::LeetCode,Interview::LeetCode::Extra::99 Off-Roadmap::SQL & Database,SQL & Database,heuristic
1686038125138,Choose Numbers From Two Arrays in Range,Interview::LeetCode,Interview::LeetCode::Extra::13 1-D Dynamic Programming,1-D Dynamic Programming,heuristic
1686038125140,Minimum Cost of Buying Candies With Discount,Interview::LeetCode,Interview::LeetCode::Extra::15 Greedy,Greedy,heuristic
1686038125142,Count the Hidden Sequences,Interview::LeetCode,Interview::LeetCode::Extra::01 Arrays & Hashing,Arrays & Hashing,heuristic
1686038125144,K Highest Ranked Items Within a Price Range,Interview::LeetCode,Interview::LeetCode::Extra::11 Graphs,Graphs,heuristic
1686038125146,Number of Ways to Divide a Long Corridor,Interview::LeetCode,Interview::LeetCode::Extra::13 1-D Dynamic Programming,1-D Dynamic Programming,heuristic
1686038125148,Count Elements With Strictly Smaller and Greater Elements ,Interview::LeetCode,Interview::LeetCode::Extra::01 Arrays & Hashing,Arrays & Hashing,heuristic
1686038125150,Rearrange Array Elements by Sign,Interview::LeetCode,Interview::LeetCode::Extra::02 Two Pointers,Two Pointers,heuristic
1686038125152,Find All Lonely Numbers in the Array,Interview::LeetCode,Interview::LeetCode::Extra::01 Arrays & Hashing,Arrays & Hashing,heuristic
1686038125154,Maximum Good People Based on Statements,Interview::LeetCode,Interview::LeetCode::Extra::09 Backtracking,Backtracking,heuristic
1686038125156,Minimum Number of Lines to Cover Points,Interview::LeetCode,Interview::LeetCode::Extra::09 Backtracking,Backtracking,heuristic
1686038125158,The Number of Passengers in Each Bus II,Interview::LeetCode,Interview::LeetCode::Extra::99 Off-Roadmap::SQL & Database,SQL & Database,heuristic
1686038125160,Keep Multiplying Found Values by Two,Interview::LeetCode,Interview::LeetCode::Extra::01 Arrays & Hashing,Arrays & Hashing,heuristic
1686038125162,All Divisions With the Highest Score of a Binary Array,Interview::LeetCode,Interview::LeetCode::Extra::01 Arrays & Hashing,Arrays & Hashing,heuristic
1686038125164,Find Substring With Given Hash Value,Interview::LeetCode,Interview::LeetCode::Extra::03 Sliding Window,Sliding Window,heuristic
1686038125166,Groups of Strings,Interview::LeetCode,Interview::LeetCode::Extra::11 Graphs,Graphs,heuristic
1686038125168,Amount of New Area Painted Each Day,Interview::LeetCode,Interview::LeetCode::Extra::07 Trees,Trees,heuristic
1686038125170,Order Two Columns Independently,Interview::LeetCode,Interview::LeetCode::Extra::99 Off-Roadmap::SQL & Database,SQL & Database,heuristic
1686038125172,Minimum Sum of Four Digit Number After Splitting Digits,Interview::LeetCode,Interview::LeetCode::Extra::15 Greedy,Greedy,heuristic
1686038125174,Partition Array According to Given Pivot,Interview::LeetCode,Interview::LeetCode::Extra::02 Two Pointers,Two Pointers,heuristic
1686038125176,Minimum Cost to Set Cooking Time,Interview::LeetCode,Interview::LeetCode::Extra::17 Math & Geometry,Math & Geometry,heuristic
1686038125178,Minimum Difference in Sums After Removal of Elements,Interview::LeetCode,Interview::LeetCode::Extra::13 1-D Dynamic Programming,1-D Dynamic Programming,heuristic
1686038125180,Sort Even and Odd Indices Independently,Interview::LeetCode,Interview::LeetCode::Extra::01 Arrays & Hashing,Arrays & Hashing,heuristic
1686038125182,Smallest Value of the Rearranged Number,Interview::LeetCode,Interview::LeetCode::Extra::17 Math & Geometry,Math & Geometry,heuristic
1686038125184,Design Bitset,Interview::LeetCode,Interview::LeetCode::Extra::01 Arrays & Hashing,Arrays & Hashing,heuristic
1686038125186,Minimum Time to Remove All Cars Containing Illegal Goods,Interview::LeetCode,Interview::LeetCode::Extra::13 1-D Dynamic Programming,1-D Dynamic Programming,heuristic
1686038125188,Unique Substrings With Equal Digit Frequency,Interview::LeetCode,Interview::LeetCode::Extra::01 Arrays & Hashing,Arrays & Hashing,heuristic
1686038125190,Count Operations to Obtain Zero,Interview::LeetCode,Interview::LeetCode::Extra::17 Math & Geometry,Math & Geometry,heuristic
1686038125192,Minimum Operations to Make the Array Alternating,Interview::LeetCode,Interview::LeetCode::Extra::15 Greedy,Greedy,heuristic
1686038125194,Removing Minimum Number of Magic Beans,Interview::LeetCode,Interview::LeetCode::Extra::01 Arrays & Hashing,Arrays & Hashing,heuristic
1686038125196,Maximum AND Sum of Array,Interview::LeetCode,Interview::LeetCode::Extra::13 1-D Dynamic Programming,1-D Dynamic Programming,heuristic
1686038125198,Longest Winning Streak,Interview::LeetCode,Interview::LeetCode::Extra::99 Off-Roadmap::SQL & Database,SQL & Database,heuristic
1686038125200,Remove All Ones With Row and Column Flips II,Interview::LeetCode,Interview::LeetCode::Extra::11 Graphs,Graphs,heuristic
1686038125202,The Change in Global Rankings,Interview::LeetCode,Interview::LeetCode::Extra::99 Off-Roadmap::SQL & Database,SQL & Database,heuristic
1686038125204,Count Equal and Divisible Pairs in an Array,Interview::LeetCode,Interview::LeetCode::Extra::01 Arrays & Hashing,Arrays & Hashing,heuristic
1686038125206,Find Three Consecutive Integers That Sum to a Given Number,Interview::LeetCode,Interview::LeetCode::Extra::17 Math & Geometry,Math & Geometry,heuristic
1686038125208,Maximum Split of Positive Even Integers,Interview::LeetCode,Interview::LeetCode::Extra::09 Backtracking,Backtracking,heuristic
1686038125210,Count Good Triplets in an Array,Interview::LeetCode,Interview::LeetCode::Extra::07 Trees,Trees,heuristic
1686038125212,Count Integers With Even Digit Sum,Interview::LeetCode,Interview::LeetCode::Extra::17 Math & Geometry,Math & Geometry,heuristic
1686038125214,Merge Nodes in Between Zeros,Interview::LeetCode,Interview::LeetCode::Extra::06 Linked List,Linked List,heuristic
1686038125216,Construct String With Repeat Limit,Interview::LeetCode,Interview::LeetCode::Extra::08 Heap - Priority Queue,Heap - Priority Queue,heuristic
1686038125218,Count Array Pairs Divisible by K,Interview::LeetCode,Interview::LeetCode::Extra::17 Math & Geometry,Math & Geometry,heuristic
1686038125220,Number of Ways to Build Sturdy Brick Wall,Interview::LeetCode,Interview::LeetCode::Extra::13 1-D Dynamic Programming,1-D Dynamic Programming,heuristic
1686038125222,Counting Words With a Given Prefix,Interview::LeetCode,Interview::LeetCode::Extra::01 Arrays & Hashing,Arrays & Hashing,heuristic
1686038125224,Minimum Number of Steps to Make Two Strings Anagram II,Interview::LeetCode,Interview::LeetCode::Extra::01 Arrays & Hashing,Arrays & Hashing,heuristic
1686038125226,Minimum Time to Complete Trips,Interview::LeetCode,Interview::LeetCode::Extra::05 Binary Search,Binary Search,heuristic
1686038125228,Minimum Time to Finish the Race,Interview::LeetCode,Interview::LeetCode::Extra::13 1-D Dynamic Programming,1-D Dynamic Programming,heuristic
1686038125230,Number of Ways to Build House of Cards,Interview::LeetCode,Interview::LeetCode::Extra::13 1-D Dynamic Programming,1-D Dynamic Programming,heuristic
1686038125232,Most Frequent Number Following Key In an Array,Interview::LeetCode,Interview::LeetCode::Extra::01 Arrays & Hashing,Arrays & Hashing,heuristic
1686038125234,Sort the Jumbled Numbers,Interview::LeetCode,Interview::LeetCode::Extra::01 Arrays & Hashing,Arrays & Hashing,heuristic
1686038125236,All Ancestors of a Node in a Directed Acyclic Graph,Interview::LeetCode,Interview::LeetCode::Extra::11 Graphs,Graphs,heuristic
1686038125238,Minimum Number of Moves to Make Palindrome,Interview::LeetCode,Interview::LeetCode::Extra::07 Trees,Trees,heuristic
1686038125240,Cells in a Range on an Excel Sheet,Interview::LeetCode,Interview::LeetCode::Extra::01 Arrays & Hashing,Arrays & Hashing,heuristic
1686038125242,Append K Integers With Minimal Sum,Interview::LeetCode,Interview::LeetCode::Extra::15 Greedy,Greedy,heuristic
1686038125244,Create Binary Tree From Descriptions,Interview::LeetCode,Interview::LeetCode::Extra::07 Trees,Trees,heuristic
1686038125246,Replace Non-Coprime Numbers in Array,Interview::LeetCode,Interview::LeetCode::Extra::04 Stack,Stack,heuristic
1686038125248,Number of Single Divisor Triplets,Interview::LeetCode,Interview::LeetCode::Extra::17 Math & Geometry,Math & Geometry,heuristic
1686038125250,Finding the Topic of Each Post,Interview::LeetCode,Interview::LeetCode::Extra::99 Off-Roadmap::SQL & Database,SQL & Database,heuristic
1686038125252,Find All K-Distant Indices in an Array,Interview::LeetCode,Interview::LeetCode::Extra::01 Arrays & Hashing,Arrays & Hashing,heuristic
1686038125254,Count Artifacts That Can Be Extracted,Interview::LeetCode,Interview::LeetCode::Extra::01 Arrays & Hashing,Arrays & Hashing,heuristic
1686038125256,Maximize the Topmost Element After K Moves,Interview::LeetCode,Interview::LeetCode::Extra::15 Greedy,Greedy,heuristic
1686038125258,Minimum Weighted Subgraph With the Required Paths,Interview::LeetCode,Interview::LeetCode::Extra::12 Advanced Graphs,Advanced Graphs,heuristic
1686038125260,Distance to a Cycle in Undirected Graph,Interview::LeetCode,Interview::LeetCode::Extra::11 Graphs,Graphs,heuristic
1686038125262,The Number of Users That Are Eligible for Discount,Interview::LeetCode,Interview::LeetCode::Extra::99 Off-Roadmap::SQL & Database,SQL & Database,heuristic
1686038125264,Divide Array Into Equal Pairs,Interview::LeetCode,Interview::LeetCode::Extra::18 Bit Manipulation,Bit Manipulation,heuristic
1686038125266,Maximize Number of Subsequences in a String,Interview::LeetCode,Interview::LeetCode::Extra::15 Greedy,Greedy,heuristic
1686038125268,Minimum Operations to Halve Array Sum,Interview::LeetCode,Interview::LeetCode::Extra::08 Heap - Priority Queue,Heap - Priority Queue,heuristic
1686038125270,Minimum White Tiles After Covering With Carpets,Interview::LeetCode,Interview::LeetCode::Extra::13 1-D Dynamic Programming,1-D Dynamic Programming,heuristic
1686038125272,Count Hills and Valleys in an Array,Interview::LeetCode,Interview::LeetCode::Extra::01 Arrays & Hashing,Arrays & Hashing,heuristic
1686038125274,Count Collisions on a Road,Interview::LeetCode,Interview::LeetCode::Extra::04 Stack,Stack,heuristic
1686038125276,Maximum Points in an Archery Competition,Interview::LeetCode,Interview::LeetCode::Extra::18 Bit Manipulation,Bit Manipulation,heuristic
1686038125278,Longest Substring of One Repeating Character,Interview::LeetCode,Interview::LeetCode::Extra::07 Trees,Trees,heuristic
1686038125280,Minimum Health to Beat Game,Interview::LeetCode,Interview::LeetCode::Extra::15 Greedy,Greedy,heuristic
1686038125282,Find the Difference of Two Arrays,Interview::LeetCode,Interview::LeetCode::Extra::01 Arrays & Hashing,Arrays & Hashing,heuristic
1686038125284,Minimum Deletions to Make Array Beautiful,Interview::LeetCode,Interview::LeetCode::Extra::04 Stack,Stack,heuristic
1686038125286,Find Palindrome With Fixed Length,Interview::LeetCode,Interview::LeetCode::Extra::17 Math & Geometry,Math & Geometry,heuristic
1686038125288,Maximum Value of K Coins From Piles,Interview::LeetCode,Interview::LeetCode::Extra::13 1-D Dynamic Programming,1-D Dynamic Programming,heuristic
1686038125290,Maximum Sum Score of Array,Interview::LeetCode,Interview::LeetCode::Extra::01 Arrays & Hashing,Arrays & Hashing,heuristic
1686038125292,Minimum Bit Flips to Convert Number,Interview::LeetCode,Interview::LeetCode::Extra::18 Bit Manipulation,Bit Manipulation,heuristic
1686038125294,Find Triangular Sum of an Array,Interview::LeetCode,Interview::LeetCode::Extra::17 Math & Geometry,Math & Geometry,heuristic
1686038125296,Number of Ways to Select Buildings,Interview::LeetCode,Interview::LeetCode::Extra::13 1-D Dynamic Programming,1-D Dynamic Programming,heuristic
1686038125298,Sum of Scores of Built Strings,Interview::LeetCode,Interview::LeetCode::Extra::10 Tries,Tries,heuristic
1686038125300,Minimum Number of Operations to Convert Time,Interview::LeetCode,Interview::LeetCode::Extra::15 Greedy,Greedy,heuristic
1686038125302,Find Players With Zero or One Losses,Interview::LeetCode,Interview::LeetCode::Extra::01 Arrays & Hashing,Arrays & Hashing,heuristic
1686038125304,Maximum Candies Allocated to K Children,Interview::LeetCode,Interview::LeetCode::Extra::05 Binary Search,Binary Search,heuristic
1686038125306,Encrypt and Decrypt Strings,Interview::LeetCode,Interview::LeetCode::Extra::10 Tries,Tries,heuristic
1686038125308,Users With Two Purchases Within Seven Days,Interview::LeetCode,Interview::LeetCode::Extra::99 Off-Roadmap::SQL & Database,SQL & Database,heuristic
1686038125310,Check if an Array Is Consecutive,Interview::LeetCode,Interview::LeetCode::Extra::01 Arrays & Hashing,Arrays & Hashing,heuristic
1686038125312,The Users That Are Eligible for Discount,Interview::LeetCode,Interview::LeetCode::Extra::99 Off-Roadmap::SQL & Database,SQL & Database,heuristic
1686038125314,Largest Number After Digit Swaps by Parity,Interview::LeetCode,Interview::LeetCode::Extra::08 Heap - Priority Queue,Heap - Priority Queue,heuristic
1686038125316,Minimize Result by Adding Parentheses to Expression,Interview::LeetCode,Interview::LeetCode::Extra::01 Arrays & Hashing,Arrays & Hashing,heuristic
1686038125318,Maximum Product After K Increments,Interview::LeetCode,Interview::LeetCode::Extra::08 Heap - Priority Queue,Heap - Priority Queue,heuristic
1686038125320,Maximum Total Beauty of the Gardens,Interview::LeetCode,Interview::LeetCode::Extra::02 Two Pointers,Two Pointers,heuristic
1686038125322,Add Two Integers,Interview::LeetCode,Interview::LeetCode::Extra::17 Math & Geometry,Math & Geometry,heuristic
1686038125324,Root Equals Sum of Children,Interview::LeetCode,Interview::LeetCode::Extra::07 Trees,Trees,heuristic
1686038125326,Count Positions on Street With Required Brightness,Interview::LeetCode,Interview::LeetCode::Extra::01 Arrays & Hashing,Arrays & Hashing,heuristic
1686038125328,Number of Times a Driver Was a Passenger,Interview::LeetCode,Interview::LeetCode::Extra::99 Off-Roadmap::SQL & Database,SQL & Database,heuristic
1686038125330,Find Closest Number to Zero,Interview::LeetCode,Interview::LeetCode::Extra::01 Arrays & Hashing,Arrays & Hashing,heuristic
1686038125332,Number of Ways to Buy Pens and Pencils,Interview::LeetCode,Interview::LeetCode::Extra::17 Math & Geometry,Math & Geometry,heuristic
1686038125334,Design an ATM Machine,Interview::LeetCode,Interview::LeetCode::Extra::15 Greedy,Greedy,heuristic
1686038125336,Maximum Score of a Node Sequence,Interview::LeetCode,Interview::LeetCode::Extra::11 Graphs,Graphs,heuristic
1686038125338,Calculate Digit Sum of a String,Interview::LeetCode,Interview::LeetCode::Extra::01 Arrays & Hashing,Arrays & Hashing,heuristic
1686038125340,Minimum Rounds to Complete All Tasks,Interview::LeetCode,Interview::LeetCode::Extra::15 Greedy,Greedy,heuristic
1686038125342,Maximum Trailing Zeros in a Cornered Path,Interview::LeetCode,Interview::LeetCode::Extra::17 Math & Geometry,Math & Geometry,heuristic
1686038125344,Longest Path With Different Adjacent Characters,Interview::LeetCode,Interview::LeetCode::Extra::11 Graphs,Graphs,heuristic
1686038125346,Maximum Cost of Trip With K Highways,Interview::LeetCode,Interview::LeetCode::Extra::11 Graphs,Graphs,heuristic
1686038125348,Intersection of Multiple Arrays,Interview::LeetCode,Interview::LeetCode::Extra::01 Arrays & Hashing,Arrays & Hashing,heuristic
1686038125350,Count Lattice Points Inside a Circle,Interview::LeetCode,Interview::LeetCode::Extra::17 Math & Geometry,Math & Geometry,heuristic
1686038125352,Count Number of Rectangles Containing Each Point,Interview::LeetCode,Interview::LeetCode::Extra::07 Trees,Trees,heuristic
1686038125354,Number of Flowers in Full Bloom,Interview::LeetCode,Interview::LeetCode::Extra::05 Binary Search,Binary Search,heuristic
1686038125356,Dynamic Pivoting of a Table,Interview::LeetCode,Interview::LeetCode::Extra::99 Off-Roadmap::SQL & Database,SQL & Database,heuristic
1686038125358,Dynamic Unpivoting of a Table,Interview::LeetCode,Interview::LeetCode::Extra::99 Off-Roadmap::SQL & Database,SQL & Database,heuristic
1686038125360,Design Video Sharing Platform,Interview::LeetCode,Interview::LeetCode::Extra::04 Stack,Stack,heuristic
1686038125362,Count Prefixes of a Given String,Interview::LeetCode,Interview::LeetCode::Extra::01 Arrays & Hashing,Arrays & Hashing,heuristic
1686038125364,Minimum Average Difference,Interview::LeetCode,Interview::LeetCode::Extra::01 Arrays & Hashing,Arrays & Hashing,heuristic
1686038125366,Count Unguarded Cells in the Grid,Interview::LeetCode,Interview::LeetCode::Extra::17 Math & Geometry,Math & Geometry,heuristic
1686038125368,Escape the Spreading Fire,Interview::LeetCode,Interview::LeetCode::Extra::11 Graphs,Graphs,heuristic
1686038125370,Remove Digit From Number to Maximize Result,Interview::LeetCode,Interview::LeetCode::Extra::15 Greedy,Greedy,heuristic
1686038125372,Minimum Consecutive Cards to Pick Up,Interview::LeetCode,Interview::LeetCode::Extra::03 Sliding Window,Sliding Window,heuristic
1686038125374,K Divisible Elements Subarrays,Interview::LeetCode,Interview::LeetCode::Extra::10 Tries,Tries,heuristic
1686038125376,Total Appeal of A String,Interview::LeetCode,Interview::LeetCode::Extra::13 1-D Dynamic Programming,1-D Dynamic Programming,heuristic
1686038125378,Make Array Non-decreasing or Non-increasing,Interview::LeetCode,Interview::LeetCode::Extra::13 1-D Dynamic Programming,1-D Dynamic Programming,heuristic
1686038125380,Largest 3-Same-Digit Number in String,Interview::LeetCode,Interview::LeetCode::Extra::01 Arrays & Hashing,Arrays & Hashing,heuristic
1686038125382,Count Nodes Equal to Average of Subtree,Interview::LeetCode,Interview::LeetCode::Extra::07 Trees,Trees,heuristic
1686038125384,Count Number of Texts,Interview::LeetCode,Interview::LeetCode::Extra::13 1-D Dynamic Programming,1-D Dynamic Programming,heuristic
1686038125386, Check if There Is a Valid Parentheses String Path,Interview::LeetCode,Interview::LeetCode::Extra::14 2-D Dynamic Programming,2-D Dynamic Programming,heuristic
1686038125388,Minimum Number of Keypresses,Interview::LeetCode,Interview::LeetCode::Extra::15 Greedy,Greedy,heuristic
1686038125390,Find the K-Beauty of a Number,Interview::LeetCode,Interview::LeetCode::Extra::03 Sliding Window,Sliding Window,heuristic
1686038125392,Number of Ways to Split Array,Interview::LeetCode,Interview::LeetCode::Extra::01 Arrays & Hashing,Arrays & Hashing,heuristic
1686038125394,Maximum White Tiles Covered by a Carpet,Interview::LeetCode,Interview::LeetCode::Extra::05 Binary Search,Binary Search,heuristic
1686038125396,Substring With Largest Variance,Interview::LeetCode,Interview::LeetCode::Extra::13 1-D Dynamic Programming,1-D Dynamic Programming,heuristic
1686038125398,Find Resultant Array After Removing Anagrams,Interview::LeetCode,Interview::LeetCode::Extra::01 Arrays & Hashing,Arrays & Hashing,heuristic
1686038125400,Maximum Consecutive Floors Without Special Floors,Interview::LeetCode,Interview::LeetCode::Extra::01 Arrays & Hashing,Arrays & Hashing,heuristic
1686038125402,Largest Combination With Bitwise AND Greater Than Zero,Interview::LeetCode,Interview::LeetCode::Extra::18 Bit Manipulation,Bit Manipulation,heuristic
1686038125404,Count Integers in Intervals,Interview::LeetCode,Interview::LeetCode::Extra::16 Intervals,Intervals,heuristic
1686038125406,Closest Node to Path in Tree,Interview::LeetCode,Interview::LeetCode::Extra::07 Trees,Trees,heuristic
1686038125408,Percentage of Letter in String,Interview::LeetCode,Interview::LeetCode::Extra::01 Arrays & Hashing,Arrays & Hashing,heuristic
1686038125410,Maximum Bags With Full Capacity of Rocks,Interview::LeetCode,Interview::LeetCode::Extra::15 Greedy,Greedy,heuristic
1686038125412,Minimum Lines to Represent a Line Chart,Interview::LeetCode,Interview::LeetCode::Extra::17 Math & Geometry,Math & Geometry,heuristic
1686038125414,Sum of Total Strength of Wizards,Interview::LeetCode,Interview::LeetCode::Extra::04 Stack,Stack,heuristic
1686038125416,Number of People That Can Be Seen in a Grid,Interview::LeetCode,Interview::LeetCode::Extra::04 Stack,Stack,heuristic
1686038125418,Check if Number Has Equal Digit Count and Digit Value,Interview::LeetCode,Interview::LeetCode::Extra::01 Arrays & Hashing,Arrays & Hashing,heuristic
1686038125420,Sender With Largest Word Count,Interview::LeetCode,Interview::LeetCode::Extra::01 Arrays & Hashing,Arrays & Hashing,heuristic
1686038125422,Maximum Total Importance of Roads,Interview::LeetCode,Interview::LeetCode::Extra::11 Graphs,Graphs,heuristic
1686038125424,Booking Concert Tickets in Groups,Interview::LeetCode,Interview::LeetCode::Extra::07 Trees,Trees,heuristic
1686038125426,Rearrange Characters to Make Target String,Interview::LeetCode,Interview::LeetCode::Extra::01 Arrays & Hashing,Arrays & Hashing,heuristic
1686038125428,Apply Discount to Prices,Interview::LeetCode,Interview::LeetCode::Extra::01 Arrays & Hashing,Arrays & Hashing,heuristic
1686038125430,Steps to Make Array Non-decreasing,Interview::LeetCode,Interview::LeetCode::Extra::04 Stack,Stack,heuristic
1686038125432,Minimum Obstacle Removal to Reach Corner,Interview::LeetCode,Interview::LeetCode::Extra::12 Advanced Graphs,Advanced Graphs,heuristic
1686038125434,Maximum Profit From Trading Stocks,Interview::LeetCode,Interview::LeetCode::Extra::13 1-D Dynamic Programming,1-D Dynamic Programming,heuristic
1686038125436,Products With Three or More Orders in Two Consecutive Years,Interview::LeetCode,Interview::LeetCode::Extra::99 Off-Roadmap::SQL & Database,SQL & Database,heuristic
1686038125438,Min Max Game,Interview::LeetCode,Interview::LeetCode::Extra::01 Arrays & Hashing,Arrays & Hashing,heuristic
1686038125440,Partition Array Such That Maximum Difference Is K,Interview::LeetCode,Interview::LeetCode::Extra::15 Greedy,Greedy,heuristic
1686038125442,Replace Elements in an Array,Interview::LeetCode,Interview::LeetCode::Extra::01 Arrays & Hashing,Arrays & Hashing,heuristic
1686038125444,Design a Text Editor,Interview::LeetCode,Interview::LeetCode::Extra::04 Stack,Stack,heuristic
1686038125446,Jump Game VIII,Interview::LeetCode,Interview::LeetCode::Extra::12 Advanced Graphs,Advanced Graphs,heuristic
1686038125448,Tasks Count in the Weekend,Interview::LeetCode,Interview::LeetCode::Extra::99 Off-Roadmap::SQL & Database,SQL & Database,heuristic
1686038125450,Strong Password Checker II,Interview::LeetCode,Interview::LeetCode::Extra::01 Arrays & Hashing,Arrays & Hashing,heuristic
1686038125452,Successful Pairs of Spells and Potions,Interview::LeetCode,Interview::LeetCode::Extra::02 Two Pointers,Two Pointers,heuristic
1686038125454,Match Substring After Replacement,Interview::LeetCode,Interview::LeetCode::Extra::01 Arrays & Hashing,Arrays & Hashing,heuristic
1686038125456,Count Subarrays With Score Less Than K,Interview::LeetCode,Interview::LeetCode::Extra::03 Sliding Window,Sliding Window,heuristic
1686038125458,Calculate Amount Paid in Taxes,Interview::LeetCode,Interview::LeetCode::Extra::01 Arrays & Hashing,Arrays & Hashing,heuristic
1686038125460,Minimum Path Cost in a Grid,Interview::LeetCode,Interview::LeetCode::Extra::14 2-D Dynamic Programming,2-D Dynamic Programming,heuristic
1686038125462,Fair Distribution of Cookies,Interview::LeetCode,Interview::LeetCode::Extra::09 Backtracking,Backtracking,heuristic
1686038125464,Naming a Company,Interview::LeetCode,Interview::LeetCode::Extra::18 Bit Manipulation,Bit Manipulation,heuristic
1686038125466,Check for Contradictions in Equations,Interview::LeetCode,Interview::LeetCode::Extra::11 Graphs,Graphs,heuristic
1686038125468,Arrange Table by Gender,Interview::LeetCode,Interview::LeetCode::Extra::99 Off-Roadmap::SQL & Database,SQL & Database,heuristic
1686038125470,Greatest English Letter in Upper and Lower Case,Interview::LeetCode,Interview::LeetCode::Extra::01 Arrays & Hashing,Arrays & Hashing,heuristic
1686038125472,Sum of Numbers With Units Digit K,Interview::LeetCode,Interview::LeetCode::Extra::13 1-D Dynamic Programming,1-D Dynamic Programming,heuristic
1686038125474,Longest Binary Subsequence Less Than or Equal to K,Interview::LeetCode,Interview::LeetCode::Extra::13 1-D Dynamic Programming,1-D Dynamic Programming,heuristic
1686038125476,Selling Pieces of Wood,Interview::LeetCode,Interview::LeetCode::Extra::13 1-D Dynamic Programming,1-D Dynamic Programming,heuristic
1686038125478,Minimum Flips in Binary Tree to Get Result,Interview::LeetCode,Interview::LeetCode::Extra::13 1-D Dynamic Programming,1-D Dynamic Programming,heuristic
1686038125480,The First Day of the Maximum Recorded Degree in Each City,Interview::LeetCode,Interview::LeetCode::Extra::99 Off-Roadmap::SQL & Database,SQL & Database,heuristic
1686038125482,Count Asterisks,Interview::LeetCode,Interview::LeetCode::Extra::01 Arrays & Hashing,Arrays & Hashing,heuristic
1686038125484,Count Unreachable Pairs of Nodes in an Undirected Graph,Interview::LeetCode,Interview::LeetCode::Extra::11 Graphs,Graphs,heuristic
1686038125486,Maximum XOR After Operations ,Interview::LeetCode,Interview::LeetCode::Extra::18 Bit Manipulation,Bit Manipulation,heuristic
1686038125488,Number of Distinct Roll Sequences,Interview::LeetCode,Interview::LeetCode::Extra::13 1-D Dynamic Programming,1-D Dynamic Programming,heuristic
1686038125490,Check if Matrix Is X-Matrix,Interview::LeetCode,Interview::LeetCode::Extra::17 Math & Geometry,Math & Geometry,heuristic
1686038125492,Count Number of Ways to Place Houses,Interview::LeetCode,Interview::LeetCode::Extra::13 1-D Dynamic Programming,1-D Dynamic Programming,heuristic
1686038125494,Maximum Score Of Spliced Array,Interview::LeetCode,Interview::LeetCode::Extra::13 1-D Dynamic Programming,1-D Dynamic Programming,heuristic
1686038125496,Minimum Score After Removals on a Tree,Interview::LeetCode,Interview::LeetCode::Extra::07 Trees,Trees,heuristic
1686038125498,Find Minimum Time to Finish All Jobs II,Interview::LeetCode,Interview::LeetCode::Extra::15 Greedy,Greedy,heuristic
1686038125500,Product Sales Analysis IV,Interview::LeetCode,Interview::LeetCode::Extra::99 Off-Roadmap::SQL & Database,SQL & Database,heuristic
1686038125502,Decode the Message,Interview::LeetCode,Interview::LeetCode::Extra::01 Arrays & Hashing,Arrays & Hashing,heuristic
1686038125504,Spiral Matrix IV,Interview::LeetCode,Interview::LeetCode::Extra::06 Linked List,Linked List,heuristic
1686038125506,Number of People Aware of a Secret,Interview::LeetCode,Interview::LeetCode::Extra::13 1-D Dynamic Programming,1-D Dynamic Programming,heuristic
1686038125508,Number of Increasing Paths in a Grid,Interview::LeetCode,Interview::LeetCode::Extra::11 Graphs,Graphs,heuristic
1686038125510,Product Sales Analysis V,Interview::LeetCode,Interview::LeetCode::Extra::99 Off-Roadmap::SQL & Database,SQL & Database,heuristic
1686038125512,Valid Palindrome IV,Interview::LeetCode,Interview::LeetCode::Extra::02 Two Pointers,Two Pointers,heuristic
1686038125514,Evaluate Boolean Binary Tree,Interview::LeetCode,Interview::LeetCode::Extra::07 Trees,Trees,heuristic
1686038125516,The Latest Time to Catch a Bus,Interview::LeetCode,Interview::LeetCode::Extra::02 Two Pointers,Two Pointers,heuristic
1686038125518,Minimum Sum of Squared Difference,Interview::LeetCode,Interview::LeetCode::Extra::08 Heap - Priority Queue,Heap - Priority Queue,heuristic
1686038125520,Subarray With Elements Greater Than Varying Threshold,Interview::LeetCode,Interview::LeetCode::Extra::11 Graphs,Graphs,heuristic
1686038125522,Minimum Amount of Time to Fill Cups,Interview::LeetCode,Interview::LeetCode::Extra::08 Heap - Priority Queue,Heap - Priority Queue,heuristic
1686038125524,Smallest Number in Infinite Set,Interview::LeetCode,Interview::LeetCode::Extra::08 Heap - Priority Queue,Heap - Priority Queue,heuristic
1686038125526,Move Pieces to Obtain a String,Interview::LeetCode,Interview::LeetCode::Extra::02 Two Pointers,Two Pointers,heuristic
1686038125528,Count the Number of Ideal Arrays,Interview::LeetCode,Interview::LeetCode::Extra::13 1-D Dynamic Programming,1-D Dynamic Programming,heuristic
1686038125530,All the Matches of the League,Interview::LeetCode,Interview::LeetCode::Extra::99 Off-Roadmap::SQL & Database,SQL & Database,heuristic
1686038125532,Minimum Adjacent Swaps to Make a Valid Array,Interview::LeetCode,Interview::LeetCode::Extra::15 Greedy,Greedy,heuristic
1686038125534,Maximum Number of Pairs in Array,Interview::LeetCode,Interview::LeetCode::Extra::01 Arrays & Hashing,Arrays & Hashing,heuristic
1686038125536,Max Sum of a Pair With Equal Sum of Digits,Interview::LeetCode,Interview::LeetCode::Extra::08 Heap - Priority Queue,Heap - Priority Queue,heuristic
1686038125538,Query Kth Smallest Trimmed Number,Interview::LeetCode,Interview::LeetCode::Extra::08 Heap - Priority Queue,Heap - Priority Queue,heuristic
1686038125540,Minimum Deletions to Make Array Divisible,Interview::LeetCode,Interview::LeetCode::Extra::08 Heap - Priority Queue,Heap - Priority Queue,heuristic
1686038125542,Finding the Number of Visible Mountains,Interview::LeetCode,Interview::LeetCode::Extra::04 Stack,Stack,heuristic
1686038125544,Compute the Rank as a Percentage,Interview::LeetCode,Interview::LeetCode::Extra::99 Off-Roadmap::SQL & Database,SQL & Database,heuristic
1686038125546,Best Poker Hand,Interview::LeetCode,Interview::LeetCode::Extra::01 Arrays & Hashing,Arrays & Hashing,heuristic
1686038125548,Number of Zero-Filled Subarrays,Interview::LeetCode,Interview::LeetCode::Extra::17 Math & Geometry,Math & Geometry,heuristic
1686038125550,Design a Number Container System,Interview::LeetCode,Interview::LeetCode::Extra::08 Heap - Priority Queue,Heap - Priority Queue,heuristic
1686038125552,Shortest Impossible Sequence of Rolls,Interview::LeetCode,Interview::LeetCode::Extra::15 Greedy,Greedy,heuristic
1686038125554,First Letter to Appear Twice,Interview::LeetCode,Interview::LeetCode::Extra::01 Arrays & Hashing,Arrays & Hashing,heuristic
1686038125556,Equal Row and Column Pairs,Interview::LeetCode,Interview::LeetCode::Extra::17 Math & Geometry,Math & Geometry,heuristic
1686038125558,Design a Food Rating System,Interview::LeetCode,Interview::LeetCode::Extra::08 Heap - Priority Queue,Heap - Priority Queue,heuristic
1686038125560,Number of Excellent Pairs,Interview::LeetCode,Interview::LeetCode::Extra::05 Binary Search,Binary Search,heuristic
1686038125562,Maximum Number of Books You Can Take,Interview::LeetCode,Interview::LeetCode::Extra::13 1-D Dynamic Programming,1-D Dynamic Programming,heuristic
1686038125564,Number of Unique Subjects Taught by Each Teacher,Interview::LeetCode,Interview::LeetCode::Extra::99 Off-Roadmap::SQL & Database,SQL & Database,heuristic
1686038125566,Make Array Zero by Subtracting Equal Amounts,Interview::LeetCode,Interview::LeetCode::Extra::08 Heap - Priority Queue,Heap - Priority Queue,heuristic
1686038125568,Maximum Number of Groups Entering a Competition,Interview::LeetCode,Interview::LeetCode::Extra::05 Binary Search,Binary Search,heuristic
1686038125570,Find Closest Node to Given Two Nodes,Interview::LeetCode,Interview::LeetCode::Extra::11 Graphs,Graphs,heuristic
1686038125572,Longest Cycle in a Graph,Interview::LeetCode,Interview::LeetCode::Extra::11 Graphs,Graphs,heuristic
1686038125574,Minimum Costs Using the Train Line,Interview::LeetCode,Interview::LeetCode::Extra::13 1-D Dynamic Programming,1-D Dynamic Programming,heuristic
1686038125576,Generate the Invoice,Interview::LeetCode,Interview::LeetCode::Extra::99 Off-Roadmap::SQL & Database,SQL & Database,heuristic
1686038125578,Merge Similar Items,Interview::LeetCode,Interview::LeetCode::Extra::01 Arrays & Hashing,Arrays & Hashing,heuristic
1686038125580,Count Number of Bad Pairs,Interview::LeetCode,Interview::LeetCode::Extra::01 Arrays & Hashing,Arrays & Hashing,heuristic
1686038125582,Task Scheduler II,Interview::LeetCode,Interview::LeetCode::Extra::01 Arrays & Hashing,Arrays & Hashing,heuristic
1686038125584,Minimum Replacements to Sort the Array,Interview::LeetCode,Interview::LeetCode::Extra::15 Greedy,Greedy,heuristic
1686038125586,Number of Arithmetic Triplets,Interview::LeetCode,Interview::LeetCode::Extra::02 Two Pointers,Two Pointers,heuristic
1686038125588,Reachable Nodes With Restrictions,Interview::LeetCode,Interview::LeetCode::Extra::11 Graphs,Graphs,heuristic
1686038125590,Check if There is a Valid Partition For The Array,Interview::LeetCode,Interview::LeetCode::Extra::13 1-D Dynamic Programming,1-D Dynamic Programming,heuristic
1686038125592,Longest Ideal Subsequence,Interview::LeetCode,Interview::LeetCode::Extra::13 1-D Dynamic Programming,1-D Dynamic Programming,heuristic
1686038125594,Minimize Maximum Value in a Grid,Interview::LeetCode,Interview::LeetCode::Extra::11 Graphs,Graphs,heuristic
1686038125596,Calculate the Influence of Each Salesperson,Interview::LeetCode,Interview::LeetCode::Extra::99 Off-Roadmap::SQL & Database,SQL & Database,heuristic
1686038125598,Largest Local Values in a Matrix,Interview::LeetCode,Interview::LeetCode::Extra::17 Math & Geometry,Math & Geometry,heuristic
1686038125600,Node With Highest Edge Score,Interview::LeetCode,Interview::LeetCode::Extra::11 Graphs,Graphs,heuristic
1686038125602,Construct Smallest Number From DI String,Interview::LeetCode,Interview::LeetCode::Extra::09 Backtracking,Backtracking,heuristic
1686038125604,Count Special Integers,Interview::LeetCode,Interview::LeetCode::Extra::13 1-D Dynamic Programming,1-D Dynamic Programming,heuristic
1686038125606,Sort the Olympic Table,Interview::LeetCode,Interview::LeetCode::Extra::99 Off-Roadmap::SQL & Database,SQL & Database,heuristic
1686038125608,Choose Edges to Maximize Score in a Tree,Interview::LeetCode,Interview::LeetCode::Extra::13 1-D Dynamic Programming,1-D Dynamic Programming,heuristic
1686038125610,Minimum Recolors to Get K Consecutive Black Blocks,Interview::LeetCode,Interview::LeetCode::Extra::03 Sliding Window,Sliding Window,heuristic
1686038125612,Time Needed to Rearrange a Binary String,Interview::LeetCode,Interview::LeetCode::Extra::13 1-D Dynamic Programming,1-D Dynamic Programming,heuristic
1686038125614,Shifting Letters II,Interview::LeetCode,Interview::LeetCode::Extra::01 Arrays & Hashing,Arrays & Hashing,heuristic
1686038125616,Maximum Segment Sum After Removals,Interview::LeetCode,Interview::LeetCode::Extra::11 Graphs,Graphs,heuristic
1686038125618,Minimum Hours of Training to Win a Competition,Interview::LeetCode,Interview::LeetCode::Extra::15 Greedy,Greedy,heuristic
1686038125620,Largest Palindromic Number,Interview::LeetCode,Interview::LeetCode::Extra::15 Greedy,Greedy,heuristic
1686038125622,Amount of Time for Binary Tree to Be Infected,Interview::LeetCode,Interview::LeetCode::Extra::07 Trees,Trees,heuristic
1686038125624,Find the K-Sum of an Array,Interview::LeetCode,Interview::LeetCode::Extra::08 Heap - Priority Queue,Heap - Priority Queue,heuristic
1686038125626,Median of a Row Wise Sorted Matrix,Interview::LeetCode,Interview::LeetCode::Extra::05 Binary Search,Binary Search,heuristic
1686038125628,Change Null Values in a Table to the Previous Value,Interview::LeetCode,Interview::LeetCode::Extra::99 Off-Roadmap::SQL & Database,SQL & Database,heuristic
1686038125630,Longest Subsequence With Limited Sum,Interview::LeetCode,Interview::LeetCode::Extra::05 Binary Search,Binary Search,heuristic
1686038125632,Removing Stars From a String,Interview::LeetCode,Interview::LeetCode::Extra::04 Stack,Stack,heuristic
1686038125634,Minimum Amount of Time to Collect Garbage,Interview::LeetCode,Interview::LeetCode::Extra::01 Arrays & Hashing,Arrays & Hashing,heuristic
1686038125636,Build a Matrix With Conditions,Interview::LeetCode,Interview::LeetCode::Extra::11 Graphs,Graphs,heuristic
1686038125638,Count Strictly Increasing Subarrays,Interview::LeetCode,Interview::LeetCode::Extra::13 1-D Dynamic Programming,1-D Dynamic Programming,heuristic
1686038125640,Employees With Deductions,Interview::LeetCode,Interview::LeetCode::Extra::99 Off-Roadmap::SQL & Database,SQL & Database,heuristic
1686038125642,Find Subarrays With Equal Sum,Interview::LeetCode,Interview::LeetCode::Extra::01 Arrays & Hashing,Arrays & Hashing,heuristic
1686038125644,Strictly Palindromic Number,Interview::LeetCode,Interview::LeetCode::Extra::02 Two Pointers,Two Pointers,heuristic
1686038125646,Maximum Rows Covered by Columns,Interview::LeetCode,Interview::LeetCode::Extra::09 Backtracking,Backtracking,heuristic
1686038125648,Maximum Number of Robots Within Budget,Interview::LeetCode,Interview::LeetCode::Extra::08 Heap - Priority Queue,Heap - Priority Queue,heuristic
1686038125650,Check Distances Between Same Letters,Interview::LeetCode,Interview::LeetCode::Extra::01 Arrays & Hashing,Arrays & Hashing,heuristic
1686038125652,Number of Ways to Reach a Position After Exactly k Steps,Interview::LeetCode,Interview::LeetCode::Extra::13 1-D Dynamic Programming,1-D Dynamic Programming,heuristic
1686038125654,Longest Nice Subarray,Interview::LeetCode,Interview::LeetCode::Extra::03 Sliding Window,Sliding Window,heuristic
1686038125656,Meeting Rooms III,Interview::LeetCode,Interview::LeetCode::Extra::16 Intervals,Intervals,heuristic
1686038125658,Minimum Time to Kill All Monsters,Interview::LeetCode,Interview::LeetCode::Extra::13 1-D Dynamic Programming,1-D Dynamic Programming,heuristic
1686038125660,Most Frequent Even Element,Interview::LeetCode,Interview::LeetCode::Extra::01 Arrays & Hashing,Arrays & Hashing,heuristic
1686038125662,Optimal Partition of String,Interview::LeetCode,Interview::LeetCode::Extra::15 Greedy,Greedy,heuristic
1686038125664,Divide Intervals Into Minimum Number of Groups,Interview::LeetCode,Interview::LeetCode::Extra::16 Intervals,Intervals,heuristic
1686038125666,Longest Increasing Subsequence II,Interview::LeetCode,Interview::LeetCode::Extra::13 1-D Dynamic Programming,1-D Dynamic Programming,heuristic
1686038125668,Design SQL,Interview::LeetCode,Interview::LeetCode::Extra::01 Arrays & Hashing,Arrays & Hashing,heuristic
1686038125670,Count Days Spent Together,Interview::LeetCode,Interview::LeetCode::Extra::17 Math & Geometry,Math & Geometry,heuristic
1686038125672,Maximum Matching of Players With Trainers,Interview::LeetCode,Interview::LeetCode::Extra::02 Two Pointers,Two Pointers,heuristic
1686038125674,Smallest Subarrays With Maximum Bitwise OR,Interview::LeetCode,Interview::LeetCode::Extra::03 Sliding Window,Sliding Window,heuristic
1686038125676,Minimum Money Required Before Transactions,Interview::LeetCode,Interview::LeetCode::Extra::15 Greedy,Greedy,heuristic
1686038125678,Smallest Even Multiple,Interview::LeetCode,Interview::LeetCode::Extra::17 Math & Geometry,Math & Geometry,heuristic
1686038125680,Length of the Longest Alphabetical Continuous Substring,Interview::LeetCode,Interview::LeetCode::Extra::01 Arrays & Hashing,Arrays & Hashing,heuristic
1686038125682,Reverse Odd Levels of Binary Tree,Interview::LeetCode,Interview::LeetCode::Extra::07 Trees,Trees,heuristic
1686038125684,Sum of Prefix Scores of Strings,Interview::LeetCode,Interview::LeetCode::Extra::10 Tries,Tries,heuristic
1686038125686,Closest Fair Integer,Interview::LeetCode,Interview::LeetCode::Extra::17 Math & Geometry,Math & Geometry,heuristic
1686038125688,Sort the People,Interview::LeetCode,Interview::LeetCode::Extra::01 Arrays & Hashing,Arrays & Hashing,heuristic
1686038125690,Longest Subarray With Maximum Bitwise AND,Interview::LeetCode,Interview::LeetCode::Extra::18 Bit Manipulation,Bit Manipulation,heuristic
1686038125692,Find All Good Indices,Interview::LeetCode,Interview::LeetCode::Extra::13 1-D Dynamic Programming,1-D Dynamic Programming,heuristic
1686038125694,Number of Good Paths,Interview::LeetCode,Interview::LeetCode::Extra::11 Graphs,Graphs,heuristic
1686038125696,Merge Operations to Turn Array Into a Palindrome,Interview::LeetCode,Interview::LeetCode::Extra::02 Two Pointers,Two Pointers,heuristic
1686038125698,Remove Letter To Equalize Frequency,Interview::LeetCode,Interview::LeetCode::Extra::01 Arrays & Hashing,Arrays & Hashing,heuristic
1686038125700,Longest Uploaded Prefix,Interview::LeetCode,Interview::LeetCode::Extra::11 Graphs,Graphs,heuristic
1686038125702,Bitwise XOR of All Pairings,Interview::LeetCode,Interview::LeetCode::Extra::18 Bit Manipulation,Bit Manipulation,heuristic
1686038125704,Number of Pairs Satisfying Inequality,Interview::LeetCode,Interview::LeetCode::Extra::07 Trees,Trees,heuristic
1686038125706,Number of Common Factors,Interview::LeetCode,Interview::LeetCode::Extra::17 Math & Geometry,Math & Geometry,heuristic
1686038125708,Maximum Sum of an Hourglass,Interview::LeetCode,Interview::LeetCode::Extra::17 Math & Geometry,Math & Geometry,heuristic
1686038125710,Minimize XOR,Interview::LeetCode,Interview::LeetCode::Extra::15 Greedy,Greedy,heuristic
1686038125712,Maximum Deletions on a String,Interview::LeetCode,Interview::LeetCode::Extra::13 1-D Dynamic Programming,1-D Dynamic Programming,heuristic
1686038125714,Maximize Total Tastiness of Purchased Fruits,Interview::LeetCode,Interview::LeetCode::Extra::13 1-D Dynamic Programming,1-D Dynamic Programming,heuristic
1686038125716,The Employee That Worked on the Longest Task,Interview::LeetCode,Interview::LeetCode::Extra::01 Arrays & Hashing,Arrays & Hashing,heuristic
1686038125718,Find The Original Array of Prefix Xor,Interview::LeetCode,Interview::LeetCode::Extra::18 Bit Manipulation,Bit Manipulation,heuristic
1686038125720,Using a Robot to Print the Lexicographically Smallest String,Interview::LeetCode,Interview::LeetCode::Extra::04 Stack,Stack,heuristic
1686038125722,Paths in Matrix Whose Sum Is Divisible by K,Interview::LeetCode,Interview::LeetCode::Extra::14 2-D Dynamic Programming,2-D Dynamic Programming,heuristic
1686038125724,Minimum Split Into Subarrays With GCD Greater Than One,Interview::LeetCode,Interview::LeetCode::Extra::13 1-D Dynamic Programming,1-D Dynamic Programming,heuristic
1686038125726,Number of Valid Clock Times,Interview::LeetCode,Interview::LeetCode::Extra::01 Arrays & Hashing,Arrays & Hashing,heuristic
1686038125728,Range Product Queries of Powers,Interview::LeetCode,Interview::LeetCode::Extra::18 Bit Manipulation,Bit Manipulation,heuristic
1686038125730,Minimize Maximum of Array,Interview::LeetCode,Interview::LeetCode::Extra::13 1-D Dynamic Programming,1-D Dynamic Programming,heuristic
1686038125732,Create Components With Same Value,Interview::LeetCode,Interview::LeetCode::Extra::07 Trees,Trees,heuristic
1686038125734,Largest Positive Integer That Exists With Its Negative,Interview::LeetCode,Interview::LeetCode::Extra::02 Two Pointers,Two Pointers,heuristic
1686038125736,Count Number of Distinct Integers After Reverse Operations,Interview::LeetCode,Interview::LeetCode::Extra::17 Math & Geometry,Math & Geometry,heuristic
1686038125738,Sum of Number and Its Reverse,Interview::LeetCode,Interview::LeetCode::Extra::17 Math & Geometry,Math & Geometry,heuristic
1686038125740,Count Subarrays With Fixed Bounds,Interview::LeetCode,Interview::LeetCode::Extra::03 Sliding Window,Sliding Window,heuristic
1686038125742,Number of Nodes With Value One,Interview::LeetCode,Interview::LeetCode::Extra::07 Trees,Trees,heuristic
1686038125744,Determine if Two Events Have Conflict,Interview::LeetCode,Interview::LeetCode::Extra::01 Arrays & Hashing,Arrays & Hashing,heuristic
1686038125746,Number of Subarrays With GCD Equal to K,Interview::LeetCode,Interview::LeetCode::Extra::17 Math & Geometry,Math & Geometry,heuristic
1686038125748,Minimum Cost to Make Array Equal,Interview::LeetCode,Interview::LeetCode::Extra::05 Binary Search,Binary Search,heuristic
1686038125750,Minimum Number of Operations to Make Arrays Similar,Interview::LeetCode,Interview::LeetCode::Extra::15 Greedy,Greedy,heuristic
1686038125752,Number of Distinct Binary Strings After Applying Operations,Interview::LeetCode,Interview::LeetCode::Extra::17 Math & Geometry,Math & Geometry,heuristic
1686038125754,Odd String Difference,Interview::LeetCode,Interview::LeetCode::Extra::01 Arrays & Hashing,Arrays & Hashing,heuristic
1686038125756,Words Within Two Edits of Dictionary,Interview::LeetCode,Interview::LeetCode::Extra::01 Arrays & Hashing,Arrays & Hashing,heuristic
1686038125758,Destroy Sequential Targets,Interview::LeetCode,Interview::LeetCode::Extra::01 Arrays & Hashing,Arrays & Hashing,heuristic
1686038125760,Next Greater Element IV,Interview::LeetCode,Interview::LeetCode::Extra::08 Heap - Priority Queue,Heap - Priority Queue,heuristic
1686038125762,Average Value of Even Numbers That Are Divisible by Three,Interview::LeetCode,Interview::LeetCode::Extra::17 Math & Geometry,Math & Geometry,heuristic
1686038125764,Most Popular Video Creator,Interview::LeetCode,Interview::LeetCode::Extra::08 Heap - Priority Queue,Heap - Priority Queue,heuristic
1686038125766,Minimum Addition to Make Integer Beautiful,Interview::LeetCode,Interview::LeetCode::Extra::15 Greedy,Greedy,heuristic
1686038125768,Height of Binary Tree After Subtree Removal Queries,Interview::LeetCode,Interview::LeetCode::Extra::07 Trees,Trees,heuristic
1686038125770,Sort Array by Moving Items to Empty Space,Interview::LeetCode,Interview::LeetCode::Extra::15 Greedy,Greedy,heuristic
1686038125772,Apply Operations to an Array,Interview::LeetCode,Interview::LeetCode::Extra::01 Arrays & Hashing,Arrays & Hashing,heuristic
1686038125774,Maximum Sum of Distinct Subarrays With Length K,Interview::LeetCode,Interview::LeetCode::Extra::03 Sliding Window,Sliding Window,heuristic
1686038125776,Total Cost to Hire K Workers,Interview::LeetCode,Interview::LeetCode::Extra::08 Heap - Priority Queue,Heap - Priority Queue,heuristic
1686038125778,Minimum Total Distance Traveled,Interview::LeetCode,Interview::LeetCode::Extra::13 1-D Dynamic Programming,1-D Dynamic Programming,heuristic
1686038125780,Minimum Subarrays in a Valid Split,Interview::LeetCode,Interview::LeetCode::Extra::13 1-D Dynamic Programming,1-D Dynamic Programming,heuristic
1686038125782,Number of Distinct Averages,Interview::LeetCode,Interview::LeetCode::Extra::02 Two Pointers,Two Pointers,heuristic
1686038125784,Count Ways To Build Good Strings,Interview::LeetCode,Interview::LeetCode::Extra::13 1-D Dynamic Programming,1-D Dynamic Programming,heuristic
1686038125786,Most Profitable Path in a Tree,Interview::LeetCode,Interview::LeetCode::Extra::11 Graphs,Graphs,heuristic
1686038125788,Split Message Based on Limit,Interview::LeetCode,Interview::LeetCode::Extra::05 Binary Search,Binary Search,heuristic
1686038125790,Convert the Temperature,Interview::LeetCode,Interview::LeetCode::Extra::17 Math & Geometry,Math & Geometry,heuristic
1686038125792,Number of Subarrays With LCM Equal to K,Interview::LeetCode,Interview::LeetCode::Extra::17 Math & Geometry,Math & Geometry,heuristic
1686038125794,Minimum Number of Operations to Sort a Binary Tree by Level,Interview::LeetCode,Interview::LeetCode::Extra::07 Trees,Trees,heuristic
1686038125796,Maximum Number of Non-overlapping Palindrome Substrings,Interview::LeetCode,Interview::LeetCode::Extra::13 1-D Dynamic Programming,1-D Dynamic Programming,heuristic
1686038125798,Minimum Cost to Buy Apples,Interview::LeetCode,Interview::LeetCode::Extra::12 Advanced Graphs,Advanced Graphs,heuristic
1686038125800,Customers With Strictly Increasing Purchases,Interview::LeetCode,Interview::LeetCode::Extra::99 Off-Roadmap::SQL & Database,SQL & Database,heuristic
1686038125802,Number of Unequal Triplets in Array,Interview::LeetCode,Interview::LeetCode::Extra::01 Arrays & Hashing,Arrays & Hashing,heuristic
1686038125804,Closest Nodes Queries in a Binary Search Tree,Interview::LeetCode,Interview::LeetCode::Extra::07 Trees,Trees,heuristic
1686038125806,Minimum Fuel Cost to Report to the Capital,Interview::LeetCode,Interview::LeetCode::Extra::11 Graphs,Graphs,heuristic
1686038125808,Number of Beautiful Partitions,Interview::LeetCode,Interview::LeetCode::Extra::13 1-D Dynamic Programming,1-D Dynamic Programming,heuristic
1686038125810,Maximum XOR of Two Non-Overlapping Subtrees,Interview::LeetCode,Interview::LeetCode::Extra::10 Tries,Tries,heuristic
1686038125812,Form a Chemical Bond,Interview::LeetCode,Interview::LeetCode::Extra::99 Off-Roadmap::SQL & Database,SQL & Database,heuristic
1686038125814,Minimum Cuts to Divide a Circle,Interview::LeetCode,Interview::LeetCode::Extra::17 Math & Geometry,Math & Geometry,heuristic
1686038125816,Difference Between Ones and Zeros in Row and Column,Interview::LeetCode,Interview::LeetCode::Extra::17 Math & Geometry,Math & Geometry,heuristic
1686038125818,Minimum Penalty for a Shop,Interview::LeetCode,Interview::LeetCode::Extra::01 Arrays & Hashing,Arrays & Hashing,heuristic
1686038125820,Count Palindromic Subsequences,Interview::LeetCode,Interview::LeetCode::Extra::13 1-D Dynamic Programming,1-D Dynamic Programming,heuristic
1686038125822,Find the Pivot Integer,Interview::LeetCode,Interview::LeetCode::Extra::17 Math & Geometry,Math & Geometry,heuristic
1686038125824,Append Characters to String to Make Subsequence,Interview::LeetCode,Interview::LeetCode::Extra::02 Two Pointers,Two Pointers,heuristic
1686038125826,Remove Nodes From Linked List,Interview::LeetCode,Interview::LeetCode::Extra::04 Stack,Stack,heuristic
1686038125828,Count Subarrays With Median K,Interview::LeetCode,Interview::LeetCode::Extra::01 Arrays & Hashing,Arrays & Hashing,heuristic
1686038125830,Number of Substrings With Fixed Ratio,Interview::LeetCode,Interview::LeetCode::Extra::17 Math & Geometry,Math & Geometry,heuristic
1686038125832,Circular Sentence,Interview::LeetCode,Interview::LeetCode::Extra::01 Arrays & Hashing,Arrays & Hashing,heuristic
1686038125834,Divide Players Into Teams of Equal Skill,Interview::LeetCode,Interview::LeetCode::Extra::02 Two Pointers,Two Pointers,heuristic
1686038125836,Minimum Score of a Path Between Two Cities,Interview::LeetCode,Interview::LeetCode::Extra::11 Graphs,Graphs,heuristic
1686038125838,Divide Nodes Into the Maximum Number of Groups,Interview::LeetCode,Interview::LeetCode::Extra::11 Graphs,Graphs,heuristic
1686038125840,Merge Overlapping Events in the Same Hall,Interview::LeetCode,Interview::LeetCode::Extra::99 Off-Roadmap::SQL & Database,SQL & Database,heuristic
1686038125842,Number of Subarrays Having Even Product,Interview::LeetCode,Interview::LeetCode::Extra::13 1-D Dynamic Programming,1-D Dynamic Programming,heuristic
1686038125844,Maximum Value of a String in an Array,Interview::LeetCode,Interview::LeetCode::Extra::01 Arrays & Hashing,Arrays & Hashing,heuristic
1686038125846,Maximum Star Sum of a Graph,Interview::LeetCode,Interview::LeetCode::Extra::11 Graphs,Graphs,heuristic
1686038125848,Frog Jump II,Interview::LeetCode,Interview::LeetCode::Extra::05 Binary Search,Binary Search,heuristic
1686038125850,Minimum Total Cost to Make Arrays Unequal,Interview::LeetCode,Interview::LeetCode::Extra::15 Greedy,Greedy,heuristic
1686038125852,Delete Greatest Value in Each Row,Interview::LeetCode,Interview::LeetCode::Extra::17 Math & Geometry,Math & Geometry,heuristic
1686038125854,Longest Square Streak in an Array,Interview::LeetCode,Interview::LeetCode::Extra::13 1-D Dynamic Programming,1-D Dynamic Programming,heuristic
1686038125856,Design Memory Allocator,Interview::LeetCode,Interview::LeetCode::Extra::01 Arrays & Hashing,Arrays & Hashing,heuristic
1686038125858,Maximum Number of Points From Grid Queries,Interview::LeetCode,Interview::LeetCode::Extra::11 Graphs,Graphs,heuristic
1686038125860,Concatenate the Name and the Profession,Interview::LeetCode,Interview::LeetCode::Extra::99 Off-Roadmap::SQL & Database,SQL & Database,heuristic
1686038125862,Bitwise OR of All Subsequence Sums,Interview::LeetCode,Interview::LeetCode::Extra::18 Bit Manipulation,Bit Manipulation,heuristic
1686038125864,Count Pairs Of Similar Strings,Interview::LeetCode,Interview::LeetCode::Extra::01 Arrays & Hashing,Arrays & Hashing,heuristic
1686038125866,Smallest Value After Replacing With Sum of Prime Factors,Interview::LeetCode,Interview::LeetCode::Extra::17 Math & Geometry,Math & Geometry,heuristic
1686038125868,Add Edges to Make Degrees of All Nodes Even,Interview::LeetCode,Interview::LeetCode::Extra::11 Graphs,Graphs,heuristic
1686038125870,Cycle Length Queries in a Tree,Interview::LeetCode,Interview::LeetCode::Extra::07 Trees,Trees,heuristic
1686038125872,Check if There is a Path With Equal Number of 0's And 1's,Interview::LeetCode,Interview::LeetCode::Extra::14 2-D Dynamic Programming,2-D Dynamic Programming,heuristic
1686038125874,Maximum Enemy Forts That Can Be Captured,Interview::LeetCode,Interview::LeetCode::Extra::02 Two Pointers,Two Pointers,heuristic
1686038125876,Reward Top K Students,Interview::LeetCode,Interview::LeetCode::Extra::08 Heap - Priority Queue,Heap - Priority Queue,heuristic
1686038125878,Minimize the Maximum of Two Arrays,Interview::LeetCode,Interview::LeetCode::Extra::05 Binary Search,Binary Search,heuristic
1686038125880,Count Anagrams,Interview::LeetCode,Interview::LeetCode::Extra::17 Math & Geometry,Math & Geometry,heuristic
1686038125882,Shortest Distance to Target String in a Circular Array,Interview::LeetCode,Interview::LeetCode::Extra::01 Arrays & Hashing,Arrays & Hashing,heuristic
1686038125884,Take K of Each Character From Left and Right,Interview::LeetCode,Interview::LeetCode::Extra::03 Sliding Window,Sliding Window,heuristic
1686038125886,Maximum Tastiness of Candy Basket,Interview::LeetCode,Interview::LeetCode::Extra::05 Binary Search,Binary Search,heuristic
1686038125888,Number of Great Partitions,Interview::LeetCode,Interview::LeetCode::Extra::13 1-D Dynamic Programming,1-D Dynamic Programming,heuristic
1686038125890,Count the Number of K-Big Indices,Interview::LeetCode,Interview::LeetCode::Extra::07 Trees,Trees,heuristic
1686038125892,Count the Digits That Divide a Number,Interview::LeetCode,Interview::LeetCode::Extra::17 Math & Geometry,Math & Geometry,heuristic
1686038125894,Distinct Prime Factors of Product of Array,Interview::LeetCode,Interview::LeetCode::Extra::17 Math & Geometry,Math & Geometry,heuristic
1686038125896,Partition String Into Substrings With Values at Most K,Interview::LeetCode,Interview::LeetCode::Extra::13 1-D Dynamic Programming,1-D Dynamic Programming,heuristic
1686038125898,Closest Prime Numbers in Range,Interview::LeetCode,Interview::LeetCode::Extra::17 Math & Geometry,Math & Geometry,heuristic
1686038125900,Maximum Frequency Score of a Subarray,Interview::LeetCode,Interview::LeetCode::Extra::03 Sliding Window,Sliding Window,heuristic
1686038125902,Categorize Box According to Criteria,Interview::LeetCode,Interview::LeetCode::Extra::17 Math & Geometry,Math & Geometry,heuristic
1686038125904,Find Consecutive Integers from a Data Stream,Interview::LeetCode,Interview::LeetCode::Extra::01 Arrays & Hashing,Arrays & Hashing,heuristic
1686038125906,Find Xor-Beauty of Array,Interview::LeetCode,Interview::LeetCode::Extra::18 Bit Manipulation,Bit Manipulation,heuristic
1686038125908,Maximize the Minimum Powered City,Interview::LeetCode,Interview::LeetCode::Extra::03 Sliding Window,Sliding Window,heuristic
1686038125910,Maximum Count of Positive Integer and Negative Integer,Interview::LeetCode,Interview::LeetCode::Extra::05 Binary Search,Binary Search,heuristic
1686038125912,Maximal Score After Applying K Operations,Interview::LeetCode,Interview::LeetCode::Extra::08 Heap - Priority Queue,Heap - Priority Queue,heuristic
1686038125914,Make Number of Distinct Characters Equal,Interview::LeetCode,Interview::LeetCode::Extra::01 Arrays & Hashing,Arrays & Hashing,heuristic
1686038125916,Time to Cross a Bridge,Interview::LeetCode,Interview::LeetCode::Extra::08 Heap - Priority Queue,Heap - Priority Queue,heuristic
1686038125918,Number of Good Binary Strings,Interview::LeetCode,Interview::LeetCode::Extra::13 1-D Dynamic Programming,1-D Dynamic Programming,heuristic
1686038125920,Time Taken to Cross the Door,Interview::LeetCode,Interview::LeetCode::Extra::01 Arrays & Hashing,Arrays & Hashing,heuristic
1686038125922,Difference Between Element Sum and Digit Sum of an Array,Interview::LeetCode,Interview::LeetCode::Extra::17 Math & Geometry,Math & Geometry,heuristic
1686038125924,Increment Submatrices by One,Interview::LeetCode,Interview::LeetCode::Extra::17 Math & Geometry,Math & Geometry,heuristic
1686038125926,Count the Number of Good Subarrays,Interview::LeetCode,Interview::LeetCode::Extra::03 Sliding Window,Sliding Window,heuristic
1686038125928,Difference Between Maximum and Minimum Price Sum,Interview::LeetCode,Interview::LeetCode::Extra::13 1-D Dynamic Programming,1-D Dynamic Programming,heuristic
1686038125930,Count the Number of Good Subsequences,Interview::LeetCode,Interview::LeetCode::Extra::17 Math & Geometry,Math & Geometry,heuristic
1686038125932,Minimum Common Value,Interview::LeetCode,Interview::LeetCode::Extra::02 Two Pointers,Two Pointers,heuristic
1686038125934,Minimum Operations to Make Array Equal II,Interview::LeetCode,Interview::LeetCode::Extra::15 Greedy,Greedy,heuristic
1686038125936,Maximum Subsequence Score,Interview::LeetCode,Interview::LeetCode::Extra::08 Heap - Priority Queue,Heap - Priority Queue,heuristic
1686038125938,Check if Point Is Reachable,Interview::LeetCode,Interview::LeetCode::Extra::17 Math & Geometry,Math & Geometry,heuristic
1686038125940,Alternating Digit Sum,Interview::LeetCode,Interview::LeetCode::Extra::17 Math & Geometry,Math & Geometry,heuristic
1686038125942,Sort the Students by Their Kth Score,Interview::LeetCode,Interview::LeetCode::Extra::17 Math & Geometry,Math & Geometry,heuristic
1686038125944,Apply Bitwise Operations to Make Strings Equal,Interview::LeetCode,Interview::LeetCode::Extra::18 Bit Manipulation,Bit Manipulation,heuristic
1686038125946,Minimum Cost to Split an Array,Interview::LeetCode,Interview::LeetCode::Extra::13 1-D Dynamic Programming,1-D Dynamic Programming,heuristic
1686038125948,Maximum Price to Fill a Bag,Interview::LeetCode,Interview::LeetCode::Extra::15 Greedy,Greedy,heuristic
1686038125950,Count Distinct Numbers on Board,Interview::LeetCode,Interview::LeetCode::Extra::17 Math & Geometry,Math & Geometry,heuristic
1686038125952,Count Collisions of Monkeys on a Polygon,Interview::LeetCode,Interview::LeetCode::Extra::17 Math & Geometry,Math & Geometry,heuristic
1686038125954,Put Marbles in Bags,Interview::LeetCode,Interview::LeetCode::Extra::08 Heap - Priority Queue,Heap - Priority Queue,heuristic
1686038125956,Count Increasing Quadruplets,Interview::LeetCode,Interview::LeetCode::Extra::13 1-D Dynamic Programming,1-D Dynamic Programming,heuristic
1686038125958,Separate the Digits in an Array,Interview::LeetCode,Interview::LeetCode::Extra::01 Arrays & Hashing,Arrays & Hashing,heuristic
1686038125960,Maximum Number of Integers to Choose From a Range I,Interview::LeetCode,Interview::LeetCode::Extra::05 Binary Search,Binary Search,heuristic
1686038125962,Maximize Win From Two Segments,Interview::LeetCode,Interview::LeetCode::Extra::03 Sliding Window,Sliding Window,heuristic
1686038125964,Disconnect Path in a Binary Matrix by at Most One Flip,Interview::LeetCode,Interview::LeetCode::Extra::11 Graphs,Graphs,heuristic
1686038125966,Maximum Number of Integers to Choose From a Range II,Interview::LeetCode,Interview::LeetCode::Extra::05 Binary Search,Binary Search,heuristic
1686038125968,Take Gifts From the Richest Pile,Interview::LeetCode,Interview::LeetCode::Extra::08 Heap - Priority Queue,Heap - Priority Queue,heuristic
1686038125970,Count Vowel Strings in Ranges,Interview::LeetCode,Interview::LeetCode::Extra::01 Arrays & Hashing,Arrays & Hashing,heuristic
1686038125972,House Robber IV,Interview::LeetCode,Interview::LeetCode::Extra::05 Binary Search,Binary Search,heuristic
1686038125974,Rearranging Fruits,Interview::LeetCode,Interview::LeetCode::Extra::15 Greedy,Greedy,heuristic
1686038125976,Find the Array Concatenation Value,Interview::LeetCode,Interview::LeetCode::Extra::02 Two Pointers,Two Pointers,heuristic
1686038125978,Count the Number of Fair Pairs,Interview::LeetCode,Interview::LeetCode::Extra::02 Two Pointers,Two Pointers,heuristic
1686038125980,Substring XOR Queries,Interview::LeetCode,Interview::LeetCode::Extra::18 Bit Manipulation,Bit Manipulation,heuristic
1686038125982,Subsequence With the Minimum Score,Interview::LeetCode,Interview::LeetCode::Extra::02 Two Pointers,Two Pointers,heuristic
1686038125984,Maximum Difference by Remapping a Digit,Interview::LeetCode,Interview::LeetCode::Extra::15 Greedy,Greedy,heuristic
1686038125986,Minimum Score by Changing Two Elements,Interview::LeetCode,Interview::LeetCode::Extra::15 Greedy,Greedy,heuristic
1686038125988,Minimum Impossible OR,Interview::LeetCode,Interview::LeetCode::Extra::18 Bit Manipulation,Bit Manipulation,heuristic
1686038125990,Handling Sum Queries After Update,Interview::LeetCode,Interview::LeetCode::Extra::07 Trees,Trees,heuristic
1686038125992,Merge Two 2D Arrays by Summing Values,Interview::LeetCode,Interview::LeetCode::Extra::02 Two Pointers,Two Pointers,heuristic
1686038125994,Minimum Operations to Reduce an Integer to 0,Interview::LeetCode,Interview::LeetCode::Extra::13 1-D Dynamic Programming,1-D Dynamic Programming,heuristic
1686038125996,Count the Number of Square-Free Subsets,Interview::LeetCode,Interview::LeetCode::Extra::13 1-D Dynamic Programming,1-D Dynamic Programming,heuristic
1686038125998,Find the String with LCP,Interview::LeetCode,Interview::LeetCode::Extra::11 Graphs,Graphs,heuristic
1686038126000,Left and Right Sum Differences,Interview::LeetCode,Interview::LeetCode::Extra::01 Arrays & Hashing,Arrays & Hashing,heuristic
1686038126002,Find the Divisibility Array of a String,Interview::LeetCode,Interview::LeetCode::Extra::17 Math & Geometry,Math & Geometry,heuristic
1686038126004,Find the Maximum Number of Marked Indices,Interview::LeetCode,Interview::LeetCode::Extra::02 Two Pointers,Two Pointers,heuristic
1686038126006,Minimum Time to Visit a Cell In a Grid,Interview::LeetCode,Interview::LeetCode::Extra::12 Advanced Graphs,Advanced Graphs,heuristic
1686038126008,Split With Minimum Sum,Interview::LeetCode,Interview::LeetCode::Extra::15 Greedy,Greedy,heuristic
1686038126010,Count Total Number of Colored Cells,Interview::LeetCode,Interview::LeetCode::Extra::17 Math & Geometry,Math & Geometry,heuristic
1686038126012,Count Ways to Group Overlapping Ranges,Interview::LeetCode,Interview::LeetCode::Extra::01 Arrays & Hashing,Arrays & Hashing,heuristic
1686038126014,Count Number of Possible Root Nodes,Interview::LeetCode,Interview::LeetCode::Extra::13 1-D Dynamic Programming,1-D Dynamic Programming,heuristic
1686038126016,Pass the Pillow,Interview::LeetCode,Interview::LeetCode::Extra::17 Math & Geometry,Math & Geometry,heuristic
1686038126018,Kth Largest Sum in a Binary Tree,Interview::LeetCode,Interview::LeetCode::Extra::07 Trees,Trees,heuristic
1686038126020,Split the Array to Make Coprime Products,Interview::LeetCode,Interview::LeetCode::Extra::17 Math & Geometry,Math & Geometry,heuristic
1686038126022,Number of Ways to Earn Points,Interview::LeetCode,Interview::LeetCode::Extra::13 1-D Dynamic Programming,1-D Dynamic Programming,heuristic
1686038126024,Count the Number of Vowel Strings in Range,Interview::LeetCode,Interview::LeetCode::Extra::01 Arrays & Hashing,Arrays & Hashing,heuristic
1686038126026,Rearrange Array to Maximize Prefix Score,Interview::LeetCode,Interview::LeetCode::Extra::15 Greedy,Greedy,heuristic
1686038126028,Count the Number of Beautiful Subarrays,Interview::LeetCode,Interview::LeetCode::Extra::18 Bit Manipulation,Bit Manipulation,heuristic
1686038126030,Minimum Time to Complete All Tasks,Interview::LeetCode,Interview::LeetCode::Extra::04 Stack,Stack,heuristic
1686038126032,Design a Todo List,Interview::LeetCode,Interview::LeetCode::Extra::01 Arrays & Hashing,Arrays & Hashing,heuristic
1686038126034,Distribute Money to Maximum Children,Interview::LeetCode,Interview::LeetCode::Extra::15 Greedy,Greedy,heuristic
1686038126036,Maximize Greatness of an Array,Interview::LeetCode,Interview::LeetCode::Extra::02 Two Pointers,Two Pointers,heuristic
1686038126038,Find Score of an Array After Marking All Elements,Interview::LeetCode,Interview::LeetCode::Extra::08 Heap - Priority Queue,Heap - Priority Queue,heuristic
1686038126040,Minimum Time to Repair Cars,Interview::LeetCode,Interview::LeetCode::Extra::05 Binary Search,Binary Search,heuristic
1686038126042,Number of Even and Odd Bits,Interview::LeetCode,Interview::LeetCode::Extra::18 Bit Manipulation,Bit Manipulation,heuristic
1686038126044,Check Knight Tour Configuration,Interview::LeetCode,Interview::LeetCode::Extra::11 Graphs,Graphs,heuristic
1686038126046,The Number of Beautiful Subsets,Interview::LeetCode,Interview::LeetCode::Extra::09 Backtracking,Backtracking,heuristic
1686038126048,Smallest Missing Non-negative Integer After Operations,Interview::LeetCode,Interview::LeetCode::Extra::15 Greedy,Greedy,heuristic
1686038126050,Make the Prefix Sum Non-negative,Interview::LeetCode,Interview::LeetCode::Extra::08 Heap - Priority Queue,Heap - Priority Queue,heuristic
1686038126052,K Items With the Maximum Sum,Interview::LeetCode,Interview::LeetCode::Extra::15 Greedy,Greedy,heuristic
1686038126054,Prime Subtraction Operation,Interview::LeetCode,Interview::LeetCode::Extra::05 Binary Search,Binary Search,heuristic
1686038126056,Minimum Operations to Make All Array Elements Equal,Interview::LeetCode,Interview::LeetCode::Extra::05 Binary Search,Binary Search,heuristic
1686038126058,Collect Coins in a Tree,Interview::LeetCode,Interview::LeetCode::Extra::11 Graphs,Graphs,heuristic
1686038126060,Minimum Time to Eat All Grains,Interview::LeetCode,Interview::LeetCode::Extra::05 Binary Search,Binary Search,heuristic
1686038126062,Form Smallest Number From Two Digit Arrays,Interview::LeetCode,Interview::LeetCode::Extra::01 Arrays & Hashing,Arrays & Hashing,heuristic
1686038126064,Find the Substring With Maximum Cost,Interview::LeetCode,Interview::LeetCode::Extra::13 1-D Dynamic Programming,1-D Dynamic Programming,heuristic
1686038126066,Make K-Subarray Sums Equal,Interview::LeetCode,Interview::LeetCode::Extra::17 Math & Geometry,Math & Geometry,heuristic
1686038126068,Shortest Cycle in a Graph,Interview::LeetCode,Interview::LeetCode::Extra::11 Graphs,Graphs,heuristic
1686038126070,Find the Longest Balanced Substring of a Binary String,Interview::LeetCode,Interview::LeetCode::Extra::01 Arrays & Hashing,Arrays & Hashing,heuristic
1686038126072,Convert an Array Into a 2D Array With Conditions,Interview::LeetCode,Interview::LeetCode::Extra::01 Arrays & Hashing,Arrays & Hashing,heuristic
1686038126074,Mice and Cheese,Interview::LeetCode,Interview::LeetCode::Extra::08 Heap - Priority Queue,Heap - Priority Queue,heuristic
1686038126076,Minimum Reverse Operations,Interview::LeetCode,Interview::LeetCode::Extra::07 Trees,Trees,heuristic
1686038126078,Beautiful Pairs,Interview::LeetCode,Interview::LeetCode::Extra::17 Math & Geometry,Math & Geometry,heuristic
1686038126080,Prime In Diagonal,Interview::LeetCode,Interview::LeetCode::Extra::17 Math & Geometry,Math & Geometry,heuristic
1686038126082,Sum of Distances,Interview::LeetCode,Interview::LeetCode::Extra::01 Arrays & Hashing,Arrays & Hashing,heuristic
1686038126084,Minimize the Maximum Difference of Pairs,Interview::LeetCode,Interview::LeetCode::Extra::05 Binary Search,Binary Search,heuristic
1686038126086,Minimum Number of Visited Cells in a Grid,Interview::LeetCode,Interview::LeetCode::Extra::11 Graphs,Graphs,heuristic
1686038126088,Check if Object Instance of Class,Interview::LeetCode,Interview::LeetCode::Extra::99 Off-Roadmap::Unsorted,Unsorted,heuristic
1686038126090,Array Prototype Last,Interview::LeetCode,Interview::LeetCode::Extra::99 Off-Roadmap::Unsorted,Unsorted,heuristic
1686038126092,Counter,Interview::LeetCode,Interview::LeetCode::Extra::99 Off-Roadmap::Unsorted,Unsorted,heuristic
1686038126094,Sleep,Interview::LeetCode,Interview::LeetCode::Extra::99 Off-Roadmap::Unsorted,Unsorted,heuristic
1686038126096,Cache With Time Limit,Interview::LeetCode,Interview::LeetCode::Extra::99 Off-Roadmap::Unsorted,Unsorted,heuristic
1686038126098,Memoize,Interview::LeetCode,Interview::LeetCode::Extra::99 Off-Roadmap::Unsorted,Unsorted,heuristic
1686038126100,Snail Traversal,Interview::LeetCode,Interview::LeetCode::Extra::99 Off-Roadmap::Unsorted,Unsorted,heuristic
1686038126102,Flatten Deeply Nested Array,Interview::LeetCode,Interview::LeetCode::Extra::99 Off-Roadmap::Unsorted,Unsorted,heuristic
1686038126104,Array Reduce Transformation,Interview::LeetCode,Interview::LeetCode::Extra::99 Off-Roadmap::Unsorted,Unsorted,heuristic
1686038126106,Debounce,Interview::LeetCode,Interview::LeetCode::Extra::99 Off-Roadmap::Unsorted,Unsorted,heuristic
1686038126108,JSON Deep Equal,Interview::LeetCode,Interview::LeetCode::Extra::99 Off-Roadmap::Unsorted,Unsorted,heuristic
1686038126110,Function Composition,Interview::LeetCode,Interview::LeetCode::Extra::99 Off-Roadmap::Unsorted,Unsorted,heuristic
1686038126112,Memoize II,Interview::LeetCode,Interview::LeetCode::Extra::99 Off-Roadmap::Unsorted,Unsorted,heuristic
1686038126114,Group By,Interview::LeetCode,Interview::LeetCode::Extra::99 Off-Roadmap::Unsorted,Unsorted,heuristic
1686038126116,Curry,Interview::LeetCode,Interview::LeetCode::Extra::99 Off-Roadmap::Unsorted,Unsorted,heuristic
1686038126118,Convert Object to JSON String,Interview::LeetCode,Interview::LeetCode::Extra::99 Off-Roadmap::Unsorted,Unsorted,heuristic
1686038126120,Filter Elements from Array,Interview::LeetCode,Interview::LeetCode::Extra::99 Off-Roadmap::Unsorted,Unsorted,heuristic
1686038126122,Apply Transform Over Each Element in Array,Interview::LeetCode,Interview::LeetCode::Extra::99 Off-Roadmap::Unsorted,Unsorted,heuristic
1686038126124,Promise Pool,Interview::LeetCode,Interview::LeetCode::Extra::99 Off-Roadmap::Unsorted,Unsorted,heuristic
1686038126126,Promise Time Limit,Interview::LeetCode,Interview::LeetCode::Extra::99 Off-Roadmap::Unsorted,Unsorted,heuristic
1686038126128,Count the Number of K-Free Subsets,Interview::LeetCode,Interview::LeetCode::Extra::13 1-D Dynamic Programming,1-D Dynamic Programming,heuristic
1686038126130,Find the Width of Columns of a Grid,Interview::LeetCode,Interview::LeetCode::Extra::17 Math & Geometry,Math & Geometry,heuristic
1686038126132,Find the Score of All Prefixes of an Array,Interview::LeetCode,Interview::LeetCode::Extra::01 Arrays & Hashing,Arrays & Hashing,heuristic
1686038126134,Cousins in Binary Tree II,Interview::LeetCode,Interview::LeetCode::Extra::07 Trees,Trees,heuristic
1686038126136,Design Graph With Shortest Path Calculator,Interview::LeetCode,Interview::LeetCode::Extra::12 Advanced Graphs,Advanced Graphs,heuristic
1686038126138,Row With Maximum Ones,Interview::LeetCode,Interview::LeetCode::Extra::17 Math & Geometry,Math & Geometry,heuristic
1686038126140,Find the Maximum Divisibility Score,Interview::LeetCode,Interview::LeetCode::Extra::01 Arrays & Hashing,Arrays & Hashing,heuristic
1686038126142,Minimum Additions to Make Valid String,Interview::LeetCode,Interview::LeetCode::Extra::13 1-D Dynamic Programming,1-D Dynamic Programming,heuristic
1686038126144,Minimize the Total Price of the Trips,Interview::LeetCode,Interview::LeetCode::Extra::11 Graphs,Graphs,heuristic
1686038126146,Color the Triangle Red,Interview::LeetCode,Interview::LeetCode::Extra::17 Math & Geometry,Math & Geometry,heuristic
1686038126148,Generate Fibonacci Sequence,Interview::LeetCode,Interview::LeetCode::Extra::99 Off-Roadmap::Unsorted,Unsorted,heuristic
1686038126150,Nested Array Generator,Interview::LeetCode,Interview::LeetCode::Extra::99 Off-Roadmap::Unsorted,Unsorted,heuristic
1686038126152,Design Cancellable Function,Interview::LeetCode,Interview::LeetCode::Extra::99 Off-Roadmap::Unsorted,Unsorted,heuristic
1686038126154,Calculate Delayed Arrival Time,Interview::LeetCode,Interview::LeetCode::Extra::17 Math & Geometry,Math & Geometry,heuristic
1686038126156,Sum Multiples,Interview::LeetCode,Interview::LeetCode::Extra::17 Math & Geometry,Math & Geometry,heuristic
1686038126158,Sliding Subarray Beauty,Interview::LeetCode,Interview::LeetCode::Extra::03 Sliding Window,Sliding Window,heuristic
1686038126160,Minimum Number of Operations to Make All Array Elements Equal to 1,Interview::LeetCode,Interview::LeetCode::Extra::17 Math & Geometry,Math & Geometry,heuristic
1686038126162,Find Maximal Uncovered Ranges,Interview::LeetCode,Interview::LeetCode::Extra::01 Arrays & Hashing,Arrays & Hashing,heuristic
1686038126164,Maximum Sum With Exactly K Elements ,Interview::LeetCode,Interview::LeetCode::Extra::15 Greedy,Greedy,heuristic
1686038126166,Find the Prefix Common Array of Two Arrays,Interview::LeetCode,Interview::LeetCode::Extra::01 Arrays & Hashing,Arrays & Hashing,heuristic
1686038126168,Maximum Number of Fish in a Grid,Interview::LeetCode,Interview::LeetCode::Extra::11 Graphs,Graphs,heuristic
1686038126170,Make Array Empty,Interview::LeetCode,Interview::LeetCode::Extra::07 Trees,Trees,heuristic
1686038126172,Determine the Winner of a Bowling Game,Interview::LeetCode,Interview::LeetCode::Extra::01 Arrays & Hashing,Arrays & Hashing,heuristic
1686038126174,First Completely Painted Row or Column,Interview::LeetCode,Interview::LeetCode::Extra::17 Math & Geometry,Math & Geometry,heuristic
1686038126176,Minimum Cost of a Path With Special Roads,Interview::LeetCode,Interview::LeetCode::Extra::12 Advanced Graphs,Advanced Graphs,heuristic
1686038126178,Lexicographically Smallest Beautiful String,Interview::LeetCode,Interview::LeetCode::Extra::15 Greedy,Greedy,heuristic
1686038126180,The Knight’s Tour,Interview::LeetCode,Interview::LeetCode::Extra::17 Math & Geometry,Math & Geometry,heuristic
1686038126182,Counter II,Interview::LeetCode,Interview::LeetCode::Extra::99 Off-Roadmap::Unsorted,Unsorted,heuristic
1686038126184,Allow One Function Call,Interview::LeetCode,Interview::LeetCode::Extra::99 Off-Roadmap::Unsorted,Unsorted,heuristic
1686038126186,Create Hello World Function,Interview::LeetCode,Interview::LeetCode::Extra::99 Off-Roadmap::Unsorted,Unsorted,heuristic
1686038126188,Find Latest Salaries,Interview::LeetCode,Interview::LeetCode::Extra::99 Off-Roadmap::SQL & Database,SQL & Database,heuristic
1686038126190,Count Artist Occurrences On Spotify Ranking List,Interview::LeetCode,Interview::LeetCode::Extra::99 Off-Roadmap::SQL & Database,SQL & Database,heuristic
1686038126192,Find the Distinct Difference Array,Interview::LeetCode,Interview::LeetCode::Extra::01 Arrays & Hashing,Arrays & Hashing,heuristic
1686038126194,Frequency Tracker,Interview::LeetCode,Interview::LeetCode::Extra::01 Arrays & Hashing,Arrays & Hashing,heuristic
1686038126196,Number of Adjacent Elements With the Same Color,Interview::LeetCode,Interview::LeetCode::Extra::01 Arrays & Hashing,Arrays & Hashing,heuristic
1686038126198,Make Costs of Paths Equal in a Binary Tree,Interview::LeetCode,Interview::LeetCode::Extra::13 1-D Dynamic Programming,1-D Dynamic Programming,heuristic
1686038126200,Split a Circular Linked List,Interview::LeetCode,Interview::LeetCode::Extra::99 Off-Roadmap::Unsorted,Unsorted,heuristic
1686038126202,Array of Objects to Matrix,Interview::LeetCode,Interview::LeetCode::Extra::99 Off-Roadmap::Unsorted,Unsorted,heuristic
1686038126204,Throttle,Interview::LeetCode,Interview::LeetCode::Extra::99 Off-Roadmap::Unsorted,Unsorted,heuristic
1686038126206,Chunk Array,Interview::LeetCode,Interview::LeetCode::Extra::99 Off-Roadmap::Unsorted,Unsorted,heuristic
1686038126208,Number of Senior Citizens,Interview::LeetCode,Interview::LeetCode::Extra::01 Arrays & Hashing,Arrays & Hashing,heuristic
1686038126210,Sum in a Matrix,Interview::LeetCode,Interview::LeetCode::Extra::08 Heap - Priority Queue,Heap - Priority Queue,heuristic
1686038126212,Maximum OR,Interview::LeetCode,Interview::LeetCode::Extra::15 Greedy,Greedy,heuristic
1686038126214,Power of Heroes,Interview::LeetCode,Interview::LeetCode::Extra::17 Math & Geometry,Math & Geometry,heuristic
1686038126216,Find the Losers of the Circular Game,Interview::LeetCode,Interview::LeetCode::Extra::01 Arrays & Hashing,Arrays & Hashing,heuristic
1686038126218,Neighboring Bitwise XOR,Interview::LeetCode,Interview::LeetCode::Extra::18 Bit Manipulation,Bit Manipulation,heuristic
1686038126220,Maximum Number of Moves in a Grid,Interview::LeetCode,Interview::LeetCode::Extra::14 2-D Dynamic Programming,2-D Dynamic Programming,heuristic
1686038126222,Count the Number of Complete Components,Interview::LeetCode,Interview::LeetCode::Extra::11 Graphs,Graphs,heuristic
1686038126224,Immediate Food Delivery III,Interview::LeetCode,Interview::LeetCode::Extra::99 Off-Roadmap::SQL & Database,SQL & Database,heuristic
1686038126226,Bikes Last Time Used ,Interview::LeetCode,Interview::LeetCode::Extra::99 Off-Roadmap::SQL & Database,SQL & Database,heuristic
1686038126228,Find Active Users,Interview::LeetCode,Interview::LeetCode::Extra::99 Off-Roadmap::SQL & Database,SQL & Database,heuristic
1686038126230,Extract Kth Character From The Rope Tree,Interview::LeetCode,Interview::LeetCode::Extra::07 Trees,Trees,heuristic
1686038126232,Infinite Method Object,Interview::LeetCode,Interview::LeetCode::Extra::99 Off-Roadmap::Unsorted,Unsorted,heuristic
1686038126234,Immutability Helper,Interview::LeetCode,Interview::LeetCode::Extra::99 Off-Roadmap::Unsorted,Unsorted,heuristic
1686038126236,Make Object Immutable,Interview::LeetCode,Interview::LeetCode::Extra::99 Off-Roadmap::Unsorted,Unsorted,heuristic
1686038126238,Call Function with Custom Context,Interview::LeetCode,Interview::LeetCode::Extra::99 Off-Roadmap::Unsorted,Unsorted,heuristic
1686038126240,Event Emitter,Interview::LeetCode,Interview::LeetCode::Extra::99 Off-Roadmap::Unsorted,Unsorted,heuristic
1686038126242,Array Wrapper,Interview::LeetCode,Interview::LeetCode::Extra::99 Off-Roadmap::Unsorted,Unsorted,heuristic
1686038126244,Minimum String Length After Removing Substrings,Interview::LeetCode,Interview::LeetCode::Extra::04 Stack,Stack,heuristic
1686038126246,Lexicographically Smallest Palindrome,Interview::LeetCode,Interview::LeetCode::Extra::02 Two Pointers,Two Pointers,heuristic
1686038126248,Find the Punishment Number of an Integer,Interview::LeetCode,Interview::LeetCode::Extra::17 Math & Geometry,Math & Geometry,heuristic
1686038126250,Modify Graph Edge Weights,Interview::LeetCode,Interview::LeetCode::Extra::12 Advanced Graphs,Advanced Graphs,heuristic
1686038126252,Differences Between Two Objects,Interview::LeetCode,Interview::LeetCode::Extra::99 Off-Roadmap::Unsorted,Unsorted,heuristic
1686038126254,Consecutive Transactions with Increasing Amounts,Interview::LeetCode,Interview::LeetCode::Extra::99 Off-Roadmap::SQL & Database,SQL & Database,heuristic
1686038126256,Minimum Operations to Make Numbers Non-positive,Interview::LeetCode,Interview::LeetCode::Extra::05 Binary Search,Binary Search,heuristic
1686038126258,Return Length of Arguments Passed,Interview::LeetCode,Interview::LeetCode::Extra::99 Off-Roadmap::Unsorted,Unsorted,heuristic
1686038126260,To Be Or Not To Be,Interview::LeetCode,Interview::LeetCode::Extra::99 Off-Roadmap::Unsorted,Unsorted,heuristic
1686038126262,Compact Object,Interview::LeetCode,Interview::LeetCode::Extra::99 Off-Roadmap::Unsorted,Unsorted,heuristic
1686038126264,Buy Two Chocolates,Interview::LeetCode,Interview::LeetCode::Extra::01 Arrays & Hashing,Arrays & Hashing,heuristic
1686038126266,Extra Characters in a String,Interview::LeetCode,Interview::LeetCode::Extra::10 Tries,Tries,heuristic
1686038126268,Maximum Strength of a Group,Interview::LeetCode,Interview::LeetCode::Extra::15 Greedy,Greedy,heuristic
1686038126270,Greatest Common Divisor Traversal,Interview::LeetCode,Interview::LeetCode::Extra::11 Graphs,Graphs,heuristic
1686038126272,Remove Trailing Zeros From a String,Interview::LeetCode,Interview::LeetCode::Extra::01 Arrays & Hashing,Arrays & Hashing,heuristic
1686038126274,Difference of Number of Distinct Values on Diagonals,Interview::LeetCode,Interview::LeetCode::Extra::17 Math & Geometry,Math & Geometry,heuristic
1686038126276,Minimum Cost to Make All Characters Equal,Interview::LeetCode,Interview::LeetCode::Extra::13 1-D Dynamic Programming,1-D Dynamic Programming,heuristic
1686038126278,Maximum Strictly Increasing Cells in a Matrix,Interview::LeetCode,Interview::LeetCode::Extra::14 2-D Dynamic Programming,2-D Dynamic Programming,heuristic
1686038126280,Find Shortest Path with K Hops,Interview::LeetCode,Interview::LeetCode::Extra::12 Advanced Graphs,Advanced Graphs,heuristic
1686038126282,Execute Cancellable Function With Delay,Interview::LeetCode,Interview::LeetCode::Extra::99 Off-Roadmap::Unsorted,Unsorted,heuristic
1686038126284,Minimize String Length,Interview::LeetCode,Interview::LeetCode::Extra::01 Arrays & Hashing,Arrays & Hashing,heuristic
1686038126286,Semi-Ordered Permutation,Interview::LeetCode,Interview::LeetCode::Extra::01 Arrays & Hashing,Arrays & Hashing,heuristic
1686038126288,Sum of Matrix After Queries,Interview::LeetCode,Interview::LeetCode::Extra::01 Arrays & Hashing,Arrays & Hashing,heuristic
1686038126290,Count of Integers,Interview::LeetCode,Interview::LeetCode::Extra::13 1-D Dynamic Programming,1-D Dynamic Programming,heuristic
1686038120864,Zigzag Conversion,Interview::LeetCode,Interview::LeetCode::Extra::01 Arrays & Hashing,Arrays & Hashing,heuristic
